2026.01.17 05:51:59 WARN  Using H2 2.4.240 which is newer than the version Flyway has been verified with. The latest verified version of H2 is 2.3.232.
2026.01.17 05:52:00 INFO  no build target found for D:\SFBU\Spring_semester_2026\CS570\Coursera_course\scala-project\src\main\scala\example\example.worksheet.sc. Using presentation compiler with project's scala-library version: 3.3.6
2026.01.17 05:52:04 INFO  no build target found for D:\SFBU\Spring_semester_2026\CS570\Coursera_course\scala-project\src\main\scala\example\example.worksheet.sc. Using presentation compiler with project's scala-library version: 3.3.6
2026.01.17 05:52:04 INFO  no build target found for D:\SFBU\Spring_semester_2026\CS570\Coursera_course\scala-project\src\main\scala\example\example.worksheet.sc. Using presentation compiler with project's scala-library version: 3.3.6
Jan 17, 2026 5:52:04 AM org.eclipse.lsp4j.jsonrpc.RemoteEndpoint handleCancellation
WARNING: Unmatched cancel notification for request id 1
2026.01.17 05:52:04 INFO  no build target found for D:\SFBU\Spring_semester_2026\CS570\Coursera_course\scala-project\src\main\scala\example\example.worksheet.sc. Using presentation compiler with project's scala-library version: 3.3.6
Jan 17, 2026 5:52:04 AM org.eclipse.lsp4j.jsonrpc.RemoteEndpoint handleCancellation
WARNING: Unmatched cancel notification for request id 8
2026.01.17 05:52:04 INFO  no build target found for D:\SFBU\Spring_semester_2026\CS570\Coursera_course\scala-project\src\main\scala\example\example.worksheet.sc. Using presentation compiler with project's scala-library version: 3.3.6
Jan 17, 2026 5:52:05 AM org.eclipse.lsp4j.jsonrpc.RemoteEndpoint handleCancellation
WARNING: Unmatched cancel notification for request id 9
2026.01.17 05:52:04 INFO  no build target found for D:\SFBU\Spring_semester_2026\CS570\Coursera_course\scala-project\src\main\scala\example\example.worksheet.sc. Using presentation compiler with project's scala-library version: 3.3.6
2026.01.17 05:52:05 INFO  no build target found for D:\SFBU\Spring_semester_2026\CS570\Coursera_course\scala-project\src\main\scala\example\example.worksheet.sc. Using presentation compiler with project's scala-library version: 3.3.6
2026.01.17 05:52:05 INFO  time: evaluated worksheet 'example.worksheet.sc' in 1.03s
2026.01.17 05:52:05 WARN  no build target for: D:\SFBU\Spring_semester_2026\CS570\Coursera_course\scala-project\src\main\scala\example\example.worksheet.sc
2026.01.17 05:52:06 INFO  no build target found for D:\SFBU\Spring_semester_2026\CS570\Coursera_course\scala-project\src\main\scala\example\example.worksheet.sc. Using presentation compiler with project's scala-library version: 3.3.6
2026.01.17 05:52:07 INFO  no build target found for D:\SFBU\Spring_semester_2026\CS570\Coursera_course\scala-project\src\main\scala\example\example.worksheet.sc. Using presentation compiler with project's scala-library version: 3.3.6
2026.01.17 05:52:07 INFO  no build target found for D:\SFBU\Spring_semester_2026\CS570\Coursera_course\scala-project\src\main\scala\example\example.worksheet.sc. Using presentation compiler with project's scala-library version: 3.3.6
2026.01.17 05:52:07 INFO  Running List(C:\Users\werka\AppData\Local\Coursier\data\bin\scala-cli.BAT, setup-ide, D:\SFBU\Spring_semester_2026\CS570)
2026.01.17 05:52:07 WARN  no build target for: D:\SFBU\Spring_semester_2026\CS570\Coursera_course\scala-project\src\main\scala\example\example.worksheet.sc
2026.01.17 05:52:07 INFO  no build target found for D:\SFBU\Spring_semester_2026\CS570\Coursera_course\scala-project\src\main\scala\example\example.worksheet.sc. Using presentation compiler with project's scala-library version: 3.3.6
2026.01.17 05:52:08 INFO  Attempting to connect to the build server...
2026.01.17 05:52:08 INFO  Running BSP server List(C:\Users\werka\AppData\Local\Coursier\data\bin\.scala-cli.aux.exe, bsp, --json-options, D:\SFBU\Spring_semester_2026\CS570\.scala-build\ide-options-v2.json, --json-launcher-options, D:\SFBU\Spring_semester_2026\CS570\.scala-build\ide-launcher-options.json, --envs-file, D:\SFBU\Spring_semester_2026\CS570\.scala-build\ide-envs.json, D:\SFBU\Spring_semester_2026\CS570)
2026.01.17 05:52:08 INFO  tracing is disabled for protocol BSP, to enable tracing of incoming and outgoing JSON messages create an empty file at D:\SFBU\Spring_semester_2026\CS570\.metals\bsp.trace.json or C:\Users\werka\AppData\Local\scalameta\metals\cache\bsp.trace.json
2026.01.17 05:52:08 INFO  no build target found for D:\SFBU\Spring_semester_2026\CS570\Coursera_course\scala-project\src\main\scala\example\example.worksheet.sc. Using presentation compiler with project's scala-library version: 3.3.6
2026.01.17 05:52:12 INFO  BSP server: Checking https://github.com/coursier/jvm-index/raw/master/index.json
2026.01.17 05:52:12 INFO  BSP server: Checked https://github.com/coursier/jvm-index/raw/master/index.json
2026.01.17 05:52:12 INFO  BSP server: Downloading https://github.com/coursier/jvm-index/raw/master/index.json
2026.01.17 05:52:12 INFO  no build target found for D:\SFBU\Spring_semester_2026\CS570\Coursera_course\scala-project\src\main\scala\example\example.worksheet.sc. Using presentation compiler with project's scala-library version: 3.3.6
2026.01.17 05:52:12 INFO  BSP server: Downloaded https://github.com/coursier/jvm-index/raw/master/index.json
2026.01.17 05:52:12 INFO  BSP server: Downloading https://github.com/adoptium/temurin17-binaries/releases/download/jdk-17.0.17%2B10/OpenJDK17U-jdk_x64_windows_hotspot_17.0.17_10.zip
2026.01.17 05:52:14 INFO  no build target found for D:\SFBU\Spring_semester_2026\CS570\Coursera_course\scala-project\src\main\scala\example\example.worksheet.sc. Using presentation compiler with project's scala-library version: 3.3.6
2026.01.17 05:52:19 INFO  time: evaluated worksheet 'example.worksheet.sc' in 0.93s
2026.01.17 05:52:19 INFO  time: evaluated worksheet 'example.worksheet.sc' in 0.81s
2026.01.17 05:52:21 INFO  BSP server: Downloaded https://github.com/adoptium/temurin17-binaries/releases/download/jdk-17.0.17%2B10/OpenJDK17U-jdk_x64_windows_hotspot_17.0.17_10.zip
2026.01.17 05:52:31 INFO  BSP server: Downloading https://oss.sonatype.org/content/repositories/snapshots/ch/epfl/scala/bloop-frontend_2.12/2.0.17/bloop-frontend_2.12-2.0.17.pom
2026.01.17 05:52:31 INFO  BSP server: Failed to download https://oss.sonatype.org/content/repositories/snapshots/ch/epfl/scala/bloop-frontend_2.12/2.0.17/bloop-frontend_2.12-2.0.17.pom
2026.01.17 05:52:31 INFO  BSP server: Downloading https://oss.sonatype.org/content/repositories/snapshots/ch/epfl/scala/bloop-frontend_2.12/2.0.17/bloop-frontend_2.12-2.0.17.pom.sha1
2026.01.17 05:52:31 INFO  BSP server: Failed to download https://oss.sonatype.org/content/repositories/snapshots/ch/epfl/scala/bloop-frontend_2.12/2.0.17/bloop-frontend_2.12-2.0.17.pom.sha1
2026.01.17 05:52:31 INFO  BSP server: Downloading https://s01.oss.sonatype.org/content/repositories/snapshots/ch/epfl/scala/bloop-frontend_2.12/2.0.17/bloop-frontend_2.12-2.0.17.pom
2026.01.17 05:52:31 INFO  BSP server: Failed to download https://s01.oss.sonatype.org/content/repositories/snapshots/ch/epfl/scala/bloop-frontend_2.12/2.0.17/bloop-frontend_2.12-2.0.17.pom
2026.01.17 05:52:31 INFO  BSP server: Downloading https://s01.oss.sonatype.org/content/repositories/snapshots/ch/epfl/scala/bloop-frontend_2.12/2.0.17/bloop-frontend_2.12-2.0.17.pom.sha1
2026.01.17 05:52:32 INFO  BSP server: Failed to download https://s01.oss.sonatype.org/content/repositories/snapshots/ch/epfl/scala/bloop-frontend_2.12/2.0.17/bloop-frontend_2.12-2.0.17.pom.sha1
2026.01.17 05:52:32 INFO  BSP server: Downloading https://central.sonatype.com/repository/maven-snapshots/ch/epfl/scala/bloop-frontend_2.12/2.0.17/bloop-frontend_2.12-2.0.17.pom
2026.01.17 05:52:32 INFO  BSP server: Failed to download https://central.sonatype.com/repository/maven-snapshots/ch/epfl/scala/bloop-frontend_2.12/2.0.17/bloop-frontend_2.12-2.0.17.pom
2026.01.17 05:52:32 INFO  BSP server: Downloading https://central.sonatype.com/repository/maven-snapshots/ch/epfl/scala/bloop-frontend_2.12/2.0.17/bloop-frontend_2.12-2.0.17.pom.sha1
2026.01.17 05:52:32 INFO  BSP server: Failed to download https://central.sonatype.com/repository/maven-snapshots/ch/epfl/scala/bloop-frontend_2.12/2.0.17/bloop-frontend_2.12-2.0.17.pom.sha1
2026.01.17 05:52:32 INFO  BSP server: Downloading https://repo.scala-lang.org/artifactory/maven-nightlies/ch/epfl/scala/bloop-frontend_2.12/2.0.17/bloop-frontend_2.12-2.0.17.pom
2026.01.17 05:52:33 INFO  BSP server: Downloaded https://repo.scala-lang.org/artifactory/maven-nightlies/ch/epfl/scala/bloop-frontend_2.12/2.0.17/bloop-frontend_2.12-2.0.17.pom
2026.01.17 05:52:33 INFO  BSP server: Downloading https://oss.sonatype.org/content/repositories/snapshots/ch/epfl/scala/bloop-shared_2.12/2.0.17/bloop-shared_2.12-2.0.17.pom
2026.01.17 05:52:33 INFO  BSP server: Downloading https://oss.sonatype.org/content/repositories/snapshots/io/monix/monix_2.12/3.2.0/monix_2.12-3.2.0.pom
2026.01.17 05:52:33 INFO  BSP server: Downloading https://oss.sonatype.org/content/repositories/snapshots/com/github/alexarchambault/case-app_2.12/2.0.6/case-app_2.12-2.0.6.pom
2026.01.17 05:52:33 INFO  BSP server: Downloading https://oss.sonatype.org/content/repositories/snapshots/ch/epfl/scala/bloop-config_2.12/2.3.3/bloop-config_2.12-2.3.3.pom
2026.01.17 05:52:33 INFO  BSP server: Downloading https://oss.sonatype.org/content/repositories/snapshots/org/scalaz/scalaz-core_2.12/7.3.8/scalaz-core_2.12-7.3.8.pom
2026.01.17 05:52:33 INFO  BSP server: Downloading https://oss.sonatype.org/content/repositories/snapshots/ch/qos/logback/logback-classic/1.5.21/logback-classic-1.5.21.pom
2026.01.17 05:52:33 INFO  BSP server: Failed to download https://oss.sonatype.org/content/repositories/snapshots/ch/epfl/scala/bloop-shared_2.12/2.0.17/bloop-shared_2.12-2.0.17.pom
2026.01.17 05:52:33 INFO  BSP server: Downloading https://oss.sonatype.org/content/repositories/snapshots/ch/epfl/scala/bloop-shared_2.12/2.0.17/bloop-shared_2.12-2.0.17.pom.sha1
2026.01.17 05:52:33 INFO  BSP server: Failed to download https://oss.sonatype.org/content/repositories/snapshots/ch/epfl/scala/bloop-shared_2.12/2.0.17/bloop-shared_2.12-2.0.17.pom.sha1
2026.01.17 05:52:33 INFO  BSP server: Downloading https://oss.sonatype.org/content/repositories/snapshots/ch/epfl/scala/libdaemon_2.12/0.0.12/libdaemon_2.12-0.0.12.pom
2026.01.17 05:52:33 INFO  BSP server: Failed to download https://oss.sonatype.org/content/repositories/snapshots/io/monix/monix_2.12/3.2.0/monix_2.12-3.2.0.pom
2026.01.17 05:52:33 INFO  BSP server: Downloading https://oss.sonatype.org/content/repositories/snapshots/io/monix/monix_2.12/3.2.0/monix_2.12-3.2.0.pom.sha1
2026.01.17 05:52:33 INFO  BSP server: Failed to download https://oss.sonatype.org/content/repositories/snapshots/ch/epfl/scala/bloop-config_2.12/2.3.3/bloop-config_2.12-2.3.3.pom
2026.01.17 05:52:33 INFO  BSP server: Downloading https://oss.sonatype.org/content/repositories/snapshots/ch/epfl/scala/bloop-config_2.12/2.3.3/bloop-config_2.12-2.3.3.pom.sha1
2026.01.17 05:52:33 INFO  BSP server: Failed to download https://oss.sonatype.org/content/repositories/snapshots/com/github/alexarchambault/case-app_2.12/2.0.6/case-app_2.12-2.0.6.pom
2026.01.17 05:52:33 INFO  BSP server: Downloading https://s01.oss.sonatype.org/content/repositories/snapshots/ch/epfl/scala/bloop-shared_2.12/2.0.17/bloop-shared_2.12-2.0.17.pom
2026.01.17 05:52:33 INFO  BSP server: Failed to download https://oss.sonatype.org/content/repositories/snapshots/org/scalaz/scalaz-core_2.12/7.3.8/scalaz-core_2.12-7.3.8.pom
2026.01.17 05:52:33 INFO  BSP server: Downloading https://oss.sonatype.org/content/repositories/snapshots/com/github/alexarchambault/case-app_2.12/2.0.6/case-app_2.12-2.0.6.pom.sha1
2026.01.17 05:52:33 INFO  BSP server: Failed to download https://oss.sonatype.org/content/repositories/snapshots/ch/qos/logback/logback-classic/1.5.21/logback-classic-1.5.21.pom
2026.01.17 05:52:33 INFO  BSP server: Downloading https://oss.sonatype.org/content/repositories/snapshots/org/scalaz/scalaz-core_2.12/7.3.8/scalaz-core_2.12-7.3.8.pom.sha1
2026.01.17 05:52:33 INFO  BSP server: Failed to download https://oss.sonatype.org/content/repositories/snapshots/com/github/alexarchambault/case-app_2.12/2.0.6/case-app_2.12-2.0.6.pom.sha1
2026.01.17 05:52:33 INFO  BSP server: Failed to download https://oss.sonatype.org/content/repositories/snapshots/ch/epfl/scala/bloop-config_2.12/2.3.3/bloop-config_2.12-2.3.3.pom.sha1
2026.01.17 05:52:33 INFO  BSP server: Failed to download https://oss.sonatype.org/content/repositories/snapshots/io/monix/monix_2.12/3.2.0/monix_2.12-3.2.0.pom.sha1
2026.01.17 05:52:33 INFO  BSP server: Failed to download https://oss.sonatype.org/content/repositories/snapshots/org/scalaz/scalaz-core_2.12/7.3.8/scalaz-core_2.12-7.3.8.pom.sha1
2026.01.17 05:52:33 INFO  BSP server: Downloading https://oss.sonatype.org/content/repositories/snapshots/ch/qos/logback/logback-classic/1.5.21/logback-classic-1.5.21.pom.sha1
2026.01.17 05:52:33 INFO  BSP server: Downloading https://oss.sonatype.org/content/repositories/snapshots/org/scala-lang/scala-library/2.12.20/scala-library-2.12.20.pom
2026.01.17 05:52:33 INFO  BSP server: Downloading https://oss.sonatype.org/content/repositories/snapshots/ch/epfl/scala/bloop-backend_2.12/2.0.17/bloop-backend_2.12-2.0.17.pom
2026.01.17 05:52:33 INFO  BSP server: Downloading https://s01.oss.sonatype.org/content/repositories/snapshots/ch/epfl/scala/bloop-config_2.12/2.3.3/bloop-config_2.12-2.3.3.pom
2026.01.17 05:52:33 INFO  BSP server: Failed to download https://s01.oss.sonatype.org/content/repositories/snapshots/ch/epfl/scala/bloop-shared_2.12/2.0.17/bloop-shared_2.12-2.0.17.pom
2026.01.17 05:52:33 INFO  BSP server: Downloading https://s01.oss.sonatype.org/content/repositories/snapshots/org/scalaz/scalaz-core_2.12/7.3.8/scalaz-core_2.12-7.3.8.pom
2026.01.17 05:52:33 INFO  BSP server: Failed to download https://oss.sonatype.org/content/repositories/snapshots/org/scala-lang/scala-library/2.12.20/scala-library-2.12.20.pom
2026.01.17 05:52:33 INFO  BSP server: Downloading https://s01.oss.sonatype.org/content/repositories/snapshots/com/github/alexarchambault/case-app_2.12/2.0.6/case-app_2.12-2.0.6.pom
2026.01.17 05:52:33 INFO  BSP server: Failed to download https://oss.sonatype.org/content/repositories/snapshots/ch/qos/logback/logback-classic/1.5.21/logback-classic-1.5.21.pom.sha1
2026.01.17 05:52:33 INFO  BSP server: Downloading https://s01.oss.sonatype.org/content/repositories/snapshots/io/monix/monix_2.12/3.2.0/monix_2.12-3.2.0.pom
2026.01.17 05:52:33 INFO  BSP server: Failed to download https://oss.sonatype.org/content/repositories/snapshots/ch/epfl/scala/bloop-backend_2.12/2.0.17/bloop-backend_2.12-2.0.17.pom
2026.01.17 05:52:33 INFO  BSP server: Downloading https://s01.oss.sonatype.org/content/repositories/snapshots/ch/epfl/scala/bloop-shared_2.12/2.0.17/bloop-shared_2.12-2.0.17.pom.sha1
2026.01.17 05:52:33 INFO  BSP server: (watching) Failed to download https://oss.sonatype.org/content/repositories/snapshots/ch/epfl/scala/libdaemon_2.12/0.0.12/libdaemon_2.12-0.0.12.pom
2026.01.17 05:52:33 INFO  BSP server: Downloading https://oss.sonatype.org/content/repositories/snapshots/org/scala-lang/scala-library/2.12.20/scala-library-2.12.20.pom.sha1
2026.01.17 05:52:33 INFO  BSP server: Failed to download https://s01.oss.sonatype.org/content/repositories/snapshots/ch/epfl/scala/bloop-config_2.12/2.3.3/bloop-config_2.12-2.3.3.pom
2026.01.17 05:52:33 INFO  BSP server: Downloading https://oss.sonatype.org/content/repositories/snapshots/ch/epfl/scala/bloop-backend_2.12/2.0.17/bloop-backend_2.12-2.0.17.pom.sha1
2026.01.17 05:52:33 INFO  BSP server: Failed to download https://oss.sonatype.org/content/repositories/snapshots/org/scala-lang/scala-library/2.12.20/scala-library-2.12.20.pom.sha1
2026.01.17 05:52:33 INFO  BSP server: Downloading https://oss.sonatype.org/content/repositories/snapshots/ch/epfl/scala/libdaemon_2.12/0.0.12/libdaemon_2.12-0.0.12.pom.sha1
2026.01.17 05:52:33 INFO  BSP server: Failed to download https://s01.oss.sonatype.org/content/repositories/snapshots/com/github/alexarchambault/case-app_2.12/2.0.6/case-app_2.12-2.0.6.pom
2026.01.17 05:52:33 INFO  BSP server: Downloading https://s01.oss.sonatype.org/content/repositories/snapshots/ch/epfl/scala/bloop-config_2.12/2.3.3/bloop-config_2.12-2.3.3.pom.sha1
2026.01.17 05:52:33 INFO  BSP server: Failed to download https://s01.oss.sonatype.org/content/repositories/snapshots/org/scalaz/scalaz-core_2.12/7.3.8/scalaz-core_2.12-7.3.8.pom
2026.01.17 05:52:33 INFO  BSP server: Downloading https://s01.oss.sonatype.org/content/repositories/snapshots/ch/qos/logback/logback-classic/1.5.21/logback-classic-1.5.21.pom
2026.01.17 05:52:33 INFO  BSP server: Failed to download https://oss.sonatype.org/content/repositories/snapshots/ch/epfl/scala/bloop-backend_2.12/2.0.17/bloop-backend_2.12-2.0.17.pom.sha1
2026.01.17 05:52:33 INFO  BSP server: Downloading https://s01.oss.sonatype.org/content/repositories/snapshots/com/github/alexarchambault/case-app_2.12/2.0.6/case-app_2.12-2.0.6.pom.sha1
2026.01.17 05:52:33 INFO  BSP server: Failed to download https://oss.sonatype.org/content/repositories/snapshots/ch/epfl/scala/libdaemon_2.12/0.0.12/libdaemon_2.12-0.0.12.pom.sha1
2026.01.17 05:52:33 INFO  BSP server: Downloading https://s01.oss.sonatype.org/content/repositories/snapshots/org/scalaz/scalaz-core_2.12/7.3.8/scalaz-core_2.12-7.3.8.pom.sha1
2026.01.17 05:52:33 INFO  BSP server: Failed to download https://s01.oss.sonatype.org/content/repositories/snapshots/ch/epfl/scala/bloop-shared_2.12/2.0.17/bloop-shared_2.12-2.0.17.pom.sha1
2026.01.17 05:52:33 INFO  BSP server: Failed to download https://s01.oss.sonatype.org/content/repositories/snapshots/io/monix/monix_2.12/3.2.0/monix_2.12-3.2.0.pom
2026.01.17 05:52:33 INFO  BSP server: Downloading https://s01.oss.sonatype.org/content/repositories/snapshots/org/scala-lang/scala-library/2.12.20/scala-library-2.12.20.pom
2026.01.17 05:52:33 INFO  BSP server: Downloading https://s01.oss.sonatype.org/content/repositories/snapshots/io/monix/monix_2.12/3.2.0/monix_2.12-3.2.0.pom.sha1
2026.01.17 05:52:33 INFO  BSP server: Failed to download https://s01.oss.sonatype.org/content/repositories/snapshots/com/github/alexarchambault/case-app_2.12/2.0.6/case-app_2.12-2.0.6.pom.sha1
2026.01.17 05:52:33 INFO  BSP server: Downloading https://oss.sonatype.org/content/repositories/snapshots/ch/epfl/scala/scala-debug-adapter_2.12/4.2.8/scala-debug-adapter_2.12-4.2.8.pom
2026.01.17 05:52:34 INFO  BSP server: Failed to download https://s01.oss.sonatype.org/content/repositories/snapshots/org/scalaz/scalaz-core_2.12/7.3.8/scalaz-core_2.12-7.3.8.pom.sha1
2026.01.17 05:52:34 INFO  BSP server: Downloading https://s01.oss.sonatype.org/content/repositories/snapshots/ch/epfl/scala/bloop-backend_2.12/2.0.17/bloop-backend_2.12-2.0.17.pom
2026.01.17 05:52:34 INFO  BSP server: Failed to download https://s01.oss.sonatype.org/content/repositories/snapshots/ch/qos/logback/logback-classic/1.5.21/logback-classic-1.5.21.pom
2026.01.17 05:52:34 INFO  BSP server: Downloading https://central.sonatype.com/repository/maven-snapshots/ch/epfl/scala/bloop-shared_2.12/2.0.17/bloop-shared_2.12-2.0.17.pom
2026.01.17 05:52:34 INFO  BSP server: Failed to download https://s01.oss.sonatype.org/content/repositories/snapshots/ch/epfl/scala/bloop-config_2.12/2.3.3/bloop-config_2.12-2.3.3.pom.sha1
2026.01.17 05:52:34 INFO  BSP server: Downloading https://s01.oss.sonatype.org/content/repositories/snapshots/ch/epfl/scala/libdaemon_2.12/0.0.12/libdaemon_2.12-0.0.12.pom
2026.01.17 05:52:34 INFO  BSP server: Failed to download https://s01.oss.sonatype.org/content/repositories/snapshots/io/monix/monix_2.12/3.2.0/monix_2.12-3.2.0.pom.sha1
2026.01.17 05:52:34 INFO  BSP server: Downloading https://s01.oss.sonatype.org/content/repositories/snapshots/ch/qos/logback/logback-classic/1.5.21/logback-classic-1.5.21.pom.sha1
2026.01.17 05:52:34 INFO  BSP server: Failed to download https://oss.sonatype.org/content/repositories/snapshots/ch/epfl/scala/scala-debug-adapter_2.12/4.2.8/scala-debug-adapter_2.12-4.2.8.pom
2026.01.17 05:52:34 INFO  BSP server: Downloading https://central.sonatype.com/repository/maven-snapshots/com/github/alexarchambault/case-app_2.12/2.0.6/case-app_2.12-2.0.6.pom
2026.01.17 05:52:34 INFO  BSP server: Failed to download https://s01.oss.sonatype.org/content/repositories/snapshots/ch/epfl/scala/bloop-backend_2.12/2.0.17/bloop-backend_2.12-2.0.17.pom
2026.01.17 05:52:34 INFO  BSP server: Downloading https://central.sonatype.com/repository/maven-snapshots/org/scalaz/scalaz-core_2.12/7.3.8/scalaz-core_2.12-7.3.8.pom
2026.01.17 05:52:34 INFO  BSP server: Failed to download https://central.sonatype.com/repository/maven-snapshots/ch/epfl/scala/bloop-shared_2.12/2.0.17/bloop-shared_2.12-2.0.17.pom
2026.01.17 05:52:34 INFO  BSP server: Downloading https://oss.sonatype.org/content/repositories/snapshots/ch/epfl/scala/scala-debug-adapter_2.12/4.2.8/scala-debug-adapter_2.12-4.2.8.pom.sha1
2026.01.17 05:52:34 INFO  BSP server: Failed to download https://s01.oss.sonatype.org/content/repositories/snapshots/ch/qos/logback/logback-classic/1.5.21/logback-classic-1.5.21.pom.sha1
2026.01.17 05:52:34 INFO  BSP server: Downloading https://s01.oss.sonatype.org/content/repositories/snapshots/ch/epfl/scala/bloop-backend_2.12/2.0.17/bloop-backend_2.12-2.0.17.pom.sha1
2026.01.17 05:52:34 INFO  BSP server: Failed to download https://central.sonatype.com/repository/maven-snapshots/com/github/alexarchambault/case-app_2.12/2.0.6/case-app_2.12-2.0.6.pom
2026.01.17 05:52:34 INFO  BSP server: Downloading https://central.sonatype.com/repository/maven-snapshots/ch/epfl/scala/bloop-shared_2.12/2.0.17/bloop-shared_2.12-2.0.17.pom.sha1
2026.01.17 05:52:34 INFO  BSP server: Failed to download https://s01.oss.sonatype.org/content/repositories/snapshots/org/scala-lang/scala-library/2.12.20/scala-library-2.12.20.pom
2026.01.17 05:52:34 INFO  BSP server: Downloading https://central.sonatype.com/repository/maven-snapshots/ch/epfl/scala/bloop-config_2.12/2.3.3/bloop-config_2.12-2.3.3.pom
2026.01.17 05:52:34 INFO  BSP server: Failed to download https://oss.sonatype.org/content/repositories/snapshots/ch/epfl/scala/scala-debug-adapter_2.12/4.2.8/scala-debug-adapter_2.12-4.2.8.pom.sha1
2026.01.17 05:52:34 INFO  BSP server: Downloading https://central.sonatype.com/repository/maven-snapshots/io/monix/monix_2.12/3.2.0/monix_2.12-3.2.0.pom
2026.01.17 05:52:34 INFO  BSP server: Failed to download https://s01.oss.sonatype.org/content/repositories/snapshots/ch/epfl/scala/libdaemon_2.12/0.0.12/libdaemon_2.12-0.0.12.pom
2026.01.17 05:52:34 INFO  BSP server: Downloading https://central.sonatype.com/repository/maven-snapshots/com/github/alexarchambault/case-app_2.12/2.0.6/case-app_2.12-2.0.6.pom.sha1
2026.01.17 05:52:34 INFO  BSP server: Failed to download https://central.sonatype.com/repository/maven-snapshots/org/scalaz/scalaz-core_2.12/7.3.8/scalaz-core_2.12-7.3.8.pom
2026.01.17 05:52:34 INFO  BSP server: Failed to download https://s01.oss.sonatype.org/content/repositories/snapshots/ch/epfl/scala/bloop-backend_2.12/2.0.17/bloop-backend_2.12-2.0.17.pom.sha1
2026.01.17 05:52:34 INFO  BSP server: Downloading https://s01.oss.sonatype.org/content/repositories/snapshots/org/scala-lang/scala-library/2.12.20/scala-library-2.12.20.pom.sha1
2026.01.17 05:52:34 INFO  BSP server: Downloading https://s01.oss.sonatype.org/content/repositories/snapshots/ch/epfl/scala/libdaemon_2.12/0.0.12/libdaemon_2.12-0.0.12.pom.sha1
2026.01.17 05:52:34 INFO  BSP server: Failed to download https://central.sonatype.com/repository/maven-snapshots/ch/epfl/scala/bloop-shared_2.12/2.0.17/bloop-shared_2.12-2.0.17.pom.sha1
2026.01.17 05:52:34 INFO  BSP server: Downloading https://central.sonatype.com/repository/maven-snapshots/org/scalaz/scalaz-core_2.12/7.3.8/scalaz-core_2.12-7.3.8.pom.sha1
2026.01.17 05:52:34 INFO  BSP server: Failed to download https://central.sonatype.com/repository/maven-snapshots/ch/epfl/scala/bloop-config_2.12/2.3.3/bloop-config_2.12-2.3.3.pom
2026.01.17 05:52:34 INFO  BSP server: Downloading https://central.sonatype.com/repository/maven-snapshots/ch/qos/logback/logback-classic/1.5.21/logback-classic-1.5.21.pom
2026.01.17 05:52:34 INFO  BSP server: Failed to download https://central.sonatype.com/repository/maven-snapshots/com/github/alexarchambault/case-app_2.12/2.0.6/case-app_2.12-2.0.6.pom.sha1
2026.01.17 05:52:34 INFO  BSP server: Failed to download https://central.sonatype.com/repository/maven-snapshots/io/monix/monix_2.12/3.2.0/monix_2.12-3.2.0.pom
2026.01.17 05:52:34 INFO  BSP server: Downloading https://central.sonatype.com/repository/maven-snapshots/ch/epfl/scala/bloop-config_2.12/2.3.3/bloop-config_2.12-2.3.3.pom.sha1
2026.01.17 05:52:34 INFO  BSP server: Downloading https://s01.oss.sonatype.org/content/repositories/snapshots/ch/epfl/scala/scala-debug-adapter_2.12/4.2.8/scala-debug-adapter_2.12-4.2.8.pom
2026.01.17 05:52:34 INFO  BSP server: Failed to download https://s01.oss.sonatype.org/content/repositories/snapshots/org/scala-lang/scala-library/2.12.20/scala-library-2.12.20.pom.sha1
2026.01.17 05:52:34 INFO  BSP server: Downloading https://central.sonatype.com/repository/maven-snapshots/io/monix/monix_2.12/3.2.0/monix_2.12-3.2.0.pom.sha1
2026.01.17 05:52:34 INFO  BSP server: Failed to download https://s01.oss.sonatype.org/content/repositories/snapshots/ch/epfl/scala/libdaemon_2.12/0.0.12/libdaemon_2.12-0.0.12.pom.sha1
2026.01.17 05:52:34 INFO  BSP server: Downloading https://central.sonatype.com/repository/maven-snapshots/ch/epfl/scala/bloop-backend_2.12/2.0.17/bloop-backend_2.12-2.0.17.pom
2026.01.17 05:52:34 INFO  BSP server: Failed to download https://central.sonatype.com/repository/maven-snapshots/org/scalaz/scalaz-core_2.12/7.3.8/scalaz-core_2.12-7.3.8.pom.sha1
2026.01.17 05:52:34 INFO  BSP server: Downloading https://repo.scala-lang.org/artifactory/maven-nightlies/ch/epfl/scala/bloop-shared_2.12/2.0.17/bloop-shared_2.12-2.0.17.pom
2026.01.17 05:52:34 INFO  BSP server: Failed to download https://central.sonatype.com/repository/maven-snapshots/ch/qos/logback/logback-classic/1.5.21/logback-classic-1.5.21.pom
2026.01.17 05:52:34 INFO  BSP server: Downloading https://repo.scala-lang.org/artifactory/maven-nightlies/com/github/alexarchambault/case-app_2.12/2.0.6/case-app_2.12-2.0.6.pom
2026.01.17 05:52:34 INFO  BSP server: Failed to download https://s01.oss.sonatype.org/content/repositories/snapshots/ch/epfl/scala/scala-debug-adapter_2.12/4.2.8/scala-debug-adapter_2.12-4.2.8.pom
2026.01.17 05:52:34 INFO  BSP server: Downloading https://central.sonatype.com/repository/maven-snapshots/ch/qos/logback/logback-classic/1.5.21/logback-classic-1.5.21.pom.sha1
2026.01.17 05:52:34 INFO  BSP server: Failed to download https://central.sonatype.com/repository/maven-snapshots/io/monix/monix_2.12/3.2.0/monix_2.12-3.2.0.pom.sha1
2026.01.17 05:52:34 INFO  BSP server: Downloading https://s01.oss.sonatype.org/content/repositories/snapshots/ch/epfl/scala/scala-debug-adapter_2.12/4.2.8/scala-debug-adapter_2.12-4.2.8.pom.sha1
2026.01.17 05:52:34 INFO  BSP server: Failed to download https://central.sonatype.com/repository/maven-snapshots/ch/epfl/scala/bloop-config_2.12/2.3.3/bloop-config_2.12-2.3.3.pom.sha1
2026.01.17 05:52:34 INFO  BSP server: Downloading https://central.sonatype.com/repository/maven-snapshots/org/scala-lang/scala-library/2.12.20/scala-library-2.12.20.pom
2026.01.17 05:52:34 INFO  BSP server: Failed to download https://central.sonatype.com/repository/maven-snapshots/ch/epfl/scala/bloop-backend_2.12/2.0.17/bloop-backend_2.12-2.0.17.pom
2026.01.17 05:52:34 INFO  BSP server: Downloading https://central.sonatype.com/repository/maven-snapshots/ch/epfl/scala/libdaemon_2.12/0.0.12/libdaemon_2.12-0.0.12.pom
2026.01.17 05:52:34 INFO  BSP server: Failed to download https://s01.oss.sonatype.org/content/repositories/snapshots/ch/epfl/scala/scala-debug-adapter_2.12/4.2.8/scala-debug-adapter_2.12-4.2.8.pom.sha1
2026.01.17 05:52:34 INFO  BSP server: Downloading https://repo.scala-lang.org/artifactory/maven-nightlies/org/scalaz/scalaz-core_2.12/7.3.8/scalaz-core_2.12-7.3.8.pom
2026.01.17 05:52:34 INFO  BSP server: Failed to download https://central.sonatype.com/repository/maven-snapshots/ch/qos/logback/logback-classic/1.5.21/logback-classic-1.5.21.pom.sha1
2026.01.17 05:52:34 INFO  BSP server: Downloading https://central.sonatype.com/repository/maven-snapshots/ch/epfl/scala/bloop-backend_2.12/2.0.17/bloop-backend_2.12-2.0.17.pom.sha1
2026.01.17 05:52:34 INFO  BSP server: Failed to download https://central.sonatype.com/repository/maven-snapshots/org/scala-lang/scala-library/2.12.20/scala-library-2.12.20.pom
2026.01.17 05:52:34 INFO  BSP server: Downloading https://central.sonatype.com/repository/maven-snapshots/org/scala-lang/scala-library/2.12.20/scala-library-2.12.20.pom.sha1
2026.01.17 05:52:34 INFO  BSP server: Downloaded https://repo.scala-lang.org/artifactory/maven-nightlies/ch/epfl/scala/bloop-shared_2.12/2.0.17/bloop-shared_2.12-2.0.17.pom
2026.01.17 05:52:34 INFO  BSP server: Downloading https://repo.scala-lang.org/artifactory/maven-nightlies/io/monix/monix_2.12/3.2.0/monix_2.12-3.2.0.pom
2026.01.17 05:52:34 INFO  BSP server: Failed to download https://central.sonatype.com/repository/maven-snapshots/ch/epfl/scala/libdaemon_2.12/0.0.12/libdaemon_2.12-0.0.12.pom
2026.01.17 05:52:34 INFO  BSP server: Downloading https://repo.scala-lang.org/artifactory/maven-nightlies/ch/epfl/scala/bloop-config_2.12/2.3.3/bloop-config_2.12-2.3.3.pom
2026.01.17 05:52:35 INFO  BSP server: Failed to download https://central.sonatype.com/repository/maven-snapshots/ch/epfl/scala/bloop-backend_2.12/2.0.17/bloop-backend_2.12-2.0.17.pom.sha1
2026.01.17 05:52:35 INFO  BSP server: Downloading https://central.sonatype.com/repository/maven-snapshots/ch/epfl/scala/scala-debug-adapter_2.12/4.2.8/scala-debug-adapter_2.12-4.2.8.pom
2026.01.17 05:52:35 INFO  BSP server: Failed to download https://central.sonatype.com/repository/maven-snapshots/org/scala-lang/scala-library/2.12.20/scala-library-2.12.20.pom.sha1
2026.01.17 05:52:35 INFO  BSP server: Downloading https://central.sonatype.com/repository/maven-snapshots/ch/epfl/scala/libdaemon_2.12/0.0.12/libdaemon_2.12-0.0.12.pom.sha1
2026.01.17 05:52:35 INFO  BSP server: Downloaded https://repo.scala-lang.org/artifactory/maven-nightlies/org/scalaz/scalaz-core_2.12/7.3.8/scalaz-core_2.12-7.3.8.pom
2026.01.17 05:52:35 INFO  BSP server: Downloading https://repo.scala-lang.org/artifactory/maven-nightlies/ch/qos/logback/logback-classic/1.5.21/logback-classic-1.5.21.pom
2026.01.17 05:52:35 INFO  BSP server: Failed to download https://central.sonatype.com/repository/maven-snapshots/ch/epfl/scala/scala-debug-adapter_2.12/4.2.8/scala-debug-adapter_2.12-4.2.8.pom
2026.01.17 05:52:35 INFO  BSP server: Downloading https://central.sonatype.com/repository/maven-snapshots/ch/epfl/scala/scala-debug-adapter_2.12/4.2.8/scala-debug-adapter_2.12-4.2.8.pom.sha1
2026.01.17 05:52:35 INFO  BSP server: Failed to download https://central.sonatype.com/repository/maven-snapshots/ch/epfl/scala/libdaemon_2.12/0.0.12/libdaemon_2.12-0.0.12.pom.sha1
2026.01.17 05:52:35 INFO  BSP server: Downloading https://repo.scala-lang.org/artifactory/maven-nightlies/org/scalaz/scalaz-core_2.12/7.3.8/scalaz-core_2.12-7.3.8.pom.sha1
2026.01.17 05:52:35 INFO  BSP server: Downloaded https://repo.scala-lang.org/artifactory/maven-nightlies/com/github/alexarchambault/case-app_2.12/2.0.6/case-app_2.12-2.0.6.pom
2026.01.17 05:52:35 INFO  BSP server: Downloading https://repo.scala-lang.org/artifactory/maven-nightlies/ch/epfl/scala/bloop-backend_2.12/2.0.17/bloop-backend_2.12-2.0.17.pom
2026.01.17 05:52:35 INFO  BSP server: Failed to download https://central.sonatype.com/repository/maven-snapshots/ch/epfl/scala/scala-debug-adapter_2.12/4.2.8/scala-debug-adapter_2.12-4.2.8.pom.sha1
2026.01.17 05:52:35 INFO  BSP server: Downloading https://repo.scala-lang.org/artifactory/maven-nightlies/com/github/alexarchambault/case-app_2.12/2.0.6/case-app_2.12-2.0.6.pom.sha1
2026.01.17 05:52:35 INFO  BSP server: Downloaded https://repo.scala-lang.org/artifactory/maven-nightlies/ch/qos/logback/logback-classic/1.5.21/logback-classic-1.5.21.pom
2026.01.17 05:52:35 INFO  BSP server: Downloading https://repo.scala-lang.org/artifactory/maven-nightlies/org/scala-lang/scala-library/2.12.20/scala-library-2.12.20.pom.sha1
2026.01.17 05:52:35 INFO  BSP server: Downloaded https://repo.scala-lang.org/artifactory/maven-nightlies/io/monix/monix_2.12/3.2.0/monix_2.12-3.2.0.pom
2026.01.17 05:52:35 INFO  BSP server: Downloading https://repo.scala-lang.org/artifactory/maven-nightlies/ch/qos/logback/logback-classic/1.5.21/logback-classic-1.5.21.pom.sha1
2026.01.17 05:52:35 INFO  BSP server: Downloaded https://repo.scala-lang.org/artifactory/maven-nightlies/org/scalaz/scalaz-core_2.12/7.3.8/scalaz-core_2.12-7.3.8.pom.sha1
2026.01.17 05:52:35 INFO  BSP server: Downloading https://repo.scala-lang.org/artifactory/maven-nightlies/ch/epfl/scala/libdaemon_2.12/0.0.12/libdaemon_2.12-0.0.12.pom.sha1
2026.01.17 05:52:35 INFO  BSP server: Downloaded https://repo.scala-lang.org/artifactory/maven-nightlies/ch/epfl/scala/bloop-config_2.12/2.3.3/bloop-config_2.12-2.3.3.pom
2026.01.17 05:52:35 INFO  BSP server: Downloading https://repo.scala-lang.org/artifactory/maven-nightlies/io/monix/monix_2.12/3.2.0/monix_2.12-3.2.0.pom.sha1
2026.01.17 05:52:35 INFO  BSP server: Downloaded https://repo.scala-lang.org/artifactory/maven-nightlies/com/github/alexarchambault/case-app_2.12/2.0.6/case-app_2.12-2.0.6.pom.sha1
2026.01.17 05:52:35 INFO  BSP server: Downloading https://repo.scala-lang.org/artifactory/maven-nightlies/ch/epfl/scala/scala-debug-adapter_2.12/4.2.8/scala-debug-adapter_2.12-4.2.8.pom
2026.01.17 05:52:35 INFO  BSP server: Downloaded https://repo.scala-lang.org/artifactory/maven-nightlies/ch/epfl/scala/scala-debug-adapter_2.12/4.2.8/scala-debug-adapter_2.12-4.2.8.pom
2026.01.17 05:52:35 INFO  BSP server: Downloading https://repo.scala-lang.org/artifactory/maven-nightlies/ch/epfl/scala/bloop-config_2.12/2.3.3/bloop-config_2.12-2.3.3.pom.sha1
2026.01.17 05:52:35 INFO  BSP server: (watching) Downloaded https://repo.scala-lang.org/artifactory/maven-nightlies/ch/epfl/scala/libdaemon_2.12/0.0.12/libdaemon_2.12-0.0.12.pom.sha1
2026.01.17 05:52:35 INFO  BSP server: Downloaded https://repo.scala-lang.org/artifactory/maven-nightlies/ch/qos/logback/logback-classic/1.5.21/logback-classic-1.5.21.pom.sha1
2026.01.17 05:52:35 INFO  BSP server: Downloaded https://repo.scala-lang.org/artifactory/maven-nightlies/ch/epfl/scala/bloop-backend_2.12/2.0.17/bloop-backend_2.12-2.0.17.pom
2026.01.17 05:52:35 INFO  BSP server: Downloaded https://repo.scala-lang.org/artifactory/maven-nightlies/io/monix/monix_2.12/3.2.0/monix_2.12-3.2.0.pom.sha1
2026.01.17 05:52:35 INFO  BSP server: Downloaded https://repo.scala-lang.org/artifactory/maven-nightlies/ch/epfl/scala/bloop-config_2.12/2.3.3/bloop-config_2.12-2.3.3.pom.sha1
2026.01.17 05:52:36 INFO  BSP server: (watching) Downloaded https://repo.scala-lang.org/artifactory/maven-nightlies/org/scala-lang/scala-library/2.12.20/scala-library-2.12.20.pom.sha1
2026.01.17 05:52:36 INFO  BSP server: Downloading https://oss.sonatype.org/content/repositories/snapshots/ch/qos/logback/logback-parent/1.5.21/logback-parent-1.5.21.pom
2026.01.17 05:52:36 INFO  BSP server: Failed to download https://oss.sonatype.org/content/repositories/snapshots/ch/qos/logback/logback-parent/1.5.21/logback-parent-1.5.21.pom
2026.01.17 05:52:36 INFO  BSP server: Downloading https://oss.sonatype.org/content/repositories/snapshots/ch/qos/logback/logback-parent/1.5.21/logback-parent-1.5.21.pom.sha1
2026.01.17 05:52:36 INFO  BSP server: Failed to download https://oss.sonatype.org/content/repositories/snapshots/ch/qos/logback/logback-parent/1.5.21/logback-parent-1.5.21.pom.sha1
2026.01.17 05:52:36 INFO  BSP server: Downloading https://s01.oss.sonatype.org/content/repositories/snapshots/ch/qos/logback/logback-parent/1.5.21/logback-parent-1.5.21.pom
2026.01.17 05:52:36 INFO  BSP server: Failed to download https://s01.oss.sonatype.org/content/repositories/snapshots/ch/qos/logback/logback-parent/1.5.21/logback-parent-1.5.21.pom
2026.01.17 05:52:36 INFO  BSP server: Downloading https://s01.oss.sonatype.org/content/repositories/snapshots/ch/qos/logback/logback-parent/1.5.21/logback-parent-1.5.21.pom.sha1
2026.01.17 05:52:36 INFO  BSP server: Failed to download https://s01.oss.sonatype.org/content/repositories/snapshots/ch/qos/logback/logback-parent/1.5.21/logback-parent-1.5.21.pom.sha1
2026.01.17 05:52:36 INFO  BSP server: Downloading https://central.sonatype.com/repository/maven-snapshots/ch/qos/logback/logback-parent/1.5.21/logback-parent-1.5.21.pom
2026.01.17 05:52:36 INFO  BSP server: Failed to download https://central.sonatype.com/repository/maven-snapshots/ch/qos/logback/logback-parent/1.5.21/logback-parent-1.5.21.pom
2026.01.17 05:52:36 INFO  BSP server: Downloading https://central.sonatype.com/repository/maven-snapshots/ch/qos/logback/logback-parent/1.5.21/logback-parent-1.5.21.pom.sha1
2026.01.17 05:52:37 INFO  BSP server: Failed to download https://central.sonatype.com/repository/maven-snapshots/ch/qos/logback/logback-parent/1.5.21/logback-parent-1.5.21.pom.sha1
2026.01.17 05:52:37 INFO  BSP server: Downloading https://repo.scala-lang.org/artifactory/maven-nightlies/ch/qos/logback/logback-parent/1.5.21/logback-parent-1.5.21.pom
2026.01.17 05:52:37 INFO  BSP server: Downloaded https://repo.scala-lang.org/artifactory/maven-nightlies/ch/qos/logback/logback-parent/1.5.21/logback-parent-1.5.21.pom
2026.01.17 05:52:37 INFO  BSP server: Downloading https://repo.scala-lang.org/artifactory/maven-nightlies/ch/qos/logback/logback-parent/1.5.21/logback-parent-1.5.21.pom.sha1
2026.01.17 05:52:37 INFO  BSP server: Downloaded https://repo.scala-lang.org/artifactory/maven-nightlies/ch/qos/logback/logback-parent/1.5.21/logback-parent-1.5.21.pom.sha1
2026.01.17 05:52:37 INFO  BSP server: Downloading https://oss.sonatype.org/content/repositories/snapshots/com/lihaoyi/pprint_2.12/0.9.4/pprint_2.12-0.9.4.pom
2026.01.17 05:52:37 INFO  BSP server: Downloading https://oss.sonatype.org/content/repositories/snapshots/io/get-coursier/util/directories-jni/0.1.2/directories-jni-0.1.2.pom
2026.01.17 05:52:37 INFO  BSP server: Downloading https://oss.sonatype.org/content/repositories/snapshots/io/monix/monix-java_2.12/3.2.0/monix-java_2.12-3.2.0.pom
2026.01.17 05:52:37 INFO  BSP server: Downloading https://oss.sonatype.org/content/repositories/snapshots/io/github/alexarchambault/bleep/jsonrpc4s_2.12/0.1.1/jsonrpc4s_2.12-0.1.1.pom
2026.01.17 05:52:37 INFO  BSP server: Downloading https://oss.sonatype.org/content/repositories/snapshots/org/scalameta/parsers_2.12/4.13.8/parsers_2.12-4.13.8.pom
2026.01.17 05:52:37 INFO  BSP server: Downloading https://oss.sonatype.org/content/repositories/snapshots/org/scala-sbt/test-agent/1.11.7/test-agent-1.11.7.pom
2026.01.17 05:52:37 INFO  BSP server: Failed to download https://oss.sonatype.org/content/repositories/snapshots/com/lihaoyi/pprint_2.12/0.9.4/pprint_2.12-0.9.4.pom
2026.01.17 05:52:37 INFO  BSP server: Failed to download https://oss.sonatype.org/content/repositories/snapshots/io/get-coursier/util/directories-jni/0.1.2/directories-jni-0.1.2.pom
2026.01.17 05:52:37 INFO  BSP server: Failed to download https://oss.sonatype.org/content/repositories/snapshots/io/monix/monix-java_2.12/3.2.0/monix-java_2.12-3.2.0.pom
2026.01.17 05:52:37 INFO  BSP server: Downloading https://oss.sonatype.org/content/repositories/snapshots/org/scala-lang/modules/scala-collection-compat_2.12/2.13.0/scala-collection-compat_2.12-2.13.0.pom
2026.01.17 05:52:37 INFO  BSP server: Downloading https://oss.sonatype.org/content/repositories/snapshots/com/lihaoyi/unroll-annotation_2.12/0.1.12/unroll-annotation_2.12-0.1.12.pom
2026.01.17 05:52:37 INFO  BSP server: Downloading https://oss.sonatype.org/content/repositories/snapshots/io/monix/monix-execution_2.12/3.2.0/monix-execution_2.12-3.2.0.pom
2026.01.17 05:52:37 INFO  BSP server: Failed to download https://oss.sonatype.org/content/repositories/snapshots/org/scalameta/parsers_2.12/4.13.8/parsers_2.12-4.13.8.pom
2026.01.17 05:52:37 INFO  BSP server: Downloading https://oss.sonatype.org/content/repositories/snapshots/com/github/alexarchambault/case-app-annotations_2.12/2.0.6/case-app-annotations_2.12-2.0.6.pom
2026.01.17 05:52:37 INFO  BSP server: Failed to download https://oss.sonatype.org/content/repositories/snapshots/io/github/alexarchambault/bleep/jsonrpc4s_2.12/0.1.1/jsonrpc4s_2.12-0.1.1.pom
2026.01.17 05:52:37 INFO  BSP server: Downloading https://oss.sonatype.org/content/repositories/snapshots/io/monix/monix-catnap_2.12/3.2.0/monix-catnap_2.12-3.2.0.pom
2026.01.17 05:52:39 INFO  BSP server: Failed to download https://oss.sonatype.org/content/repositories/snapshots/org/scala-lang/modules/scala-collection-compat_2.12/2.13.0/scala-collection-compat_2.12-2.13.0.pom
2026.01.17 05:52:39 INFO  BSP server: Failed to download https://oss.sonatype.org/content/repositories/snapshots/com/github/alexarchambault/case-app-annotations_2.12/2.0.6/case-app-annotations_2.12-2.0.6.pom
2026.01.17 05:52:39 INFO  BSP server: Downloading https://oss.sonatype.org/content/repositories/snapshots/io/zipkin/reporter2/zipkin-sender-urlconnection/2.17.2/zipkin-sender-urlconnection-2.17.2.pom
2026.01.17 05:52:39 INFO  BSP server: Downloading https://oss.sonatype.org/content/repositories/snapshots/org/scala-sbt/zinc_2.12/1.11.0/zinc_2.12-1.11.0.pom
2026.01.17 05:52:39 INFO  BSP server: Failed to download https://oss.sonatype.org/content/repositories/snapshots/io/monix/monix-execution_2.12/3.2.0/monix-execution_2.12-3.2.0.pom
2026.01.17 05:52:39 INFO  BSP server: Downloading https://oss.sonatype.org/content/repositories/snapshots/com/github/plokhotnyuk/jsoniter-scala/jsoniter-scala-macros_2.12/2.13.3.2/jsoniter-scala-macros_2.12-2.13.3.2.pom
2026.01.17 05:52:39 INFO  BSP server: Failed to download https://oss.sonatype.org/content/repositories/snapshots/io/monix/monix-catnap_2.12/3.2.0/monix-catnap_2.12-3.2.0.pom
2026.01.17 05:52:39 INFO  BSP server: Downloading https://oss.sonatype.org/content/repositories/snapshots/ch/epfl/scala/bsp4s_2.12/2.1.1/bsp4s_2.12-2.1.1.pom
2026.01.17 05:52:39 INFO  BSP server: Failed to download https://oss.sonatype.org/content/repositories/snapshots/org/scala-sbt/test-agent/1.11.7/test-agent-1.11.7.pom
2026.01.17 05:52:39 INFO  BSP server: Downloading https://oss.sonatype.org/content/repositories/snapshots/net/java/dev/jna/jna/5.18.1/jna-5.18.1.pom
2026.01.17 05:52:39 INFO  BSP server: Failed to download https://oss.sonatype.org/content/repositories/snapshots/io/zipkin/reporter2/zipkin-sender-urlconnection/2.17.2/zipkin-sender-urlconnection-2.17.2.pom
2026.01.17 05:52:39 INFO  BSP server: Downloading https://oss.sonatype.org/content/repositories/snapshots/net/jpountz/lz4/lz4/1.3.0/lz4-1.3.0.pom
2026.01.17 05:52:39 INFO  BSP server: Failed to download https://oss.sonatype.org/content/repositories/snapshots/ch/epfl/scala/bsp4s_2.12/2.1.1/bsp4s_2.12-2.1.1.pom
2026.01.17 05:52:39 INFO  BSP server: Failed to download https://oss.sonatype.org/content/repositories/snapshots/com/github/plokhotnyuk/jsoniter-scala/jsoniter-scala-macros_2.12/2.13.3.2/jsoniter-scala-macros_2.12-2.13.3.2.pom
2026.01.17 05:52:39 INFO  BSP server: Downloading https://oss.sonatype.org/content/repositories/snapshots/com/lihaoyi/sourcecode_2.12/0.4.4/sourcecode_2.12-0.4.4.pom
2026.01.17 05:52:39 INFO  BSP server: Failed to download https://oss.sonatype.org/content/repositories/snapshots/org/scala-sbt/zinc_2.12/1.11.0/zinc_2.12-1.11.0.pom
2026.01.17 05:52:39 INFO  BSP server: Downloading https://oss.sonatype.org/content/repositories/snapshots/ch/qos/logback/logback-core/1.5.21/logback-core-1.5.21.pom
2026.01.17 05:52:39 INFO  BSP server: Downloading https://oss.sonatype.org/content/repositories/snapshots/io/zipkin/brave/brave/5.18.1/brave-5.18.1.pom
2026.01.17 05:52:39 INFO  BSP server: Failed to download https://oss.sonatype.org/content/repositories/snapshots/net/java/dev/jna/jna/5.18.1/jna-5.18.1.pom
2026.01.17 05:52:39 INFO  BSP server: Downloading https://oss.sonatype.org/content/repositories/snapshots/org/scala-lang/scala-reflect/2.12.20/scala-reflect-2.12.20.pom
2026.01.17 05:52:39 INFO  BSP server: Failed to download https://oss.sonatype.org/content/repositories/snapshots/net/jpountz/lz4/lz4/1.3.0/lz4-1.3.0.pom
2026.01.17 05:52:39 INFO  BSP server: Downloading https://oss.sonatype.org/content/repositories/snapshots/ch/epfl/scala/directory-watcher/0.8.0+6-f651bd93/directory-watcher-0.8.0+6-f651bd93.pom
2026.01.17 05:52:39 INFO  BSP server: Failed to download https://oss.sonatype.org/content/repositories/snapshots/com/lihaoyi/sourcecode_2.12/0.4.4/sourcecode_2.12-0.4.4.pom
2026.01.17 05:52:39 INFO  BSP server: Downloading https://oss.sonatype.org/content/repositories/snapshots/org/zeroturnaround/zt-zip/1.17/zt-zip-1.17.pom
2026.01.17 05:52:39 INFO  BSP server: Failed to download https://oss.sonatype.org/content/repositories/snapshots/ch/qos/logback/logback-core/1.5.21/logback-core-1.5.21.pom
2026.01.17 05:52:39 INFO  BSP server: Downloading https://oss.sonatype.org/content/repositories/snapshots/org/scala-sbt/librarymanagement-ivy_2.12/1.11.6/librarymanagement-ivy_2.12-1.11.6.pom
2026.01.17 05:52:39 INFO  BSP server: Failed to download https://oss.sonatype.org/content/repositories/snapshots/org/scala-lang/scala-reflect/2.12.20/scala-reflect-2.12.20.pom
2026.01.17 05:52:39 INFO  BSP server: Downloading https://oss.sonatype.org/content/repositories/snapshots/org/ow2/asm/asm-util/9.9/asm-util-9.9.pom
2026.01.17 05:52:39 INFO  BSP server: Failed to download https://oss.sonatype.org/content/repositories/snapshots/ch/epfl/scala/directory-watcher/0.8.0+6-f651bd93/directory-watcher-0.8.0+6-f651bd93.pom
2026.01.17 05:52:39 INFO  BSP server: Downloading https://oss.sonatype.org/content/repositories/snapshots/com/lihaoyi/pprint_2.12/0.9.4/pprint_2.12-0.9.4.pom.sha1
2026.01.17 05:52:39 INFO  BSP server: (watching) Failed to download https://oss.sonatype.org/content/repositories/snapshots/io/zipkin/brave/brave/5.18.1/brave-5.18.1.pom
2026.01.17 05:52:39 INFO  BSP server: (watching) Failed to download https://oss.sonatype.org/content/repositories/snapshots/com/lihaoyi/unroll-annotation_2.12/0.1.12/unroll-annotation_2.12-0.1.12.pom
2026.01.17 05:52:39 INFO  BSP server: Downloading https://oss.sonatype.org/content/repositories/snapshots/io/get-coursier/util/directories-jni/0.1.2/directories-jni-0.1.2.pom.sha1
2026.01.17 05:52:39 INFO  BSP server: Downloading https://oss.sonatype.org/content/repositories/snapshots/io/monix/monix-java_2.12/3.2.0/monix-java_2.12-3.2.0.pom.sha1
2026.01.17 05:52:39 INFO  BSP server: Failed to download https://oss.sonatype.org/content/repositories/snapshots/org/zeroturnaround/zt-zip/1.17/zt-zip-1.17.pom
2026.01.17 05:52:39 INFO  BSP server: Failed to download https://oss.sonatype.org/content/repositories/snapshots/org/scala-sbt/librarymanagement-ivy_2.12/1.11.6/librarymanagement-ivy_2.12-1.11.6.pom
2026.01.17 05:52:39 INFO  BSP server: Downloading https://oss.sonatype.org/content/repositories/snapshots/org/scalameta/parsers_2.12/4.13.8/parsers_2.12-4.13.8.pom.sha1
2026.01.17 05:52:39 INFO  BSP server: Downloading https://oss.sonatype.org/content/repositories/snapshots/io/github/alexarchambault/bleep/jsonrpc4s_2.12/0.1.1/jsonrpc4s_2.12-0.1.1.pom.sha1
2026.01.17 05:52:39 INFO  BSP server: Failed to download https://oss.sonatype.org/content/repositories/snapshots/org/ow2/asm/asm-util/9.9/asm-util-9.9.pom
2026.01.17 05:52:39 INFO  BSP server: Downloading https://oss.sonatype.org/content/repositories/snapshots/org/scala-lang/modules/scala-collection-compat_2.12/2.13.0/scala-collection-compat_2.12-2.13.0.pom.sha1
2026.01.17 05:52:39 INFO  BSP server: Failed to download https://oss.sonatype.org/content/repositories/snapshots/com/lihaoyi/pprint_2.12/0.9.4/pprint_2.12-0.9.4.pom.sha1
2026.01.17 05:52:39 INFO  BSP server: Downloading https://oss.sonatype.org/content/repositories/snapshots/com/github/alexarchambault/case-app-annotations_2.12/2.0.6/case-app-annotations_2.12-2.0.6.pom.sha1
2026.01.17 05:52:39 INFO  BSP server: Failed to download https://oss.sonatype.org/content/repositories/snapshots/io/monix/monix-java_2.12/3.2.0/monix-java_2.12-3.2.0.pom.sha1
2026.01.17 05:52:39 INFO  BSP server: Failed to download https://oss.sonatype.org/content/repositories/snapshots/io/get-coursier/util/directories-jni/0.1.2/directories-jni-0.1.2.pom.sha1
2026.01.17 05:52:39 INFO  BSP server: Downloading https://oss.sonatype.org/content/repositories/snapshots/io/monix/monix-eval_2.12/3.2.0/monix-eval_2.12-3.2.0.pom
2026.01.17 05:52:39 INFO  BSP server: Failed to download https://oss.sonatype.org/content/repositories/snapshots/io/github/alexarchambault/bleep/jsonrpc4s_2.12/0.1.1/jsonrpc4s_2.12-0.1.1.pom.sha1
2026.01.17 05:52:39 INFO  BSP server: Downloading https://oss.sonatype.org/content/repositories/snapshots/com/github/alexarchambault/case-app-util_2.12/2.0.6/case-app-util_2.12-2.0.6.pom
2026.01.17 05:52:39 INFO  BSP server: Downloading https://oss.sonatype.org/content/repositories/snapshots/io/monix/monix-execution_2.12/3.2.0/monix-execution_2.12-3.2.0.pom.sha1
2026.01.17 05:52:39 INFO  BSP server: Failed to download https://oss.sonatype.org/content/repositories/snapshots/org/scala-lang/modules/scala-collection-compat_2.12/2.13.0/scala-collection-compat_2.12-2.13.0.pom.sha1
2026.01.17 05:52:39 INFO  BSP server: Downloading https://oss.sonatype.org/content/repositories/snapshots/io/monix/monix-catnap_2.12/3.2.0/monix-catnap_2.12-3.2.0.pom.sha1
2026.01.17 05:52:39 INFO  BSP server: Failed to download https://oss.sonatype.org/content/repositories/snapshots/com/github/alexarchambault/case-app-annotations_2.12/2.0.6/case-app-annotations_2.12-2.0.6.pom.sha1
2026.01.17 05:52:39 INFO  BSP server: Downloading https://oss.sonatype.org/content/repositories/snapshots/org/scala-sbt/test-agent/1.11.7/test-agent-1.11.7.pom.sha1
2026.01.17 05:52:39 INFO  BSP server: Failed to download https://oss.sonatype.org/content/repositories/snapshots/io/monix/monix-eval_2.12/3.2.0/monix-eval_2.12-3.2.0.pom
2026.01.17 05:52:39 INFO  BSP server: Failed to download https://oss.sonatype.org/content/repositories/snapshots/com/github/alexarchambault/case-app-util_2.12/2.0.6/case-app-util_2.12-2.0.6.pom
2026.01.17 05:52:39 INFO  BSP server: Downloading https://oss.sonatype.org/content/repositories/snapshots/io/zipkin/reporter2/zipkin-sender-urlconnection/2.17.2/zipkin-sender-urlconnection-2.17.2.pom.sha1
2026.01.17 05:52:39 INFO  BSP server: Downloading https://oss.sonatype.org/content/repositories/snapshots/ch/epfl/scala/bsp4s_2.12/2.1.1/bsp4s_2.12-2.1.1.pom.sha1
2026.01.17 05:52:39 INFO  BSP server: (watching) Failed to download https://oss.sonatype.org/content/repositories/snapshots/org/scalameta/parsers_2.12/4.13.8/parsers_2.12-4.13.8.pom.sha1
2026.01.17 05:52:39 INFO  BSP server: Downloading https://oss.sonatype.org/content/repositories/snapshots/com/github/plokhotnyuk/jsoniter-scala/jsoniter-scala-macros_2.12/2.13.3.2/jsoniter-scala-macros_2.12-2.13.3.2.pom.sha1
2026.01.17 05:52:39 INFO  BSP server: Failed to download https://oss.sonatype.org/content/repositories/snapshots/io/monix/monix-catnap_2.12/3.2.0/monix-catnap_2.12-3.2.0.pom.sha1
2026.01.17 05:52:39 INFO  BSP server: Downloading https://oss.sonatype.org/content/repositories/snapshots/org/scala-sbt/zinc_2.12/1.11.0/zinc_2.12-1.11.0.pom.sha1
2026.01.17 05:52:39 INFO  BSP server: Failed to download https://oss.sonatype.org/content/repositories/snapshots/org/scala-sbt/test-agent/1.11.7/test-agent-1.11.7.pom.sha1
2026.01.17 05:52:39 INFO  BSP server: Downloading https://oss.sonatype.org/content/repositories/snapshots/net/java/dev/jna/jna/5.18.1/jna-5.18.1.pom.sha1
2026.01.17 05:52:39 INFO  BSP server: Failed to download https://oss.sonatype.org/content/repositories/snapshots/io/zipkin/reporter2/zipkin-sender-urlconnection/2.17.2/zipkin-sender-urlconnection-2.17.2.pom.sha1
2026.01.17 05:52:39 INFO  BSP server: Failed to download https://oss.sonatype.org/content/repositories/snapshots/ch/epfl/scala/bsp4s_2.12/2.1.1/bsp4s_2.12-2.1.1.pom.sha1
2026.01.17 05:52:39 INFO  BSP server: Downloading https://oss.sonatype.org/content/repositories/snapshots/net/jpountz/lz4/lz4/1.3.0/lz4-1.3.0.pom.sha1
2026.01.17 05:52:39 INFO  BSP server: Downloading https://oss.sonatype.org/content/repositories/snapshots/com/lihaoyi/sourcecode_2.12/0.4.4/sourcecode_2.12-0.4.4.pom.sha1
2026.01.17 05:52:39 INFO  BSP server: Failed to download https://oss.sonatype.org/content/repositories/snapshots/org/scala-sbt/zinc_2.12/1.11.0/zinc_2.12-1.11.0.pom.sha1
2026.01.17 05:52:39 INFO  BSP server: Failed to download https://oss.sonatype.org/content/repositories/snapshots/com/github/plokhotnyuk/jsoniter-scala/jsoniter-scala-macros_2.12/2.13.3.2/jsoniter-scala-macros_2.12-2.13.3.2.pom.sha1
2026.01.17 05:52:39 INFO  BSP server: Downloading https://oss.sonatype.org/content/repositories/snapshots/ch/qos/logback/logback-core/1.5.21/logback-core-1.5.21.pom.sha1
2026.01.17 05:52:39 INFO  BSP server: Downloading https://oss.sonatype.org/content/repositories/snapshots/io/monix/monix-reactive_2.12/3.2.0/monix-reactive_2.12-3.2.0.pom
2026.01.17 05:52:39 INFO  BSP server: (watching) Failed to download https://oss.sonatype.org/content/repositories/snapshots/io/monix/monix-execution_2.12/3.2.0/monix-execution_2.12-3.2.0.pom.sha1
2026.01.17 05:52:39 INFO  BSP server: Downloading https://oss.sonatype.org/content/repositories/snapshots/org/scala-lang/scala-reflect/2.12.20/scala-reflect-2.12.20.pom.sha1
2026.01.17 05:52:39 INFO  BSP server: Failed to download https://oss.sonatype.org/content/repositories/snapshots/net/java/dev/jna/jna/5.18.1/jna-5.18.1.pom.sha1
2026.01.17 05:52:39 INFO  BSP server: Downloading https://oss.sonatype.org/content/repositories/snapshots/ch/epfl/scala/directory-watcher/0.8.0+6-f651bd93/directory-watcher-0.8.0+6-f651bd93.pom.sha1
2026.01.17 05:52:39 INFO  BSP server: Failed to download https://oss.sonatype.org/content/repositories/snapshots/net/jpountz/lz4/lz4/1.3.0/lz4-1.3.0.pom.sha1
2026.01.17 05:52:39 INFO  BSP server: Failed to download https://oss.sonatype.org/content/repositories/snapshots/com/lihaoyi/sourcecode_2.12/0.4.4/sourcecode_2.12-0.4.4.pom.sha1
2026.01.17 05:52:39 INFO  BSP server: Failed to download https://oss.sonatype.org/content/repositories/snapshots/ch/qos/logback/logback-core/1.5.21/logback-core-1.5.21.pom.sha1
2026.01.17 05:52:39 INFO  BSP server: Failed to download https://oss.sonatype.org/content/repositories/snapshots/io/monix/monix-reactive_2.12/3.2.0/monix-reactive_2.12-3.2.0.pom
2026.01.17 05:52:39 INFO  BSP server: Downloading https://oss.sonatype.org/content/repositories/snapshots/io/github/alexarchambault/bleep/nailgun-server/1.0.7/nailgun-server-1.0.7.pom
2026.01.17 05:52:39 INFO  BSP server: Downloading https://oss.sonatype.org/content/repositories/snapshots/io/zipkin/brave/brave/5.18.1/brave-5.18.1.pom.sha1
2026.01.17 05:52:39 INFO  BSP server: Downloading https://oss.sonatype.org/content/repositories/snapshots/com/lihaoyi/unroll-annotation_2.12/0.1.12/unroll-annotation_2.12-0.1.12.pom.sha1
2026.01.17 05:52:39 INFO  BSP server: Downloading https://oss.sonatype.org/content/repositories/snapshots/org/zeroturnaround/zt-zip/1.17/zt-zip-1.17.pom.sha1
2026.01.17 05:52:39 INFO  BSP server: Failed to download https://oss.sonatype.org/content/repositories/snapshots/org/scala-lang/scala-reflect/2.12.20/scala-reflect-2.12.20.pom.sha1
2026.01.17 05:52:39 INFO  BSP server: Downloading https://oss.sonatype.org/content/repositories/snapshots/org/scala-sbt/librarymanagement-ivy_2.12/1.11.6/librarymanagement-ivy_2.12-1.11.6.pom.sha1
2026.01.17 05:52:39 INFO  BSP server: Failed to download https://oss.sonatype.org/content/repositories/snapshots/ch/epfl/scala/directory-watcher/0.8.0+6-f651bd93/directory-watcher-0.8.0+6-f651bd93.pom.sha1
2026.01.17 05:52:39 INFO  BSP server: Downloading https://oss.sonatype.org/content/repositories/snapshots/org/ow2/asm/asm-util/9.9/asm-util-9.9.pom.sha1
2026.01.17 05:52:39 INFO  BSP server: Failed to download https://oss.sonatype.org/content/repositories/snapshots/com/lihaoyi/unroll-annotation_2.12/0.1.12/unroll-annotation_2.12-0.1.12.pom.sha1
2026.01.17 05:52:39 INFO  BSP server: Downloading https://oss.sonatype.org/content/repositories/snapshots/com/github/plokhotnyuk/jsoniter-scala/jsoniter-scala-core_2.12/2.13.5.2/jsoniter-scala-core_2.12-2.13.5.2.pom
2026.01.17 05:52:39 INFO  BSP server: Failed to download https://oss.sonatype.org/content/repositories/snapshots/io/github/alexarchambault/bleep/nailgun-server/1.0.7/nailgun-server-1.0.7.pom
2026.01.17 05:52:39 INFO  BSP server: Downloading https://oss.sonatype.org/content/repositories/snapshots/io/monix/monix-eval_2.12/3.2.0/monix-eval_2.12-3.2.0.pom.sha1
2026.01.17 05:52:39 INFO  BSP server: Failed to download https://oss.sonatype.org/content/repositories/snapshots/org/zeroturnaround/zt-zip/1.17/zt-zip-1.17.pom.sha1
2026.01.17 05:52:39 INFO  BSP server: Downloading https://oss.sonatype.org/content/repositories/snapshots/com/github/alexarchambault/case-app-util_2.12/2.0.6/case-app-util_2.12-2.0.6.pom.sha1
2026.01.17 05:52:39 INFO  BSP server: Failed to download https://oss.sonatype.org/content/repositories/snapshots/io/zipkin/brave/brave/5.18.1/brave-5.18.1.pom.sha1
2026.01.17 05:52:39 INFO  BSP server: Downloading https://oss.sonatype.org/content/repositories/snapshots/io/monix/monix-tail_2.12/3.2.0/monix-tail_2.12-3.2.0.pom
2026.01.17 05:52:39 INFO  BSP server: Failed to download https://oss.sonatype.org/content/repositories/snapshots/org/scala-sbt/librarymanagement-ivy_2.12/1.11.6/librarymanagement-ivy_2.12-1.11.6.pom.sha1
2026.01.17 05:52:39 INFO  BSP server: Downloading https://oss.sonatype.org/content/repositories/snapshots/io/monix/monix-reactive_2.12/3.2.0/monix-reactive_2.12-3.2.0.pom.sha1
2026.01.17 05:52:40 INFO  BSP server: Failed to download https://oss.sonatype.org/content/repositories/snapshots/org/ow2/asm/asm-util/9.9/asm-util-9.9.pom.sha1
2026.01.17 05:52:40 INFO  BSP server: Downloading https://oss.sonatype.org/content/repositories/snapshots/org/apache/logging/log4j/log4j-core/2.23.0/log4j-core-2.23.0.pom
2026.01.17 05:52:40 INFO  BSP server: Failed to download https://oss.sonatype.org/content/repositories/snapshots/io/monix/monix-tail_2.12/3.2.0/monix-tail_2.12-3.2.0.pom
2026.01.17 05:52:40 INFO  BSP server: Downloading https://oss.sonatype.org/content/repositories/snapshots/io/github/alexarchambault/bleep/nailgun-server/1.0.7/nailgun-server-1.0.7.pom.sha1
2026.01.17 05:52:40 INFO  BSP server: Failed to download https://oss.sonatype.org/content/repositories/snapshots/io/monix/monix-eval_2.12/3.2.0/monix-eval_2.12-3.2.0.pom.sha1
2026.01.17 05:52:40 INFO  BSP server: Failed to download https://oss.sonatype.org/content/repositories/snapshots/com/github/plokhotnyuk/jsoniter-scala/jsoniter-scala-core_2.12/2.13.5.2/jsoniter-scala-core_2.12-2.13.5.2.pom
2026.01.17 05:52:40 INFO  BSP server: Failed to download https://oss.sonatype.org/content/repositories/snapshots/com/github/alexarchambault/case-app-util_2.12/2.0.6/case-app-util_2.12-2.0.6.pom.sha1
2026.01.17 05:52:40 INFO  BSP server: Downloading https://s01.oss.sonatype.org/content/repositories/snapshots/io/monix/monix-java_2.12/3.2.0/monix-java_2.12-3.2.0.pom
2026.01.17 05:52:40 INFO  BSP server: Downloading https://s01.oss.sonatype.org/content/repositories/snapshots/io/get-coursier/util/directories-jni/0.1.2/directories-jni-0.1.2.pom
2026.01.17 05:52:40 INFO  BSP server: Downloading https://s01.oss.sonatype.org/content/repositories/snapshots/io/github/alexarchambault/bleep/jsonrpc4s_2.12/0.1.1/jsonrpc4s_2.12-0.1.1.pom
2026.01.17 05:52:40 INFO  BSP server: Failed to download https://oss.sonatype.org/content/repositories/snapshots/org/apache/logging/log4j/log4j-core/2.23.0/log4j-core-2.23.0.pom
2026.01.17 05:52:40 INFO  BSP server: Downloading https://s01.oss.sonatype.org/content/repositories/snapshots/org/scala-lang/modules/scala-collection-compat_2.12/2.13.0/scala-collection-compat_2.12-2.13.0.pom
2026.01.17 05:52:40 INFO  BSP server: (watching) Failed to download https://oss.sonatype.org/content/repositories/snapshots/io/monix/monix-reactive_2.12/3.2.0/monix-reactive_2.12-3.2.0.pom.sha1
2026.01.17 05:52:40 INFO  BSP server: Downloading https://s01.oss.sonatype.org/content/repositories/snapshots/com/github/alexarchambault/case-app-annotations_2.12/2.0.6/case-app-annotations_2.12-2.0.6.pom
2026.01.17 05:52:40 INFO  BSP server: Failed to download https://s01.oss.sonatype.org/content/repositories/snapshots/io/monix/monix-java_2.12/3.2.0/monix-java_2.12-3.2.0.pom
2026.01.17 05:52:40 INFO  BSP server: Downloading https://s01.oss.sonatype.org/content/repositories/snapshots/org/scalameta/parsers_2.12/4.13.8/parsers_2.12-4.13.8.pom
2026.01.17 05:52:40 INFO  BSP server: Failed to download https://s01.oss.sonatype.org/content/repositories/snapshots/io/get-coursier/util/directories-jni/0.1.2/directories-jni-0.1.2.pom
2026.01.17 05:52:40 INFO  BSP server: Downloading https://s01.oss.sonatype.org/content/repositories/snapshots/io/monix/monix-catnap_2.12/3.2.0/monix-catnap_2.12-3.2.0.pom
2026.01.17 05:52:40 INFO  BSP server: (watching) Failed to download https://oss.sonatype.org/content/repositories/snapshots/io/github/alexarchambault/bleep/nailgun-server/1.0.7/nailgun-server-1.0.7.pom.sha1
2026.01.17 05:52:40 INFO  BSP server: Downloading https://s01.oss.sonatype.org/content/repositories/snapshots/com/lihaoyi/pprint_2.12/0.9.4/pprint_2.12-0.9.4.pom
2026.01.17 05:52:40 INFO  BSP server: Failed to download https://s01.oss.sonatype.org/content/repositories/snapshots/org/scala-lang/modules/scala-collection-compat_2.12/2.13.0/scala-collection-compat_2.12-2.13.0.pom
2026.01.17 05:52:40 INFO  BSP server: Downloading https://oss.sonatype.org/content/repositories/snapshots/io/monix/monix-tail_2.12/3.2.0/monix-tail_2.12-3.2.0.pom.sha1
2026.01.17 05:52:40 INFO  BSP server: Failed to download https://s01.oss.sonatype.org/content/repositories/snapshots/com/github/alexarchambault/case-app-annotations_2.12/2.0.6/case-app-annotations_2.12-2.0.6.pom
2026.01.17 05:52:40 INFO  BSP server: Downloading https://s01.oss.sonatype.org/content/repositories/snapshots/org/scala-sbt/test-agent/1.11.7/test-agent-1.11.7.pom
2026.01.17 05:52:40 INFO  BSP server: Failed to download https://s01.oss.sonatype.org/content/repositories/snapshots/io/monix/monix-catnap_2.12/3.2.0/monix-catnap_2.12-3.2.0.pom
2026.01.17 05:52:40 INFO  BSP server: Downloading https://s01.oss.sonatype.org/content/repositories/snapshots/org/scala-sbt/zinc_2.12/1.11.0/zinc_2.12-1.11.0.pom
2026.01.17 05:52:40 INFO  BSP server: Failed to download https://s01.oss.sonatype.org/content/repositories/snapshots/io/github/alexarchambault/bleep/jsonrpc4s_2.12/0.1.1/jsonrpc4s_2.12-0.1.1.pom
2026.01.17 05:52:40 INFO  BSP server: Downloading https://s01.oss.sonatype.org/content/repositories/snapshots/io/zipkin/reporter2/zipkin-sender-urlconnection/2.17.2/zipkin-sender-urlconnection-2.17.2.pom
2026.01.17 05:52:40 INFO  BSP server: Failed to download https://oss.sonatype.org/content/repositories/snapshots/io/monix/monix-tail_2.12/3.2.0/monix-tail_2.12-3.2.0.pom.sha1
2026.01.17 05:52:40 INFO  BSP server: Downloading https://s01.oss.sonatype.org/content/repositories/snapshots/com/github/plokhotnyuk/jsoniter-scala/jsoniter-scala-macros_2.12/2.13.3.2/jsoniter-scala-macros_2.12-2.13.3.2.pom
2026.01.17 05:52:40 INFO  BSP server: Failed to download https://s01.oss.sonatype.org/content/repositories/snapshots/com/lihaoyi/pprint_2.12/0.9.4/pprint_2.12-0.9.4.pom
2026.01.17 05:52:40 INFO  BSP server: Downloading https://s01.oss.sonatype.org/content/repositories/snapshots/ch/epfl/scala/bsp4s_2.12/2.1.1/bsp4s_2.12-2.1.1.pom
2026.01.17 05:52:40 INFO  BSP server: Failed to download https://s01.oss.sonatype.org/content/repositories/snapshots/org/scalameta/parsers_2.12/4.13.8/parsers_2.12-4.13.8.pom
2026.01.17 05:52:40 INFO  BSP server: Downloading https://s01.oss.sonatype.org/content/repositories/snapshots/io/monix/monix-execution_2.12/3.2.0/monix-execution_2.12-3.2.0.pom
2026.01.17 05:52:40 INFO  BSP server: Failed to download https://s01.oss.sonatype.org/content/repositories/snapshots/org/scala-sbt/test-agent/1.11.7/test-agent-1.11.7.pom
2026.01.17 05:52:40 INFO  BSP server: Downloading https://s01.oss.sonatype.org/content/repositories/snapshots/net/java/dev/jna/jna/5.18.1/jna-5.18.1.pom
2026.01.17 05:52:40 INFO  BSP server: Failed to download https://s01.oss.sonatype.org/content/repositories/snapshots/com/github/plokhotnyuk/jsoniter-scala/jsoniter-scala-macros_2.12/2.13.3.2/jsoniter-scala-macros_2.12-2.13.3.2.pom
2026.01.17 05:52:40 INFO  BSP server: Downloading https://oss.sonatype.org/content/repositories/snapshots/com/github/plokhotnyuk/jsoniter-scala/jsoniter-scala-core_2.12/2.13.5.2/jsoniter-scala-core_2.12-2.13.5.2.pom.sha1
2026.01.17 05:52:40 INFO  BSP server: Failed to download https://s01.oss.sonatype.org/content/repositories/snapshots/io/zipkin/reporter2/zipkin-sender-urlconnection/2.17.2/zipkin-sender-urlconnection-2.17.2.pom
2026.01.17 05:52:40 INFO  BSP server: Failed to download https://s01.oss.sonatype.org/content/repositories/snapshots/org/scala-sbt/zinc_2.12/1.11.0/zinc_2.12-1.11.0.pom
2026.01.17 05:52:40 INFO  BSP server: Downloading https://s01.oss.sonatype.org/content/repositories/snapshots/com/lihaoyi/sourcecode_2.12/0.4.4/sourcecode_2.12-0.4.4.pom
2026.01.17 05:52:40 INFO  BSP server: Downloading https://s01.oss.sonatype.org/content/repositories/snapshots/net/jpountz/lz4/lz4/1.3.0/lz4-1.3.0.pom
2026.01.17 05:52:40 INFO  BSP server: Failed to download https://s01.oss.sonatype.org/content/repositories/snapshots/ch/epfl/scala/bsp4s_2.12/2.1.1/bsp4s_2.12-2.1.1.pom
2026.01.17 05:52:40 INFO  BSP server: Downloading https://s01.oss.sonatype.org/content/repositories/snapshots/ch/qos/logback/logback-core/1.5.21/logback-core-1.5.21.pom
2026.01.17 05:52:40 INFO  BSP server: Failed to download https://s01.oss.sonatype.org/content/repositories/snapshots/io/monix/monix-execution_2.12/3.2.0/monix-execution_2.12-3.2.0.pom
2026.01.17 05:52:40 INFO  BSP server: Downloading https://s01.oss.sonatype.org/content/repositories/snapshots/org/scala-lang/scala-reflect/2.12.20/scala-reflect-2.12.20.pom
2026.01.17 05:52:40 INFO  BSP server: Failed to download https://oss.sonatype.org/content/repositories/snapshots/com/github/plokhotnyuk/jsoniter-scala/jsoniter-scala-core_2.12/2.13.5.2/jsoniter-scala-core_2.12-2.13.5.2.pom.sha1
2026.01.17 05:52:40 INFO  BSP server: Downloading https://s01.oss.sonatype.org/content/repositories/snapshots/ch/epfl/scala/directory-watcher/0.8.0+6-f651bd93/directory-watcher-0.8.0+6-f651bd93.pom
2026.01.17 05:52:40 INFO  BSP server: Failed to download https://s01.oss.sonatype.org/content/repositories/snapshots/net/java/dev/jna/jna/5.18.1/jna-5.18.1.pom
2026.01.17 05:52:40 INFO  BSP server: Downloading https://s01.oss.sonatype.org/content/repositories/snapshots/com/lihaoyi/unroll-annotation_2.12/0.1.12/unroll-annotation_2.12-0.1.12.pom
2026.01.17 05:52:40 INFO  BSP server: Failed to download https://s01.oss.sonatype.org/content/repositories/snapshots/com/lihaoyi/sourcecode_2.12/0.4.4/sourcecode_2.12-0.4.4.pom
2026.01.17 05:52:40 INFO  BSP server: Downloading https://oss.sonatype.org/content/repositories/snapshots/org/apache/logging/log4j/log4j-core/2.23.0/log4j-core-2.23.0.pom.sha1
2026.01.17 05:52:40 INFO  BSP server: Failed to download https://s01.oss.sonatype.org/content/repositories/snapshots/net/jpountz/lz4/lz4/1.3.0/lz4-1.3.0.pom
2026.01.17 05:52:40 INFO  BSP server: Downloading https://s01.oss.sonatype.org/content/repositories/snapshots/org/zeroturnaround/zt-zip/1.17/zt-zip-1.17.pom
2026.01.17 05:52:40 INFO  BSP server: Failed to download https://s01.oss.sonatype.org/content/repositories/snapshots/ch/qos/logback/logback-core/1.5.21/logback-core-1.5.21.pom
2026.01.17 05:52:40 INFO  BSP server: Downloading https://s01.oss.sonatype.org/content/repositories/snapshots/io/monix/monix-java_2.12/3.2.0/monix-java_2.12-3.2.0.pom.sha1
2026.01.17 05:52:40 INFO  BSP server: Failed to download https://s01.oss.sonatype.org/content/repositories/snapshots/ch/epfl/scala/directory-watcher/0.8.0+6-f651bd93/directory-watcher-0.8.0+6-f651bd93.pom
2026.01.17 05:52:40 INFO  BSP server: Downloading https://s01.oss.sonatype.org/content/repositories/snapshots/io/get-coursier/util/directories-jni/0.1.2/directories-jni-0.1.2.pom.sha1
2026.01.17 05:52:40 INFO  BSP server: Failed to download https://oss.sonatype.org/content/repositories/snapshots/org/apache/logging/log4j/log4j-core/2.23.0/log4j-core-2.23.0.pom.sha1
2026.01.17 05:52:40 INFO  BSP server: Downloading https://s01.oss.sonatype.org/content/repositories/snapshots/io/zipkin/brave/brave/5.18.1/brave-5.18.1.pom
2026.01.17 05:52:40 INFO  BSP server: Failed to download https://s01.oss.sonatype.org/content/repositories/snapshots/org/scala-lang/scala-reflect/2.12.20/scala-reflect-2.12.20.pom
2026.01.17 05:52:40 INFO  BSP server: Downloading https://s01.oss.sonatype.org/content/repositories/snapshots/org/scala-lang/modules/scala-collection-compat_2.12/2.13.0/scala-collection-compat_2.12-2.13.0.pom.sha1
2026.01.17 05:52:41 INFO  BSP server: Failed to download https://s01.oss.sonatype.org/content/repositories/snapshots/io/monix/monix-java_2.12/3.2.0/monix-java_2.12-3.2.0.pom.sha1
2026.01.17 05:52:41 INFO  BSP server: Failed to download https://s01.oss.sonatype.org/content/repositories/snapshots/org/zeroturnaround/zt-zip/1.17/zt-zip-1.17.pom
2026.01.17 05:52:41 INFO  BSP server: Downloading https://s01.oss.sonatype.org/content/repositories/snapshots/com/github/alexarchambault/case-app-annotations_2.12/2.0.6/case-app-annotations_2.12-2.0.6.pom.sha1
2026.01.17 05:52:41 INFO  BSP server: Downloading https://s01.oss.sonatype.org/content/repositories/snapshots/io/monix/monix-catnap_2.12/3.2.0/monix-catnap_2.12-3.2.0.pom.sha1
2026.01.17 05:52:41 INFO  BSP server: Failed to download https://s01.oss.sonatype.org/content/repositories/snapshots/com/lihaoyi/unroll-annotation_2.12/0.1.12/unroll-annotation_2.12-0.1.12.pom
2026.01.17 05:52:41 INFO  BSP server: Downloading https://s01.oss.sonatype.org/content/repositories/snapshots/io/github/alexarchambault/bleep/jsonrpc4s_2.12/0.1.1/jsonrpc4s_2.12-0.1.1.pom.sha1
2026.01.17 05:52:41 INFO  BSP server: Failed to download https://s01.oss.sonatype.org/content/repositories/snapshots/io/get-coursier/util/directories-jni/0.1.2/directories-jni-0.1.2.pom.sha1
2026.01.17 05:52:41 INFO  BSP server: Downloading https://s01.oss.sonatype.org/content/repositories/snapshots/com/lihaoyi/pprint_2.12/0.9.4/pprint_2.12-0.9.4.pom.sha1
2026.01.17 05:52:41 INFO  BSP server: Failed to download https://s01.oss.sonatype.org/content/repositories/snapshots/io/zipkin/brave/brave/5.18.1/brave-5.18.1.pom
2026.01.17 05:52:41 INFO  BSP server: Downloading https://s01.oss.sonatype.org/content/repositories/snapshots/org/scala-sbt/librarymanagement-ivy_2.12/1.11.6/librarymanagement-ivy_2.12-1.11.6.pom
2026.01.17 05:52:41 INFO  BSP server: Failed to download https://s01.oss.sonatype.org/content/repositories/snapshots/org/scala-lang/modules/scala-collection-compat_2.12/2.13.0/scala-collection-compat_2.12-2.13.0.pom.sha1
2026.01.17 05:52:41 INFO  BSP server: Downloading https://s01.oss.sonatype.org/content/repositories/snapshots/org/scalameta/parsers_2.12/4.13.8/parsers_2.12-4.13.8.pom.sha1
2026.01.17 05:52:41 INFO  BSP server: Failed to download https://s01.oss.sonatype.org/content/repositories/snapshots/io/github/alexarchambault/bleep/jsonrpc4s_2.12/0.1.1/jsonrpc4s_2.12-0.1.1.pom.sha1
2026.01.17 05:52:41 INFO  BSP server: Downloading https://s01.oss.sonatype.org/content/repositories/snapshots/org/scala-sbt/test-agent/1.11.7/test-agent-1.11.7.pom.sha1
2026.01.17 05:52:41 INFO  BSP server: Failed to download https://s01.oss.sonatype.org/content/repositories/snapshots/io/monix/monix-catnap_2.12/3.2.0/monix-catnap_2.12-3.2.0.pom.sha1
2026.01.17 05:52:41 INFO  BSP server: Downloading https://s01.oss.sonatype.org/content/repositories/snapshots/com/github/plokhotnyuk/jsoniter-scala/jsoniter-scala-macros_2.12/2.13.3.2/jsoniter-scala-macros_2.12-2.13.3.2.pom.sha1
2026.01.17 05:52:41 INFO  BSP server: Failed to download https://s01.oss.sonatype.org/content/repositories/snapshots/com/github/alexarchambault/case-app-annotations_2.12/2.0.6/case-app-annotations_2.12-2.0.6.pom.sha1
2026.01.17 05:52:41 INFO  BSP server: Downloading https://s01.oss.sonatype.org/content/repositories/snapshots/io/zipkin/reporter2/zipkin-sender-urlconnection/2.17.2/zipkin-sender-urlconnection-2.17.2.pom.sha1
2026.01.17 05:52:41 INFO  BSP server: Failed to download https://s01.oss.sonatype.org/content/repositories/snapshots/com/lihaoyi/pprint_2.12/0.9.4/pprint_2.12-0.9.4.pom.sha1
2026.01.17 05:52:41 INFO  BSP server: Downloading https://s01.oss.sonatype.org/content/repositories/snapshots/org/scala-sbt/zinc_2.12/1.11.0/zinc_2.12-1.11.0.pom.sha1
2026.01.17 05:52:41 INFO  BSP server: Failed to download https://s01.oss.sonatype.org/content/repositories/snapshots/org/scala-sbt/librarymanagement-ivy_2.12/1.11.6/librarymanagement-ivy_2.12-1.11.6.pom
2026.01.17 05:52:41 INFO  BSP server: Downloading https://s01.oss.sonatype.org/content/repositories/snapshots/org/ow2/asm/asm-util/9.9/asm-util-9.9.pom
2026.01.17 05:52:41 INFO  BSP server: Failed to download https://s01.oss.sonatype.org/content/repositories/snapshots/org/scalameta/parsers_2.12/4.13.8/parsers_2.12-4.13.8.pom.sha1
2026.01.17 05:52:41 INFO  BSP server: Downloading https://s01.oss.sonatype.org/content/repositories/snapshots/ch/epfl/scala/bsp4s_2.12/2.1.1/bsp4s_2.12-2.1.1.pom.sha1
2026.01.17 05:52:41 INFO  BSP server: Failed to download https://s01.oss.sonatype.org/content/repositories/snapshots/com/github/plokhotnyuk/jsoniter-scala/jsoniter-scala-macros_2.12/2.13.3.2/jsoniter-scala-macros_2.12-2.13.3.2.pom.sha1
2026.01.17 05:52:41 INFO  BSP server: Failed to download https://s01.oss.sonatype.org/content/repositories/snapshots/org/scala-sbt/test-agent/1.11.7/test-agent-1.11.7.pom.sha1
2026.01.17 05:52:41 INFO  BSP server: Downloading https://s01.oss.sonatype.org/content/repositories/snapshots/io/monix/monix-execution_2.12/3.2.0/monix-execution_2.12-3.2.0.pom.sha1
2026.01.17 05:52:41 INFO  BSP server: Failed to download https://s01.oss.sonatype.org/content/repositories/snapshots/io/zipkin/reporter2/zipkin-sender-urlconnection/2.17.2/zipkin-sender-urlconnection-2.17.2.pom.sha1
2026.01.17 05:52:41 INFO  BSP server: Downloading https://s01.oss.sonatype.org/content/repositories/snapshots/net/java/dev/jna/jna/5.18.1/jna-5.18.1.pom.sha1
2026.01.17 05:52:41 INFO  BSP server: Downloading https://s01.oss.sonatype.org/content/repositories/snapshots/com/lihaoyi/sourcecode_2.12/0.4.4/sourcecode_2.12-0.4.4.pom.sha1
2026.01.17 05:52:41 INFO  BSP server: Failed to download https://s01.oss.sonatype.org/content/repositories/snapshots/org/scala-sbt/zinc_2.12/1.11.0/zinc_2.12-1.11.0.pom.sha1
2026.01.17 05:52:41 INFO  BSP server: Downloading https://s01.oss.sonatype.org/content/repositories/snapshots/net/jpountz/lz4/lz4/1.3.0/lz4-1.3.0.pom.sha1
2026.01.17 05:52:41 INFO  BSP server: Failed to download https://s01.oss.sonatype.org/content/repositories/snapshots/org/ow2/asm/asm-util/9.9/asm-util-9.9.pom
2026.01.17 05:52:41 INFO  BSP server: Downloading https://s01.oss.sonatype.org/content/repositories/snapshots/ch/qos/logback/logback-core/1.5.21/logback-core-1.5.21.pom.sha1
2026.01.17 05:52:41 INFO  BSP server: Failed to download https://s01.oss.sonatype.org/content/repositories/snapshots/ch/epfl/scala/bsp4s_2.12/2.1.1/bsp4s_2.12-2.1.1.pom.sha1
2026.01.17 05:52:41 INFO  BSP server: Downloading https://s01.oss.sonatype.org/content/repositories/snapshots/io/monix/monix-eval_2.12/3.2.0/monix-eval_2.12-3.2.0.pom
2026.01.17 05:52:41 INFO  BSP server: Failed to download https://s01.oss.sonatype.org/content/repositories/snapshots/io/monix/monix-execution_2.12/3.2.0/monix-execution_2.12-3.2.0.pom.sha1
2026.01.17 05:52:41 INFO  BSP server: Failed to download https://s01.oss.sonatype.org/content/repositories/snapshots/net/java/dev/jna/jna/5.18.1/jna-5.18.1.pom.sha1
2026.01.17 05:52:41 INFO  BSP server: Downloading https://s01.oss.sonatype.org/content/repositories/snapshots/ch/epfl/scala/directory-watcher/0.8.0+6-f651bd93/directory-watcher-0.8.0+6-f651bd93.pom.sha1
2026.01.17 05:52:41 INFO  BSP server: Downloading https://s01.oss.sonatype.org/content/repositories/snapshots/org/scala-lang/scala-reflect/2.12.20/scala-reflect-2.12.20.pom.sha1
2026.01.17 05:52:41 INFO  BSP server: Failed to download https://s01.oss.sonatype.org/content/repositories/snapshots/net/jpountz/lz4/lz4/1.3.0/lz4-1.3.0.pom.sha1
2026.01.17 05:52:41 INFO  BSP server: Downloading https://s01.oss.sonatype.org/content/repositories/snapshots/org/zeroturnaround/zt-zip/1.17/zt-zip-1.17.pom.sha1
2026.01.17 05:52:41 INFO  BSP server: Failed to download https://s01.oss.sonatype.org/content/repositories/snapshots/com/lihaoyi/sourcecode_2.12/0.4.4/sourcecode_2.12-0.4.4.pom.sha1
2026.01.17 05:52:41 INFO  BSP server: Downloading https://s01.oss.sonatype.org/content/repositories/snapshots/com/lihaoyi/unroll-annotation_2.12/0.1.12/unroll-annotation_2.12-0.1.12.pom.sha1
2026.01.17 05:52:41 INFO  BSP server: Failed to download https://s01.oss.sonatype.org/content/repositories/snapshots/ch/qos/logback/logback-core/1.5.21/logback-core-1.5.21.pom.sha1
2026.01.17 05:52:41 INFO  BSP server: Downloading https://s01.oss.sonatype.org/content/repositories/snapshots/io/zipkin/brave/brave/5.18.1/brave-5.18.1.pom.sha1
2026.01.17 05:52:41 INFO  BSP server: Failed to download https://s01.oss.sonatype.org/content/repositories/snapshots/io/monix/monix-eval_2.12/3.2.0/monix-eval_2.12-3.2.0.pom
2026.01.17 05:52:41 INFO  BSP server: Downloading https://s01.oss.sonatype.org/content/repositories/snapshots/com/github/alexarchambault/case-app-util_2.12/2.0.6/case-app-util_2.12-2.0.6.pom
2026.01.17 05:52:41 INFO  BSP server: Failed to download https://s01.oss.sonatype.org/content/repositories/snapshots/ch/epfl/scala/directory-watcher/0.8.0+6-f651bd93/directory-watcher-0.8.0+6-f651bd93.pom.sha1
2026.01.17 05:52:41 INFO  BSP server: Downloading https://s01.oss.sonatype.org/content/repositories/snapshots/org/scala-sbt/librarymanagement-ivy_2.12/1.11.6/librarymanagement-ivy_2.12-1.11.6.pom.sha1
2026.01.17 05:52:41 INFO  BSP server: Failed to download https://s01.oss.sonatype.org/content/repositories/snapshots/org/scala-lang/scala-reflect/2.12.20/scala-reflect-2.12.20.pom.sha1
2026.01.17 05:52:41 INFO  BSP server: Downloading https://s01.oss.sonatype.org/content/repositories/snapshots/io/monix/monix-reactive_2.12/3.2.0/monix-reactive_2.12-3.2.0.pom
2026.01.17 05:52:41 INFO  BSP server: Failed to download https://s01.oss.sonatype.org/content/repositories/snapshots/org/zeroturnaround/zt-zip/1.17/zt-zip-1.17.pom.sha1
2026.01.17 05:52:41 INFO  BSP server: Downloading https://s01.oss.sonatype.org/content/repositories/snapshots/io/github/alexarchambault/bleep/nailgun-server/1.0.7/nailgun-server-1.0.7.pom
2026.01.17 05:52:41 INFO  BSP server: Failed to download https://s01.oss.sonatype.org/content/repositories/snapshots/io/zipkin/brave/brave/5.18.1/brave-5.18.1.pom.sha1
2026.01.17 05:52:41 INFO  BSP server: Downloading https://s01.oss.sonatype.org/content/repositories/snapshots/io/monix/monix-tail_2.12/3.2.0/monix-tail_2.12-3.2.0.pom
2026.01.17 05:52:41 INFO  BSP server: Failed to download https://s01.oss.sonatype.org/content/repositories/snapshots/com/lihaoyi/unroll-annotation_2.12/0.1.12/unroll-annotation_2.12-0.1.12.pom.sha1
2026.01.17 05:52:41 INFO  BSP server: Downloading https://s01.oss.sonatype.org/content/repositories/snapshots/org/ow2/asm/asm-util/9.9/asm-util-9.9.pom.sha1
2026.01.17 05:52:41 INFO  BSP server: Failed to download https://s01.oss.sonatype.org/content/repositories/snapshots/com/github/alexarchambault/case-app-util_2.12/2.0.6/case-app-util_2.12-2.0.6.pom
2026.01.17 05:52:41 INFO  BSP server: Downloading https://s01.oss.sonatype.org/content/repositories/snapshots/io/monix/monix-eval_2.12/3.2.0/monix-eval_2.12-3.2.0.pom.sha1
2026.01.17 05:52:41 INFO  BSP server: Failed to download https://s01.oss.sonatype.org/content/repositories/snapshots/org/scala-sbt/librarymanagement-ivy_2.12/1.11.6/librarymanagement-ivy_2.12-1.11.6.pom.sha1
2026.01.17 05:52:41 INFO  BSP server: Downloading https://s01.oss.sonatype.org/content/repositories/snapshots/com/github/plokhotnyuk/jsoniter-scala/jsoniter-scala-core_2.12/2.13.5.2/jsoniter-scala-core_2.12-2.13.5.2.pom
2026.01.17 05:52:41 INFO  BSP server: Failed to download https://s01.oss.sonatype.org/content/repositories/snapshots/io/monix/monix-reactive_2.12/3.2.0/monix-reactive_2.12-3.2.0.pom
2026.01.17 05:52:41 INFO  BSP server: Downloading https://s01.oss.sonatype.org/content/repositories/snapshots/org/apache/logging/log4j/log4j-core/2.23.0/log4j-core-2.23.0.pom
2026.01.17 05:52:41 INFO  BSP server: Failed to download https://s01.oss.sonatype.org/content/repositories/snapshots/io/monix/monix-tail_2.12/3.2.0/monix-tail_2.12-3.2.0.pom
2026.01.17 05:52:41 INFO  BSP server: Downloading https://central.sonatype.com/repository/maven-snapshots/io/monix/monix-java_2.12/3.2.0/monix-java_2.12-3.2.0.pom
2026.01.17 05:52:42 INFO  BSP server: Failed to download https://s01.oss.sonatype.org/content/repositories/snapshots/io/monix/monix-eval_2.12/3.2.0/monix-eval_2.12-3.2.0.pom.sha1
2026.01.17 05:52:42 INFO  BSP server: Downloading https://central.sonatype.com/repository/maven-snapshots/io/get-coursier/util/directories-jni/0.1.2/directories-jni-0.1.2.pom
2026.01.17 05:52:42 INFO  BSP server: Failed to download https://s01.oss.sonatype.org/content/repositories/snapshots/org/ow2/asm/asm-util/9.9/asm-util-9.9.pom.sha1
2026.01.17 05:52:42 INFO  BSP server: Failed to download https://s01.oss.sonatype.org/content/repositories/snapshots/io/github/alexarchambault/bleep/nailgun-server/1.0.7/nailgun-server-1.0.7.pom
2026.01.17 05:52:42 INFO  BSP server: Downloading https://central.sonatype.com/repository/maven-snapshots/org/scala-lang/modules/scala-collection-compat_2.12/2.13.0/scala-collection-compat_2.12-2.13.0.pom
2026.01.17 05:52:42 INFO  BSP server: Downloading https://central.sonatype.com/repository/maven-snapshots/io/monix/monix-catnap_2.12/3.2.0/monix-catnap_2.12-3.2.0.pom
2026.01.17 05:52:42 INFO  BSP server: Failed to download https://s01.oss.sonatype.org/content/repositories/snapshots/org/apache/logging/log4j/log4j-core/2.23.0/log4j-core-2.23.0.pom
2026.01.17 05:52:42 INFO  BSP server: Downloading https://central.sonatype.com/repository/maven-snapshots/io/github/alexarchambault/bleep/jsonrpc4s_2.12/0.1.1/jsonrpc4s_2.12-0.1.1.pom
2026.01.17 05:52:42 INFO  BSP server: Failed to download https://central.sonatype.com/repository/maven-snapshots/io/monix/monix-java_2.12/3.2.0/monix-java_2.12-3.2.0.pom
2026.01.17 05:52:42 INFO  BSP server: Downloading https://s01.oss.sonatype.org/content/repositories/snapshots/com/github/alexarchambault/case-app-util_2.12/2.0.6/case-app-util_2.12-2.0.6.pom.sha1
2026.01.17 05:52:42 INFO  BSP server: Failed to download https://s01.oss.sonatype.org/content/repositories/snapshots/com/github/plokhotnyuk/jsoniter-scala/jsoniter-scala-core_2.12/2.13.5.2/jsoniter-scala-core_2.12-2.13.5.2.pom
2026.01.17 05:52:42 INFO  BSP server: Downloading https://central.sonatype.com/repository/maven-snapshots/com/github/alexarchambault/case-app-annotations_2.12/2.0.6/case-app-annotations_2.12-2.0.6.pom
2026.01.17 05:52:42 INFO  BSP server: Failed to download https://central.sonatype.com/repository/maven-snapshots/io/get-coursier/util/directories-jni/0.1.2/directories-jni-0.1.2.pom
2026.01.17 05:52:42 INFO  BSP server: Downloading https://central.sonatype.com/repository/maven-snapshots/com/lihaoyi/pprint_2.12/0.9.4/pprint_2.12-0.9.4.pom
2026.01.17 05:52:42 INFO  BSP server: Failed to download https://central.sonatype.com/repository/maven-snapshots/org/scala-lang/modules/scala-collection-compat_2.12/2.13.0/scala-collection-compat_2.12-2.13.0.pom
2026.01.17 05:52:42 INFO  BSP server: Downloading https://central.sonatype.com/repository/maven-snapshots/org/scalameta/parsers_2.12/4.13.8/parsers_2.12-4.13.8.pom
2026.01.17 05:52:42 INFO  BSP server: Failed to download https://central.sonatype.com/repository/maven-snapshots/io/monix/monix-catnap_2.12/3.2.0/monix-catnap_2.12-3.2.0.pom
2026.01.17 05:52:42 INFO  BSP server: Downloading https://central.sonatype.com/repository/maven-snapshots/com/github/plokhotnyuk/jsoniter-scala/jsoniter-scala-macros_2.12/2.13.3.2/jsoniter-scala-macros_2.12-2.13.3.2.pom
2026.01.17 05:52:42 INFO  BSP server: Failed to download https://central.sonatype.com/repository/maven-snapshots/io/github/alexarchambault/bleep/jsonrpc4s_2.12/0.1.1/jsonrpc4s_2.12-0.1.1.pom
2026.01.17 05:52:42 INFO  BSP server: Downloading https://central.sonatype.com/repository/maven-snapshots/org/scala-sbt/test-agent/1.11.7/test-agent-1.11.7.pom
2026.01.17 05:52:42 INFO  BSP server: Failed to download https://s01.oss.sonatype.org/content/repositories/snapshots/com/github/alexarchambault/case-app-util_2.12/2.0.6/case-app-util_2.12-2.0.6.pom.sha1
2026.01.17 05:52:42 INFO  BSP server: Downloading https://central.sonatype.com/repository/maven-snapshots/io/zipkin/reporter2/zipkin-sender-urlconnection/2.17.2/zipkin-sender-urlconnection-2.17.2.pom
2026.01.17 05:52:42 INFO  BSP server: Failed to download https://central.sonatype.com/repository/maven-snapshots/com/github/alexarchambault/case-app-annotations_2.12/2.0.6/case-app-annotations_2.12-2.0.6.pom
2026.01.17 05:52:42 INFO  BSP server: Downloading https://s01.oss.sonatype.org/content/repositories/snapshots/io/monix/monix-reactive_2.12/3.2.0/monix-reactive_2.12-3.2.0.pom.sha1
2026.01.17 05:52:42 INFO  BSP server: Failed to download https://central.sonatype.com/repository/maven-snapshots/com/lihaoyi/pprint_2.12/0.9.4/pprint_2.12-0.9.4.pom
2026.01.17 05:52:42 INFO  BSP server: Failed to download https://central.sonatype.com/repository/maven-snapshots/org/scalameta/parsers_2.12/4.13.8/parsers_2.12-4.13.8.pom
2026.01.17 05:52:42 INFO  BSP server: Downloading https://central.sonatype.com/repository/maven-snapshots/org/scala-sbt/zinc_2.12/1.11.0/zinc_2.12-1.11.0.pom
2026.01.17 05:52:42 INFO  BSP server: Downloading https://central.sonatype.com/repository/maven-snapshots/ch/epfl/scala/bsp4s_2.12/2.1.1/bsp4s_2.12-2.1.1.pom
2026.01.17 05:52:42 INFO  BSP server: Failed to download https://central.sonatype.com/repository/maven-snapshots/com/github/plokhotnyuk/jsoniter-scala/jsoniter-scala-macros_2.12/2.13.3.2/jsoniter-scala-macros_2.12-2.13.3.2.pom
2026.01.17 05:52:42 INFO  BSP server: Downloading https://central.sonatype.com/repository/maven-snapshots/io/monix/monix-execution_2.12/3.2.0/monix-execution_2.12-3.2.0.pom
2026.01.17 05:52:42 INFO  BSP server: Failed to download https://central.sonatype.com/repository/maven-snapshots/org/scala-sbt/test-agent/1.11.7/test-agent-1.11.7.pom
2026.01.17 05:52:42 INFO  BSP server: Downloading https://central.sonatype.com/repository/maven-snapshots/net/java/dev/jna/jna/5.18.1/jna-5.18.1.pom
2026.01.17 05:52:42 INFO  BSP server: Failed to download https://central.sonatype.com/repository/maven-snapshots/io/zipkin/reporter2/zipkin-sender-urlconnection/2.17.2/zipkin-sender-urlconnection-2.17.2.pom
2026.01.17 05:52:42 INFO  BSP server: Downloading https://s01.oss.sonatype.org/content/repositories/snapshots/io/monix/monix-tail_2.12/3.2.0/monix-tail_2.12-3.2.0.pom.sha1
2026.01.17 05:52:42 INFO  BSP server: Failed to download https://s01.oss.sonatype.org/content/repositories/snapshots/io/monix/monix-reactive_2.12/3.2.0/monix-reactive_2.12-3.2.0.pom.sha1
2026.01.17 05:52:42 INFO  BSP server: Downloading https://central.sonatype.com/repository/maven-snapshots/net/jpountz/lz4/lz4/1.3.0/lz4-1.3.0.pom
2026.01.17 05:52:42 INFO  BSP server: Failed to download https://central.sonatype.com/repository/maven-snapshots/ch/epfl/scala/bsp4s_2.12/2.1.1/bsp4s_2.12-2.1.1.pom
2026.01.17 05:52:42 INFO  BSP server: Downloading https://central.sonatype.com/repository/maven-snapshots/com/lihaoyi/sourcecode_2.12/0.4.4/sourcecode_2.12-0.4.4.pom
2026.01.17 05:52:42 INFO  BSP server: Failed to download https://central.sonatype.com/repository/maven-snapshots/net/java/dev/jna/jna/5.18.1/jna-5.18.1.pom
2026.01.17 05:52:42 INFO  BSP server: Downloading https://central.sonatype.com/repository/maven-snapshots/ch/qos/logback/logback-core/1.5.21/logback-core-1.5.21.pom
2026.01.17 05:52:42 INFO  BSP server: Failed to download https://central.sonatype.com/repository/maven-snapshots/io/monix/monix-execution_2.12/3.2.0/monix-execution_2.12-3.2.0.pom
2026.01.17 05:52:42 INFO  BSP server: Downloading https://s01.oss.sonatype.org/content/repositories/snapshots/io/github/alexarchambault/bleep/nailgun-server/1.0.7/nailgun-server-1.0.7.pom.sha1
2026.01.17 05:52:42 INFO  BSP server: Failed to download https://central.sonatype.com/repository/maven-snapshots/org/scala-sbt/zinc_2.12/1.11.0/zinc_2.12-1.11.0.pom
2026.01.17 05:52:42 INFO  BSP server: Downloading https://central.sonatype.com/repository/maven-snapshots/ch/epfl/scala/directory-watcher/0.8.0+6-f651bd93/directory-watcher-0.8.0+6-f651bd93.pom
2026.01.17 05:52:42 INFO  BSP server: Failed to download https://s01.oss.sonatype.org/content/repositories/snapshots/io/monix/monix-tail_2.12/3.2.0/monix-tail_2.12-3.2.0.pom.sha1
2026.01.17 05:52:42 INFO  BSP server: Downloading https://s01.oss.sonatype.org/content/repositories/snapshots/org/apache/logging/log4j/log4j-core/2.23.0/log4j-core-2.23.0.pom.sha1
2026.01.17 05:52:42 INFO  BSP server: Failed to download https://central.sonatype.com/repository/maven-snapshots/net/jpountz/lz4/lz4/1.3.0/lz4-1.3.0.pom
2026.01.17 05:52:42 INFO  BSP server: Downloading https://central.sonatype.com/repository/maven-snapshots/io/monix/monix-java_2.12/3.2.0/monix-java_2.12-3.2.0.pom.sha1
2026.01.17 05:52:42 INFO  BSP server: Failed to download https://central.sonatype.com/repository/maven-snapshots/com/lihaoyi/sourcecode_2.12/0.4.4/sourcecode_2.12-0.4.4.pom
2026.01.17 05:52:42 INFO  BSP server: Downloading https://s01.oss.sonatype.org/content/repositories/snapshots/com/github/plokhotnyuk/jsoniter-scala/jsoniter-scala-core_2.12/2.13.5.2/jsoniter-scala-core_2.12-2.13.5.2.pom.sha1
2026.01.17 05:52:42 INFO  BSP server: Failed to download https://s01.oss.sonatype.org/content/repositories/snapshots/io/github/alexarchambault/bleep/nailgun-server/1.0.7/nailgun-server-1.0.7.pom.sha1
2026.01.17 05:52:42 INFO  BSP server: Downloading https://central.sonatype.com/repository/maven-snapshots/io/get-coursier/util/directories-jni/0.1.2/directories-jni-0.1.2.pom.sha1
2026.01.17 05:52:42 INFO  BSP server: Failed to download https://central.sonatype.com/repository/maven-snapshots/ch/qos/logback/logback-core/1.5.21/logback-core-1.5.21.pom
2026.01.17 05:52:42 INFO  BSP server: Downloading https://central.sonatype.com/repository/maven-snapshots/org/scala-lang/modules/scala-collection-compat_2.12/2.13.0/scala-collection-compat_2.12-2.13.0.pom.sha1
2026.01.17 05:52:42 INFO  BSP server: Failed to download https://central.sonatype.com/repository/maven-snapshots/ch/epfl/scala/directory-watcher/0.8.0+6-f651bd93/directory-watcher-0.8.0+6-f651bd93.pom
2026.01.17 05:52:42 INFO  BSP server: Downloading https://central.sonatype.com/repository/maven-snapshots/io/github/alexarchambault/bleep/jsonrpc4s_2.12/0.1.1/jsonrpc4s_2.12-0.1.1.pom.sha1
2026.01.17 05:52:42 INFO  BSP server: Failed to download https://s01.oss.sonatype.org/content/repositories/snapshots/org/apache/logging/log4j/log4j-core/2.23.0/log4j-core-2.23.0.pom.sha1
2026.01.17 05:52:42 INFO  BSP server: Downloading https://central.sonatype.com/repository/maven-snapshots/io/monix/monix-catnap_2.12/3.2.0/monix-catnap_2.12-3.2.0.pom.sha1
2026.01.17 05:52:42 INFO  BSP server: Failed to download https://s01.oss.sonatype.org/content/repositories/snapshots/com/github/plokhotnyuk/jsoniter-scala/jsoniter-scala-core_2.12/2.13.5.2/jsoniter-scala-core_2.12-2.13.5.2.pom.sha1
2026.01.17 05:52:42 INFO  BSP server: Downloading https://central.sonatype.com/repository/maven-snapshots/org/scala-lang/scala-reflect/2.12.20/scala-reflect-2.12.20.pom
2026.01.17 05:52:42 INFO  BSP server: Failed to download https://central.sonatype.com/repository/maven-snapshots/io/monix/monix-java_2.12/3.2.0/monix-java_2.12-3.2.0.pom.sha1
2026.01.17 05:52:42 INFO  BSP server: Downloading https://central.sonatype.com/repository/maven-snapshots/com/github/alexarchambault/case-app-annotations_2.12/2.0.6/case-app-annotations_2.12-2.0.6.pom.sha1
2026.01.17 05:52:42 INFO  BSP server: Failed to download https://central.sonatype.com/repository/maven-snapshots/org/scala-lang/modules/scala-collection-compat_2.12/2.13.0/scala-collection-compat_2.12-2.13.0.pom.sha1
2026.01.17 05:52:42 INFO  BSP server: Failed to download https://central.sonatype.com/repository/maven-snapshots/io/get-coursier/util/directories-jni/0.1.2/directories-jni-0.1.2.pom.sha1
2026.01.17 05:52:42 INFO  BSP server: Downloading https://central.sonatype.com/repository/maven-snapshots/org/zeroturnaround/zt-zip/1.17/zt-zip-1.17.pom
2026.01.17 05:52:42 INFO  BSP server: Downloading https://central.sonatype.com/repository/maven-snapshots/io/zipkin/brave/brave/5.18.1/brave-5.18.1.pom
2026.01.17 05:52:43 INFO  BSP server: Failed to download https://central.sonatype.com/repository/maven-snapshots/io/github/alexarchambault/bleep/jsonrpc4s_2.12/0.1.1/jsonrpc4s_2.12-0.1.1.pom.sha1
2026.01.17 05:52:43 INFO  BSP server: Downloading https://central.sonatype.com/repository/maven-snapshots/com/lihaoyi/pprint_2.12/0.9.4/pprint_2.12-0.9.4.pom.sha1
2026.01.17 05:52:43 INFO  BSP server: Failed to download https://central.sonatype.com/repository/maven-snapshots/io/monix/monix-catnap_2.12/3.2.0/monix-catnap_2.12-3.2.0.pom.sha1
2026.01.17 05:52:43 INFO  BSP server: Downloading https://central.sonatype.com/repository/maven-snapshots/com/lihaoyi/unroll-annotation_2.12/0.1.12/unroll-annotation_2.12-0.1.12.pom
2026.01.17 05:52:43 INFO  BSP server: Failed to download https://central.sonatype.com/repository/maven-snapshots/org/scala-lang/scala-reflect/2.12.20/scala-reflect-2.12.20.pom
2026.01.17 05:52:43 INFO  BSP server: Downloading https://central.sonatype.com/repository/maven-snapshots/org/scalameta/parsers_2.12/4.13.8/parsers_2.12-4.13.8.pom.sha1
2026.01.17 05:52:43 INFO  BSP server: Failed to download https://central.sonatype.com/repository/maven-snapshots/org/zeroturnaround/zt-zip/1.17/zt-zip-1.17.pom
2026.01.17 05:52:43 INFO  BSP server: Downloading https://central.sonatype.com/repository/maven-snapshots/com/github/plokhotnyuk/jsoniter-scala/jsoniter-scala-macros_2.12/2.13.3.2/jsoniter-scala-macros_2.12-2.13.3.2.pom.sha1
2026.01.17 05:52:43 INFO  BSP server: Failed to download https://central.sonatype.com/repository/maven-snapshots/com/github/alexarchambault/case-app-annotations_2.12/2.0.6/case-app-annotations_2.12-2.0.6.pom.sha1
2026.01.17 05:52:43 INFO  BSP server: Downloading https://central.sonatype.com/repository/maven-snapshots/org/scala-sbt/test-agent/1.11.7/test-agent-1.11.7.pom.sha1
2026.01.17 05:52:43 INFO  BSP server: Failed to download https://central.sonatype.com/repository/maven-snapshots/com/lihaoyi/unroll-annotation_2.12/0.1.12/unroll-annotation_2.12-0.1.12.pom
2026.01.17 05:52:43 INFO  BSP server: Failed to download https://central.sonatype.com/repository/maven-snapshots/io/zipkin/brave/brave/5.18.1/brave-5.18.1.pom
2026.01.17 05:52:43 INFO  BSP server: Downloading https://central.sonatype.com/repository/maven-snapshots/io/zipkin/reporter2/zipkin-sender-urlconnection/2.17.2/zipkin-sender-urlconnection-2.17.2.pom.sha1
2026.01.17 05:52:43 INFO  BSP server: Failed to download https://central.sonatype.com/repository/maven-snapshots/com/lihaoyi/pprint_2.12/0.9.4/pprint_2.12-0.9.4.pom.sha1
2026.01.17 05:52:43 INFO  BSP server: Downloading https://central.sonatype.com/repository/maven-snapshots/ch/epfl/scala/bsp4s_2.12/2.1.1/bsp4s_2.12-2.1.1.pom.sha1
2026.01.17 05:52:43 INFO  BSP server: Downloading https://central.sonatype.com/repository/maven-snapshots/net/java/dev/jna/jna/5.18.1/jna-5.18.1.pom.sha1
2026.01.17 05:52:43 INFO  BSP server: Failed to download https://central.sonatype.com/repository/maven-snapshots/org/scala-sbt/test-agent/1.11.7/test-agent-1.11.7.pom.sha1
2026.01.17 05:52:43 INFO  BSP server: Failed to download https://central.sonatype.com/repository/maven-snapshots/com/github/plokhotnyuk/jsoniter-scala/jsoniter-scala-macros_2.12/2.13.3.2/jsoniter-scala-macros_2.12-2.13.3.2.pom.sha1
2026.01.17 05:52:43 INFO  BSP server: Downloading https://central.sonatype.com/repository/maven-snapshots/io/monix/monix-execution_2.12/3.2.0/monix-execution_2.12-3.2.0.pom.sha1
2026.01.17 05:52:43 INFO  BSP server: Downloading https://central.sonatype.com/repository/maven-snapshots/org/scala-sbt/librarymanagement-ivy_2.12/1.11.6/librarymanagement-ivy_2.12-1.11.6.pom
2026.01.17 05:52:43 INFO  BSP server: Failed to download https://central.sonatype.com/repository/maven-snapshots/org/scalameta/parsers_2.12/4.13.8/parsers_2.12-4.13.8.pom.sha1
2026.01.17 05:52:43 INFO  BSP server: Downloading https://central.sonatype.com/repository/maven-snapshots/org/scala-sbt/zinc_2.12/1.11.0/zinc_2.12-1.11.0.pom.sha1
2026.01.17 05:52:43 INFO  BSP server: Failed to download https://central.sonatype.com/repository/maven-snapshots/net/java/dev/jna/jna/5.18.1/jna-5.18.1.pom.sha1
2026.01.17 05:52:43 INFO  BSP server: Downloading https://central.sonatype.com/repository/maven-snapshots/net/jpountz/lz4/lz4/1.3.0/lz4-1.3.0.pom.sha1
2026.01.17 05:52:43 INFO  BSP server: Failed to download https://central.sonatype.com/repository/maven-snapshots/ch/epfl/scala/bsp4s_2.12/2.1.1/bsp4s_2.12-2.1.1.pom.sha1
2026.01.17 05:52:43 INFO  BSP server: Downloading https://central.sonatype.com/repository/maven-snapshots/com/lihaoyi/sourcecode_2.12/0.4.4/sourcecode_2.12-0.4.4.pom.sha1
2026.01.17 05:52:43 INFO  BSP server: Failed to download https://central.sonatype.com/repository/maven-snapshots/io/zipkin/reporter2/zipkin-sender-urlconnection/2.17.2/zipkin-sender-urlconnection-2.17.2.pom.sha1
2026.01.17 05:52:43 INFO  BSP server: Downloading https://central.sonatype.com/repository/maven-snapshots/ch/qos/logback/logback-core/1.5.21/logback-core-1.5.21.pom.sha1
2026.01.17 05:52:43 INFO  BSP server: Failed to download https://central.sonatype.com/repository/maven-snapshots/org/scala-sbt/zinc_2.12/1.11.0/zinc_2.12-1.11.0.pom.sha1
2026.01.17 05:52:43 INFO  BSP server: Downloading https://central.sonatype.com/repository/maven-snapshots/ch/epfl/scala/directory-watcher/0.8.0+6-f651bd93/directory-watcher-0.8.0+6-f651bd93.pom.sha1
2026.01.17 05:52:43 INFO  BSP server: Failed to download https://central.sonatype.com/repository/maven-snapshots/io/monix/monix-execution_2.12/3.2.0/monix-execution_2.12-3.2.0.pom.sha1
2026.01.17 05:52:43 INFO  BSP server: Failed to download https://central.sonatype.com/repository/maven-snapshots/org/scala-sbt/librarymanagement-ivy_2.12/1.11.6/librarymanagement-ivy_2.12-1.11.6.pom
2026.01.17 05:52:43 INFO  BSP server: Downloading https://central.sonatype.com/repository/maven-snapshots/io/monix/monix-eval_2.12/3.2.0/monix-eval_2.12-3.2.0.pom
2026.01.17 05:52:43 INFO  BSP server: Downloading https://central.sonatype.com/repository/maven-snapshots/org/ow2/asm/asm-util/9.9/asm-util-9.9.pom
2026.01.17 05:52:43 INFO  BSP server: Failed to download https://central.sonatype.com/repository/maven-snapshots/com/lihaoyi/sourcecode_2.12/0.4.4/sourcecode_2.12-0.4.4.pom.sha1
2026.01.17 05:52:43 INFO  BSP server: Downloading https://central.sonatype.com/repository/maven-snapshots/org/scala-lang/scala-reflect/2.12.20/scala-reflect-2.12.20.pom.sha1
2026.01.17 05:52:43 INFO  BSP server: Failed to download https://central.sonatype.com/repository/maven-snapshots/net/jpountz/lz4/lz4/1.3.0/lz4-1.3.0.pom.sha1
2026.01.17 05:52:43 INFO  BSP server: Downloading https://central.sonatype.com/repository/maven-snapshots/org/zeroturnaround/zt-zip/1.17/zt-zip-1.17.pom.sha1
2026.01.17 05:52:43 INFO  BSP server: Failed to download https://central.sonatype.com/repository/maven-snapshots/ch/qos/logback/logback-core/1.5.21/logback-core-1.5.21.pom.sha1
2026.01.17 05:52:43 INFO  BSP server: Downloading https://central.sonatype.com/repository/maven-snapshots/com/lihaoyi/unroll-annotation_2.12/0.1.12/unroll-annotation_2.12-0.1.12.pom.sha1
2026.01.17 05:52:43 INFO  BSP server: Failed to download https://central.sonatype.com/repository/maven-snapshots/io/monix/monix-eval_2.12/3.2.0/monix-eval_2.12-3.2.0.pom
2026.01.17 05:52:43 INFO  BSP server: Downloading https://central.sonatype.com/repository/maven-snapshots/io/zipkin/brave/brave/5.18.1/brave-5.18.1.pom.sha1
2026.01.17 05:52:43 INFO  BSP server: Failed to download https://central.sonatype.com/repository/maven-snapshots/ch/epfl/scala/directory-watcher/0.8.0+6-f651bd93/directory-watcher-0.8.0+6-f651bd93.pom.sha1
2026.01.17 05:52:43 INFO  BSP server: Downloading https://central.sonatype.com/repository/maven-snapshots/com/github/alexarchambault/case-app-util_2.12/2.0.6/case-app-util_2.12-2.0.6.pom
2026.01.17 05:52:43 INFO  BSP server: Failed to download https://central.sonatype.com/repository/maven-snapshots/org/ow2/asm/asm-util/9.9/asm-util-9.9.pom
2026.01.17 05:52:43 INFO  BSP server: Downloading https://central.sonatype.com/repository/maven-snapshots/org/scala-sbt/librarymanagement-ivy_2.12/1.11.6/librarymanagement-ivy_2.12-1.11.6.pom.sha1
2026.01.17 05:52:43 INFO  BSP server: Failed to download https://central.sonatype.com/repository/maven-snapshots/org/scala-lang/scala-reflect/2.12.20/scala-reflect-2.12.20.pom.sha1
2026.01.17 05:52:43 INFO  BSP server: Failed to download https://central.sonatype.com/repository/maven-snapshots/org/zeroturnaround/zt-zip/1.17/zt-zip-1.17.pom.sha1
2026.01.17 05:52:43 INFO  BSP server: Downloading https://central.sonatype.com/repository/maven-snapshots/io/monix/monix-reactive_2.12/3.2.0/monix-reactive_2.12-3.2.0.pom
2026.01.17 05:52:43 INFO  BSP server: Failed to download https://central.sonatype.com/repository/maven-snapshots/com/lihaoyi/unroll-annotation_2.12/0.1.12/unroll-annotation_2.12-0.1.12.pom.sha1
2026.01.17 05:52:43 INFO  BSP server: Downloading https://central.sonatype.com/repository/maven-snapshots/io/monix/monix-tail_2.12/3.2.0/monix-tail_2.12-3.2.0.pom
2026.01.17 05:52:43 INFO  BSP server: Downloading https://central.sonatype.com/repository/maven-snapshots/io/github/alexarchambault/bleep/nailgun-server/1.0.7/nailgun-server-1.0.7.pom
2026.01.17 05:52:43 INFO  BSP server: Failed to download https://central.sonatype.com/repository/maven-snapshots/com/github/alexarchambault/case-app-util_2.12/2.0.6/case-app-util_2.12-2.0.6.pom
2026.01.17 05:52:43 INFO  BSP server: Failed to download https://central.sonatype.com/repository/maven-snapshots/io/zipkin/brave/brave/5.18.1/brave-5.18.1.pom.sha1
2026.01.17 05:52:43 INFO  BSP server: Downloading https://central.sonatype.com/repository/maven-snapshots/io/monix/monix-eval_2.12/3.2.0/monix-eval_2.12-3.2.0.pom.sha1
2026.01.17 05:52:43 INFO  BSP server: Failed to download https://central.sonatype.com/repository/maven-snapshots/org/scala-sbt/librarymanagement-ivy_2.12/1.11.6/librarymanagement-ivy_2.12-1.11.6.pom.sha1
2026.01.17 05:52:43 INFO  BSP server: Downloading https://central.sonatype.com/repository/maven-snapshots/org/apache/logging/log4j/log4j-core/2.23.0/log4j-core-2.23.0.pom
2026.01.17 05:52:43 INFO  BSP server: Downloading https://repo.scala-lang.org/artifactory/maven-nightlies/io/monix/monix-java_2.12/3.2.0/monix-java_2.12-3.2.0.pom
2026.01.17 05:52:44 INFO  BSP server: Failed to download https://central.sonatype.com/repository/maven-snapshots/io/monix/monix-reactive_2.12/3.2.0/monix-reactive_2.12-3.2.0.pom
2026.01.17 05:52:44 INFO  BSP server: Downloading https://central.sonatype.com/repository/maven-snapshots/com/github/plokhotnyuk/jsoniter-scala/jsoniter-scala-core_2.12/2.13.5.2/jsoniter-scala-core_2.12-2.13.5.2.pom
2026.01.17 05:52:44 INFO  BSP server: Failed to download https://central.sonatype.com/repository/maven-snapshots/io/monix/monix-tail_2.12/3.2.0/monix-tail_2.12-3.2.0.pom
2026.01.17 05:52:44 INFO  BSP server: Downloading https://repo.scala-lang.org/artifactory/maven-nightlies/org/scala-lang/modules/scala-collection-compat_2.12/2.13.0/scala-collection-compat_2.12-2.13.0.pom
2026.01.17 05:52:44 INFO  BSP server: Failed to download https://central.sonatype.com/repository/maven-snapshots/io/github/alexarchambault/bleep/nailgun-server/1.0.7/nailgun-server-1.0.7.pom
2026.01.17 05:52:44 INFO  BSP server: Downloading https://central.sonatype.com/repository/maven-snapshots/org/ow2/asm/asm-util/9.9/asm-util-9.9.pom.sha1
2026.01.17 05:52:44 INFO  BSP server: Failed to download https://central.sonatype.com/repository/maven-snapshots/org/apache/logging/log4j/log4j-core/2.23.0/log4j-core-2.23.0.pom
2026.01.17 05:52:44 INFO  BSP server: Downloading https://repo.scala-lang.org/artifactory/maven-nightlies/io/get-coursier/util/directories-jni/0.1.2/directories-jni-0.1.2.pom
2026.01.17 05:52:44 INFO  BSP server: Failed to download https://central.sonatype.com/repository/maven-snapshots/io/monix/monix-eval_2.12/3.2.0/monix-eval_2.12-3.2.0.pom.sha1
2026.01.17 05:52:44 INFO  BSP server: Downloading https://repo.scala-lang.org/artifactory/maven-nightlies/io/github/alexarchambault/bleep/jsonrpc4s_2.12/0.1.1/jsonrpc4s_2.12-0.1.1.pom
2026.01.17 05:52:44 INFO  BSP server: Failed to download https://central.sonatype.com/repository/maven-snapshots/com/github/plokhotnyuk/jsoniter-scala/jsoniter-scala-core_2.12/2.13.5.2/jsoniter-scala-core_2.12-2.13.5.2.pom
2026.01.17 05:52:44 INFO  BSP server: Failed to download https://central.sonatype.com/repository/maven-snapshots/org/ow2/asm/asm-util/9.9/asm-util-9.9.pom.sha1
2026.01.17 05:52:44 INFO  BSP server: Downloading https://repo.scala-lang.org/artifactory/maven-nightlies/io/monix/monix-catnap_2.12/3.2.0/monix-catnap_2.12-3.2.0.pom
2026.01.17 05:52:44 INFO  BSP server: Downloading https://repo.scala-lang.org/artifactory/maven-nightlies/com/github/alexarchambault/case-app-annotations_2.12/2.0.6/case-app-annotations_2.12-2.0.6.pom
2026.01.17 05:52:44 INFO  BSP server: Downloaded https://repo.scala-lang.org/artifactory/maven-nightlies/io/monix/monix-java_2.12/3.2.0/monix-java_2.12-3.2.0.pom
2026.01.17 05:52:44 INFO  BSP server: Downloading https://repo.scala-lang.org/artifactory/maven-nightlies/com/lihaoyi/pprint_2.12/0.9.4/pprint_2.12-0.9.4.pom
2026.01.17 05:52:44 INFO  BSP server: Downloaded https://repo.scala-lang.org/artifactory/maven-nightlies/org/scala-lang/modules/scala-collection-compat_2.12/2.13.0/scala-collection-compat_2.12-2.13.0.pom
2026.01.17 05:52:44 INFO  BSP server: Downloading https://repo.scala-lang.org/artifactory/maven-nightlies/org/scala-sbt/test-agent/1.11.7/test-agent-1.11.7.pom
2026.01.17 05:52:44 INFO  BSP server: Downloaded https://repo.scala-lang.org/artifactory/maven-nightlies/io/get-coursier/util/directories-jni/0.1.2/directories-jni-0.1.2.pom
2026.01.17 05:52:44 INFO  BSP server: Downloading https://repo.scala-lang.org/artifactory/maven-nightlies/com/github/plokhotnyuk/jsoniter-scala/jsoniter-scala-macros_2.12/2.13.3.2/jsoniter-scala-macros_2.12-2.13.3.2.pom
2026.01.17 05:52:44 INFO  BSP server: Downloaded https://repo.scala-lang.org/artifactory/maven-nightlies/io/github/alexarchambault/bleep/jsonrpc4s_2.12/0.1.1/jsonrpc4s_2.12-0.1.1.pom
2026.01.17 05:52:44 INFO  BSP server: Downloading https://repo.scala-lang.org/artifactory/maven-nightlies/org/scalameta/parsers_2.12/4.13.8/parsers_2.12-4.13.8.pom
2026.01.17 05:52:44 INFO  BSP server: Downloaded https://repo.scala-lang.org/artifactory/maven-nightlies/org/scalameta/parsers_2.12/4.13.8/parsers_2.12-4.13.8.pom
2026.01.17 05:52:44 INFO  BSP server: Downloading https://repo.scala-lang.org/artifactory/maven-nightlies/net/java/dev/jna/jna/5.18.1/jna-5.18.1.pom
2026.01.17 05:52:44 INFO  BSP server: Downloaded https://repo.scala-lang.org/artifactory/maven-nightlies/io/monix/monix-catnap_2.12/3.2.0/monix-catnap_2.12-3.2.0.pom
2026.01.17 05:52:44 INFO  BSP server: Downloading https://repo.scala-lang.org/artifactory/maven-nightlies/ch/epfl/scala/bsp4s_2.12/2.1.1/bsp4s_2.12-2.1.1.pom
2026.01.17 05:52:44 INFO  BSP server: Downloaded https://repo.scala-lang.org/artifactory/maven-nightlies/com/github/alexarchambault/case-app-annotations_2.12/2.0.6/case-app-annotations_2.12-2.0.6.pom
2026.01.17 05:52:44 INFO  BSP server: Downloading https://repo.scala-lang.org/artifactory/maven-nightlies/io/zipkin/reporter2/zipkin-sender-urlconnection/2.17.2/zipkin-sender-urlconnection-2.17.2.pom
2026.01.17 05:52:44 INFO  BSP server: Downloaded https://repo.scala-lang.org/artifactory/maven-nightlies/com/lihaoyi/pprint_2.12/0.9.4/pprint_2.12-0.9.4.pom
2026.01.17 05:52:44 INFO  BSP server: Downloading https://repo.scala-lang.org/artifactory/maven-nightlies/org/scala-sbt/zinc_2.12/1.11.0/zinc_2.12-1.11.0.pom
2026.01.17 05:52:44 INFO  BSP server: Downloaded https://repo.scala-lang.org/artifactory/maven-nightlies/org/scala-sbt/test-agent/1.11.7/test-agent-1.11.7.pom
2026.01.17 05:52:44 INFO  BSP server: Downloading https://central.sonatype.com/repository/maven-snapshots/com/github/alexarchambault/case-app-util_2.12/2.0.6/case-app-util_2.12-2.0.6.pom.sha1
2026.01.17 05:52:45 INFO  BSP server: Downloaded https://repo.scala-lang.org/artifactory/maven-nightlies/net/java/dev/jna/jna/5.18.1/jna-5.18.1.pom
2026.01.17 05:52:45 INFO  BSP server: Downloading https://repo.scala-lang.org/artifactory/maven-nightlies/io/monix/monix-execution_2.12/3.2.0/monix-execution_2.12-3.2.0.pom
2026.01.17 05:52:45 INFO  BSP server: Downloaded https://repo.scala-lang.org/artifactory/maven-nightlies/com/github/plokhotnyuk/jsoniter-scala/jsoniter-scala-macros_2.12/2.13.3.2/jsoniter-scala-macros_2.12-2.13.3.2.pom
2026.01.17 05:52:45 INFO  BSP server: Downloading https://central.sonatype.com/repository/maven-snapshots/io/monix/monix-reactive_2.12/3.2.0/monix-reactive_2.12-3.2.0.pom.sha1
2026.01.17 05:52:45 INFO  BSP server: Downloaded https://repo.scala-lang.org/artifactory/maven-nightlies/io/monix/monix-execution_2.12/3.2.0/monix-execution_2.12-3.2.0.pom
2026.01.17 05:52:45 INFO  BSP server: Downloading https://central.sonatype.com/repository/maven-snapshots/io/monix/monix-tail_2.12/3.2.0/monix-tail_2.12-3.2.0.pom.sha1
2026.01.17 05:52:45 INFO  BSP server: Downloaded https://repo.scala-lang.org/artifactory/maven-nightlies/ch/epfl/scala/bsp4s_2.12/2.1.1/bsp4s_2.12-2.1.1.pom
2026.01.17 05:52:45 INFO  BSP server: Downloading https://central.sonatype.com/repository/maven-snapshots/io/github/alexarchambault/bleep/nailgun-server/1.0.7/nailgun-server-1.0.7.pom.sha1
2026.01.17 05:52:45 INFO  BSP server: Failed to download https://central.sonatype.com/repository/maven-snapshots/com/github/alexarchambault/case-app-util_2.12/2.0.6/case-app-util_2.12-2.0.6.pom.sha1
2026.01.17 05:52:45 INFO  BSP server: Downloading https://central.sonatype.com/repository/maven-snapshots/org/apache/logging/log4j/log4j-core/2.23.0/log4j-core-2.23.0.pom.sha1
2026.01.17 05:52:45 INFO  BSP server: Downloaded https://repo.scala-lang.org/artifactory/maven-nightlies/org/scala-sbt/zinc_2.12/1.11.0/zinc_2.12-1.11.0.pom
2026.01.17 05:52:45 INFO  BSP server: Downloading https://central.sonatype.com/repository/maven-snapshots/com/github/plokhotnyuk/jsoniter-scala/jsoniter-scala-core_2.12/2.13.5.2/jsoniter-scala-core_2.12-2.13.5.2.pom.sha1
2026.01.17 05:52:45 INFO  BSP server: Downloaded https://repo.scala-lang.org/artifactory/maven-nightlies/io/zipkin/reporter2/zipkin-sender-urlconnection/2.17.2/zipkin-sender-urlconnection-2.17.2.pom
2026.01.17 05:52:45 INFO  BSP server: Downloading https://repo.scala-lang.org/artifactory/maven-nightlies/com/lihaoyi/sourcecode_2.12/0.4.4/sourcecode_2.12-0.4.4.pom
2026.01.17 05:52:45 INFO  BSP server: Failed to download https://central.sonatype.com/repository/maven-snapshots/io/monix/monix-reactive_2.12/3.2.0/monix-reactive_2.12-3.2.0.pom.sha1
2026.01.17 05:52:45 INFO  BSP server: Downloading https://repo.scala-lang.org/artifactory/maven-nightlies/net/jpountz/lz4/lz4/1.3.0/lz4-1.3.0.pom
2026.01.17 05:52:45 INFO  BSP server: Failed to download https://central.sonatype.com/repository/maven-snapshots/io/github/alexarchambault/bleep/nailgun-server/1.0.7/nailgun-server-1.0.7.pom.sha1
2026.01.17 05:52:45 INFO  BSP server: Downloading https://repo.scala-lang.org/artifactory/maven-nightlies/ch/qos/logback/logback-core/1.5.21/logback-core-1.5.21.pom
2026.01.17 05:52:45 INFO  BSP server: Failed to download https://central.sonatype.com/repository/maven-snapshots/io/monix/monix-tail_2.12/3.2.0/monix-tail_2.12-3.2.0.pom.sha1
2026.01.17 05:52:45 INFO  BSP server: Downloading https://repo.scala-lang.org/artifactory/maven-nightlies/ch/epfl/scala/directory-watcher/0.8.0+6-f651bd93/directory-watcher-0.8.0+6-f651bd93.pom
2026.01.17 05:52:45 INFO  BSP server: Failed to download https://central.sonatype.com/repository/maven-snapshots/org/apache/logging/log4j/log4j-core/2.23.0/log4j-core-2.23.0.pom.sha1
2026.01.17 05:52:45 INFO  BSP server: Downloading https://repo.scala-lang.org/artifactory/maven-nightlies/io/monix/monix-java_2.12/3.2.0/monix-java_2.12-3.2.0.pom.sha1
2026.01.17 05:52:45 INFO  BSP server: Failed to download https://central.sonatype.com/repository/maven-snapshots/com/github/plokhotnyuk/jsoniter-scala/jsoniter-scala-core_2.12/2.13.5.2/jsoniter-scala-core_2.12-2.13.5.2.pom.sha1
2026.01.17 05:52:45 INFO  BSP server: Downloading https://repo.scala-lang.org/artifactory/maven-nightlies/org/scala-lang/modules/scala-collection-compat_2.12/2.13.0/scala-collection-compat_2.12-2.13.0.pom.sha1
2026.01.17 05:52:45 INFO  BSP server: Downloaded https://repo.scala-lang.org/artifactory/maven-nightlies/com/lihaoyi/sourcecode_2.12/0.4.4/sourcecode_2.12-0.4.4.pom
2026.01.17 05:52:45 INFO  BSP server: Downloading https://repo.scala-lang.org/artifactory/maven-nightlies/io/get-coursier/util/directories-jni/0.1.2/directories-jni-0.1.2.pom.sha1
2026.01.17 05:52:45 INFO  BSP server: Downloaded https://repo.scala-lang.org/artifactory/maven-nightlies/ch/qos/logback/logback-core/1.5.21/logback-core-1.5.21.pom
2026.01.17 05:52:45 INFO  BSP server: Downloading https://repo.scala-lang.org/artifactory/maven-nightlies/io/github/alexarchambault/bleep/jsonrpc4s_2.12/0.1.1/jsonrpc4s_2.12-0.1.1.pom.sha1
2026.01.17 05:52:45 INFO  BSP server: Downloaded https://repo.scala-lang.org/artifactory/maven-nightlies/net/jpountz/lz4/lz4/1.3.0/lz4-1.3.0.pom
2026.01.17 05:52:45 INFO  BSP server: Downloading https://repo.scala-lang.org/artifactory/maven-nightlies/org/zeroturnaround/zt-zip/1.17/zt-zip-1.17.pom
2026.01.17 05:52:45 INFO  BSP server: Downloaded https://repo.scala-lang.org/artifactory/maven-nightlies/ch/epfl/scala/directory-watcher/0.8.0+6-f651bd93/directory-watcher-0.8.0+6-f651bd93.pom
2026.01.17 05:52:45 INFO  BSP server: Downloading https://repo.scala-lang.org/artifactory/maven-nightlies/org/scalameta/parsers_2.12/4.13.8/parsers_2.12-4.13.8.pom.sha1
2026.01.17 05:52:45 INFO  BSP server: Downloaded https://repo.scala-lang.org/artifactory/maven-nightlies/org/scalameta/parsers_2.12/4.13.8/parsers_2.12-4.13.8.pom.sha1
2026.01.17 05:52:45 INFO  BSP server: Downloading https://repo.scala-lang.org/artifactory/maven-nightlies/io/monix/monix-catnap_2.12/3.2.0/monix-catnap_2.12-3.2.0.pom.sha1
2026.01.17 05:52:45 INFO  BSP server: Downloaded https://repo.scala-lang.org/artifactory/maven-nightlies/io/monix/monix-java_2.12/3.2.0/monix-java_2.12-3.2.0.pom.sha1
2026.01.17 05:52:45 INFO  BSP server: Downloading https://repo.scala-lang.org/artifactory/maven-nightlies/com/github/alexarchambault/case-app-annotations_2.12/2.0.6/case-app-annotations_2.12-2.0.6.pom.sha1
2026.01.17 05:52:45 INFO  BSP server: Downloaded https://repo.scala-lang.org/artifactory/maven-nightlies/io/get-coursier/util/directories-jni/0.1.2/directories-jni-0.1.2.pom.sha1
2026.01.17 05:52:45 INFO  BSP server: Downloading https://repo.scala-lang.org/artifactory/maven-nightlies/com/lihaoyi/pprint_2.12/0.9.4/pprint_2.12-0.9.4.pom.sha1
2026.01.17 05:52:45 INFO  BSP server: Downloaded https://repo.scala-lang.org/artifactory/maven-nightlies/io/monix/monix-catnap_2.12/3.2.0/monix-catnap_2.12-3.2.0.pom.sha1
2026.01.17 05:52:45 INFO  BSP server: Downloading https://repo.scala-lang.org/artifactory/maven-nightlies/org/scala-sbt/test-agent/1.11.7/test-agent-1.11.7.pom.sha1
2026.01.17 05:52:45 INFO  BSP server: Downloaded https://repo.scala-lang.org/artifactory/maven-nightlies/io/github/alexarchambault/bleep/jsonrpc4s_2.12/0.1.1/jsonrpc4s_2.12-0.1.1.pom.sha1
2026.01.17 05:52:45 INFO  BSP server: Downloading https://repo.scala-lang.org/artifactory/maven-nightlies/net/java/dev/jna/jna/5.18.1/jna-5.18.1.pom.sha1
2026.01.17 05:52:45 INFO  BSP server: Downloaded https://repo.scala-lang.org/artifactory/maven-nightlies/org/zeroturnaround/zt-zip/1.17/zt-zip-1.17.pom
2026.01.17 05:52:45 INFO  BSP server: Downloading https://repo.scala-lang.org/artifactory/maven-nightlies/com/github/plokhotnyuk/jsoniter-scala/jsoniter-scala-macros_2.12/2.13.3.2/jsoniter-scala-macros_2.12-2.13.3.2.pom.sha1
2026.01.17 05:52:45 INFO  BSP server: Downloaded https://repo.scala-lang.org/artifactory/maven-nightlies/com/github/alexarchambault/case-app-annotations_2.12/2.0.6/case-app-annotations_2.12-2.0.6.pom.sha1
2026.01.17 05:52:45 INFO  BSP server: Downloading https://repo.scala-lang.org/artifactory/maven-nightlies/io/monix/monix-execution_2.12/3.2.0/monix-execution_2.12-3.2.0.pom.sha1
2026.01.17 05:52:45 INFO  BSP server: Downloaded https://repo.scala-lang.org/artifactory/maven-nightlies/io/monix/monix-execution_2.12/3.2.0/monix-execution_2.12-3.2.0.pom.sha1
2026.01.17 05:52:45 INFO  BSP server: Downloading https://repo.scala-lang.org/artifactory/maven-nightlies/ch/epfl/scala/bsp4s_2.12/2.1.1/bsp4s_2.12-2.1.1.pom.sha1
2026.01.17 05:52:45 INFO  BSP server: Downloaded https://repo.scala-lang.org/artifactory/maven-nightlies/com/lihaoyi/pprint_2.12/0.9.4/pprint_2.12-0.9.4.pom.sha1
2026.01.17 05:52:45 INFO  BSP server: Downloading https://repo.scala-lang.org/artifactory/maven-nightlies/org/scala-sbt/zinc_2.12/1.11.0/zinc_2.12-1.11.0.pom.sha1
2026.01.17 05:52:45 INFO  BSP server: Downloaded https://repo.scala-lang.org/artifactory/maven-nightlies/org/scala-lang/modules/scala-collection-compat_2.12/2.13.0/scala-collection-compat_2.12-2.13.0.pom.sha1
2026.01.17 05:52:45 INFO  BSP server: Downloading https://repo.scala-lang.org/artifactory/maven-nightlies/org/scala-sbt/librarymanagement-ivy_2.12/1.11.6/librarymanagement-ivy_2.12-1.11.6.pom
2026.01.17 05:52:46 INFO  BSP server: Downloaded https://repo.scala-lang.org/artifactory/maven-nightlies/com/github/plokhotnyuk/jsoniter-scala/jsoniter-scala-macros_2.12/2.13.3.2/jsoniter-scala-macros_2.12-2.13.3.2.pom.sha1
2026.01.17 05:52:46 INFO  BSP server: Downloading https://repo.scala-lang.org/artifactory/maven-nightlies/io/zipkin/reporter2/zipkin-sender-urlconnection/2.17.2/zipkin-sender-urlconnection-2.17.2.pom.sha1
2026.01.17 05:52:46 INFO  BSP server: Downloaded https://repo.scala-lang.org/artifactory/maven-nightlies/org/scala-sbt/test-agent/1.11.7/test-agent-1.11.7.pom.sha1
2026.01.17 05:52:46 INFO  BSP server: Downloaded https://repo.scala-lang.org/artifactory/maven-nightlies/net/java/dev/jna/jna/5.18.1/jna-5.18.1.pom.sha1
2026.01.17 05:52:46 INFO  BSP server: Downloading https://repo.scala-lang.org/artifactory/maven-nightlies/org/ow2/asm/asm-util/9.9/asm-util-9.9.pom
2026.01.17 05:52:46 INFO  BSP server: Downloaded https://repo.scala-lang.org/artifactory/maven-nightlies/ch/epfl/scala/bsp4s_2.12/2.1.1/bsp4s_2.12-2.1.1.pom.sha1
2026.01.17 05:52:46 INFO  BSP server: Downloading https://repo.scala-lang.org/artifactory/maven-nightlies/com/lihaoyi/unroll-annotation_2.12/0.1.12/unroll-annotation_2.12-0.1.12.pom.sha1
2026.01.17 05:52:46 INFO  BSP server: Downloading https://repo.scala-lang.org/artifactory/maven-nightlies/com/lihaoyi/sourcecode_2.12/0.4.4/sourcecode_2.12-0.4.4.pom.sha1
2026.01.17 05:52:46 INFO  BSP server: Downloaded https://repo.scala-lang.org/artifactory/maven-nightlies/org/scala-sbt/zinc_2.12/1.11.0/zinc_2.12-1.11.0.pom.sha1
2026.01.17 05:52:46 INFO  BSP server: Downloading https://repo.scala-lang.org/artifactory/maven-nightlies/ch/qos/logback/logback-core/1.5.21/logback-core-1.5.21.pom.sha1
2026.01.17 05:52:46 INFO  BSP server: Downloaded https://repo.scala-lang.org/artifactory/maven-nightlies/org/scala-sbt/librarymanagement-ivy_2.12/1.11.6/librarymanagement-ivy_2.12-1.11.6.pom
2026.01.17 05:52:46 INFO  BSP server: Downloading https://repo.scala-lang.org/artifactory/maven-nightlies/net/jpountz/lz4/lz4/1.3.0/lz4-1.3.0.pom.sha1
2026.01.17 05:52:46 INFO  BSP server: Downloaded https://repo.scala-lang.org/artifactory/maven-nightlies/io/zipkin/reporter2/zipkin-sender-urlconnection/2.17.2/zipkin-sender-urlconnection-2.17.2.pom.sha1
2026.01.17 05:52:46 INFO  BSP server: Downloading https://repo.scala-lang.org/artifactory/maven-nightlies/io/zipkin/brave/brave/5.18.1/brave-5.18.1.pom.sha1
2026.01.17 05:52:46 INFO  BSP server: Downloaded https://repo.scala-lang.org/artifactory/maven-nightlies/io/zipkin/brave/brave/5.18.1/brave-5.18.1.pom.sha1
2026.01.17 05:52:46 INFO  BSP server: Downloaded https://repo.scala-lang.org/artifactory/maven-nightlies/org/ow2/asm/asm-util/9.9/asm-util-9.9.pom
2026.01.17 05:52:46 INFO  BSP server: Downloading https://repo.scala-lang.org/artifactory/maven-nightlies/ch/epfl/scala/directory-watcher/0.8.0+6-f651bd93/directory-watcher-0.8.0+6-f651bd93.pom.sha1
2026.01.17 05:52:46 INFO  BSP server: (watching) Downloaded https://repo.scala-lang.org/artifactory/maven-nightlies/com/lihaoyi/unroll-annotation_2.12/0.1.12/unroll-annotation_2.12-0.1.12.pom.sha1
2026.01.17 05:52:46 INFO  BSP server: Downloading https://repo.scala-lang.org/artifactory/maven-nightlies/org/zeroturnaround/zt-zip/1.17/zt-zip-1.17.pom.sha1
2026.01.17 05:52:46 INFO  BSP server: Downloaded https://repo.scala-lang.org/artifactory/maven-nightlies/com/lihaoyi/sourcecode_2.12/0.4.4/sourcecode_2.12-0.4.4.pom.sha1
2026.01.17 05:52:46 INFO  BSP server: Downloading https://repo.scala-lang.org/artifactory/maven-nightlies/org/scala-sbt/librarymanagement-ivy_2.12/1.11.6/librarymanagement-ivy_2.12-1.11.6.pom.sha1
2026.01.17 05:52:46 INFO  BSP server: Downloading https://repo.scala-lang.org/artifactory/maven-nightlies/org/ow2/asm/asm-util/9.9/asm-util-9.9.pom.sha1
2026.01.17 05:52:46 INFO  BSP server: Downloaded https://repo.scala-lang.org/artifactory/maven-nightlies/ch/qos/logback/logback-core/1.5.21/logback-core-1.5.21.pom.sha1
2026.01.17 05:52:46 INFO  BSP server: Downloading https://repo.scala-lang.org/artifactory/maven-nightlies/io/monix/monix-reactive_2.12/3.2.0/monix-reactive_2.12-3.2.0.pom.sha1
2026.01.17 05:52:46 INFO  BSP server: Downloaded https://repo.scala-lang.org/artifactory/maven-nightlies/io/monix/monix-reactive_2.12/3.2.0/monix-reactive_2.12-3.2.0.pom.sha1
2026.01.17 05:52:46 INFO  BSP server: Downloading https://repo.scala-lang.org/artifactory/maven-nightlies/io/github/alexarchambault/bleep/nailgun-server/1.0.7/nailgun-server-1.0.7.pom.sha1
2026.01.17 05:52:46 INFO  BSP server: (watching) Downloaded https://repo.scala-lang.org/artifactory/maven-nightlies/net/jpountz/lz4/lz4/1.3.0/lz4-1.3.0.pom.sha1
2026.01.17 05:52:46 INFO  BSP server: (watching) Downloaded https://repo.scala-lang.org/artifactory/maven-nightlies/ch/epfl/scala/directory-watcher/0.8.0+6-f651bd93/directory-watcher-0.8.0+6-f651bd93.pom.sha1
2026.01.17 05:52:46 INFO  BSP server: Downloaded https://repo.scala-lang.org/artifactory/maven-nightlies/org/zeroturnaround/zt-zip/1.17/zt-zip-1.17.pom.sha1
2026.01.17 05:52:46 INFO  BSP server: Downloaded https://repo.scala-lang.org/artifactory/maven-nightlies/org/scala-sbt/librarymanagement-ivy_2.12/1.11.6/librarymanagement-ivy_2.12-1.11.6.pom.sha1
2026.01.17 05:52:46 INFO  BSP server: Downloaded https://repo.scala-lang.org/artifactory/maven-nightlies/org/ow2/asm/asm-util/9.9/asm-util-9.9.pom.sha1
2026.01.17 05:52:46 INFO  BSP server: (watching) Downloaded https://repo.scala-lang.org/artifactory/maven-nightlies/io/github/alexarchambault/bleep/nailgun-server/1.0.7/nailgun-server-1.0.7.pom.sha1
2026.01.17 05:52:46 INFO  BSP server: Downloading https://oss.sonatype.org/content/repositories/snapshots/io/zipkin/brave/brave-parent/5.18.1/brave-parent-5.18.1.pom
2026.01.17 05:52:46 INFO  BSP server: Downloading https://oss.sonatype.org/content/repositories/snapshots/org/apache/logging/log4j/log4j/2.23.0/log4j-2.23.0.pom
2026.01.17 05:52:46 INFO  BSP server: Downloading https://oss.sonatype.org/content/repositories/snapshots/io/zipkin/reporter2/zipkin-reporter-parent/2.17.2/zipkin-reporter-parent-2.17.2.pom
2026.01.17 05:52:47 INFO  BSP server: (watching) Failed to download https://oss.sonatype.org/content/repositories/snapshots/io/zipkin/brave/brave-parent/5.18.1/brave-parent-5.18.1.pom
2026.01.17 05:52:47 INFO  BSP server: (watching) Failed to download https://oss.sonatype.org/content/repositories/snapshots/io/zipkin/reporter2/zipkin-reporter-parent/2.17.2/zipkin-reporter-parent-2.17.2.pom
2026.01.17 05:52:47 INFO  BSP server: (watching) Failed to download https://oss.sonatype.org/content/repositories/snapshots/org/apache/logging/log4j/log4j/2.23.0/log4j-2.23.0.pom
2026.01.17 05:52:47 INFO  BSP server: Downloading https://oss.sonatype.org/content/repositories/snapshots/org/apache/logging/log4j/log4j/2.23.0/log4j-2.23.0.pom.sha1
2026.01.17 05:52:47 INFO  BSP server: Downloading https://oss.sonatype.org/content/repositories/snapshots/io/zipkin/brave/brave-parent/5.18.1/brave-parent-5.18.1.pom.sha1
2026.01.17 05:52:47 INFO  BSP server: Downloading https://oss.sonatype.org/content/repositories/snapshots/io/zipkin/reporter2/zipkin-reporter-parent/2.17.2/zipkin-reporter-parent-2.17.2.pom.sha1
2026.01.17 05:52:47 INFO  BSP server: Failed to download https://oss.sonatype.org/content/repositories/snapshots/io/zipkin/reporter2/zipkin-reporter-parent/2.17.2/zipkin-reporter-parent-2.17.2.pom.sha1
2026.01.17 05:52:47 INFO  BSP server: Downloading https://s01.oss.sonatype.org/content/repositories/snapshots/io/zipkin/reporter2/zipkin-reporter-parent/2.17.2/zipkin-reporter-parent-2.17.2.pom
2026.01.17 05:52:47 INFO  BSP server: Failed to download https://oss.sonatype.org/content/repositories/snapshots/io/zipkin/brave/brave-parent/5.18.1/brave-parent-5.18.1.pom.sha1
2026.01.17 05:52:47 INFO  BSP server: Failed to download https://oss.sonatype.org/content/repositories/snapshots/org/apache/logging/log4j/log4j/2.23.0/log4j-2.23.0.pom.sha1
2026.01.17 05:52:47 INFO  BSP server: Downloading https://s01.oss.sonatype.org/content/repositories/snapshots/io/zipkin/brave/brave-parent/5.18.1/brave-parent-5.18.1.pom
2026.01.17 05:52:47 INFO  BSP server: Downloading https://s01.oss.sonatype.org/content/repositories/snapshots/org/apache/logging/log4j/log4j/2.23.0/log4j-2.23.0.pom
2026.01.17 05:52:47 INFO  BSP server: Failed to download https://s01.oss.sonatype.org/content/repositories/snapshots/io/zipkin/reporter2/zipkin-reporter-parent/2.17.2/zipkin-reporter-parent-2.17.2.pom
2026.01.17 05:52:47 INFO  BSP server: Downloading https://s01.oss.sonatype.org/content/repositories/snapshots/io/zipkin/reporter2/zipkin-reporter-parent/2.17.2/zipkin-reporter-parent-2.17.2.pom.sha1
2026.01.17 05:52:47 INFO  BSP server: Failed to download https://s01.oss.sonatype.org/content/repositories/snapshots/org/apache/logging/log4j/log4j/2.23.0/log4j-2.23.0.pom
2026.01.17 05:52:47 INFO  BSP server: Downloading https://s01.oss.sonatype.org/content/repositories/snapshots/org/apache/logging/log4j/log4j/2.23.0/log4j-2.23.0.pom.sha1
2026.01.17 05:52:47 INFO  BSP server: Failed to download https://s01.oss.sonatype.org/content/repositories/snapshots/io/zipkin/brave/brave-parent/5.18.1/brave-parent-5.18.1.pom
2026.01.17 05:52:47 INFO  BSP server: Downloading https://s01.oss.sonatype.org/content/repositories/snapshots/io/zipkin/brave/brave-parent/5.18.1/brave-parent-5.18.1.pom.sha1
2026.01.17 05:52:47 INFO  BSP server: Failed to download https://s01.oss.sonatype.org/content/repositories/snapshots/io/zipkin/reporter2/zipkin-reporter-parent/2.17.2/zipkin-reporter-parent-2.17.2.pom.sha1
2026.01.17 05:52:47 INFO  BSP server: Downloading https://central.sonatype.com/repository/maven-snapshots/io/zipkin/reporter2/zipkin-reporter-parent/2.17.2/zipkin-reporter-parent-2.17.2.pom
2026.01.17 05:52:47 INFO  BSP server: Failed to download https://s01.oss.sonatype.org/content/repositories/snapshots/org/apache/logging/log4j/log4j/2.23.0/log4j-2.23.0.pom.sha1
2026.01.17 05:52:47 INFO  BSP server: Downloading https://central.sonatype.com/repository/maven-snapshots/org/apache/logging/log4j/log4j/2.23.0/log4j-2.23.0.pom
2026.01.17 05:52:47 INFO  BSP server: Failed to download https://s01.oss.sonatype.org/content/repositories/snapshots/io/zipkin/brave/brave-parent/5.18.1/brave-parent-5.18.1.pom.sha1
2026.01.17 05:52:47 INFO  BSP server: Downloading https://central.sonatype.com/repository/maven-snapshots/io/zipkin/brave/brave-parent/5.18.1/brave-parent-5.18.1.pom
2026.01.17 05:52:47 INFO  BSP server: Failed to download https://central.sonatype.com/repository/maven-snapshots/io/zipkin/reporter2/zipkin-reporter-parent/2.17.2/zipkin-reporter-parent-2.17.2.pom
2026.01.17 05:52:47 INFO  BSP server: Downloading https://central.sonatype.com/repository/maven-snapshots/io/zipkin/reporter2/zipkin-reporter-parent/2.17.2/zipkin-reporter-parent-2.17.2.pom.sha1
2026.01.17 05:52:47 INFO  BSP server: Failed to download https://central.sonatype.com/repository/maven-snapshots/org/apache/logging/log4j/log4j/2.23.0/log4j-2.23.0.pom
2026.01.17 05:52:47 INFO  BSP server: Downloading https://central.sonatype.com/repository/maven-snapshots/org/apache/logging/log4j/log4j/2.23.0/log4j-2.23.0.pom.sha1
2026.01.17 05:52:47 INFO  BSP server: Failed to download https://central.sonatype.com/repository/maven-snapshots/io/zipkin/brave/brave-parent/5.18.1/brave-parent-5.18.1.pom
2026.01.17 05:52:47 INFO  BSP server: Downloading https://central.sonatype.com/repository/maven-snapshots/io/zipkin/brave/brave-parent/5.18.1/brave-parent-5.18.1.pom.sha1
2026.01.17 05:52:48 INFO  BSP server: Failed to download https://central.sonatype.com/repository/maven-snapshots/io/zipkin/reporter2/zipkin-reporter-parent/2.17.2/zipkin-reporter-parent-2.17.2.pom.sha1
2026.01.17 05:52:48 INFO  BSP server: Failed to download https://central.sonatype.com/repository/maven-snapshots/org/apache/logging/log4j/log4j/2.23.0/log4j-2.23.0.pom.sha1
2026.01.17 05:52:48 INFO  BSP server: Failed to download https://central.sonatype.com/repository/maven-snapshots/io/zipkin/brave/brave-parent/5.18.1/brave-parent-5.18.1.pom.sha1
2026.01.17 05:52:48 INFO  BSP server: Downloading https://repo.scala-lang.org/artifactory/maven-nightlies/org/apache/logging/log4j/log4j/2.23.0/log4j-2.23.0.pom
2026.01.17 05:52:48 INFO  BSP server: Downloading https://repo.scala-lang.org/artifactory/maven-nightlies/io/zipkin/reporter2/zipkin-reporter-parent/2.17.2/zipkin-reporter-parent-2.17.2.pom
2026.01.17 05:52:48 INFO  BSP server: Downloading https://repo.scala-lang.org/artifactory/maven-nightlies/io/zipkin/brave/brave-parent/5.18.1/brave-parent-5.18.1.pom
2026.01.17 05:52:48 INFO  BSP server: Downloaded https://repo.scala-lang.org/artifactory/maven-nightlies/io/zipkin/reporter2/zipkin-reporter-parent/2.17.2/zipkin-reporter-parent-2.17.2.pom
2026.01.17 05:52:48 INFO  BSP server: Downloading https://repo.scala-lang.org/artifactory/maven-nightlies/io/zipkin/reporter2/zipkin-reporter-parent/2.17.2/zipkin-reporter-parent-2.17.2.pom.sha1
2026.01.17 05:52:48 INFO  BSP server: Downloaded https://repo.scala-lang.org/artifactory/maven-nightlies/org/apache/logging/log4j/log4j/2.23.0/log4j-2.23.0.pom
2026.01.17 05:52:48 INFO  BSP server: Downloaded https://repo.scala-lang.org/artifactory/maven-nightlies/io/zipkin/brave/brave-parent/5.18.1/brave-parent-5.18.1.pom
2026.01.17 05:52:48 INFO  BSP server: Downloading https://repo.scala-lang.org/artifactory/maven-nightlies/org/apache/logging/log4j/log4j/2.23.0/log4j-2.23.0.pom.sha1
2026.01.17 05:52:48 INFO  BSP server: Downloading https://repo.scala-lang.org/artifactory/maven-nightlies/io/zipkin/brave/brave-parent/5.18.1/brave-parent-5.18.1.pom.sha1
2026.01.17 05:52:48 INFO  BSP server: (watching) Downloaded https://repo.scala-lang.org/artifactory/maven-nightlies/io/zipkin/reporter2/zipkin-reporter-parent/2.17.2/zipkin-reporter-parent-2.17.2.pom.sha1
2026.01.17 05:52:48 INFO  BSP server: (watching) Downloaded https://repo.scala-lang.org/artifactory/maven-nightlies/io/zipkin/brave/brave-parent/5.18.1/brave-parent-5.18.1.pom.sha1
2026.01.17 05:52:48 INFO  BSP server: (watching) Downloaded https://repo.scala-lang.org/artifactory/maven-nightlies/org/apache/logging/log4j/log4j/2.23.0/log4j-2.23.0.pom.sha1
2026.01.17 05:52:48 INFO  BSP server: Downloading https://oss.sonatype.org/content/repositories/snapshots/org/apache/logging/log4j/log4j-bom/2.23.0/log4j-bom-2.23.0.pom
2026.01.17 05:52:48 INFO  BSP server: (watching) Failed to download https://oss.sonatype.org/content/repositories/snapshots/org/apache/logging/log4j/log4j-bom/2.23.0/log4j-bom-2.23.0.pom
2026.01.17 05:52:48 INFO  BSP server: Downloading https://oss.sonatype.org/content/repositories/snapshots/org/apache/logging/log4j/log4j-bom/2.23.0/log4j-bom-2.23.0.pom.sha1
2026.01.17 05:52:48 INFO  BSP server: Failed to download https://oss.sonatype.org/content/repositories/snapshots/org/apache/logging/log4j/log4j-bom/2.23.0/log4j-bom-2.23.0.pom.sha1
2026.01.17 05:52:48 INFO  BSP server: Downloading https://s01.oss.sonatype.org/content/repositories/snapshots/org/apache/logging/log4j/log4j-bom/2.23.0/log4j-bom-2.23.0.pom
2026.01.17 05:52:49 INFO  BSP server: Failed to download https://s01.oss.sonatype.org/content/repositories/snapshots/org/apache/logging/log4j/log4j-bom/2.23.0/log4j-bom-2.23.0.pom
2026.01.17 05:52:49 INFO  BSP server: Downloading https://s01.oss.sonatype.org/content/repositories/snapshots/org/apache/logging/log4j/log4j-bom/2.23.0/log4j-bom-2.23.0.pom.sha1
2026.01.17 05:52:49 INFO  BSP server: Failed to download https://s01.oss.sonatype.org/content/repositories/snapshots/org/apache/logging/log4j/log4j-bom/2.23.0/log4j-bom-2.23.0.pom.sha1
2026.01.17 05:52:49 INFO  BSP server: Downloading https://central.sonatype.com/repository/maven-snapshots/org/apache/logging/log4j/log4j-bom/2.23.0/log4j-bom-2.23.0.pom
2026.01.17 05:52:49 INFO  BSP server: Failed to download https://central.sonatype.com/repository/maven-snapshots/org/apache/logging/log4j/log4j-bom/2.23.0/log4j-bom-2.23.0.pom
2026.01.17 05:52:49 INFO  BSP server: Downloading https://central.sonatype.com/repository/maven-snapshots/org/apache/logging/log4j/log4j-bom/2.23.0/log4j-bom-2.23.0.pom.sha1
2026.01.17 05:52:49 INFO  BSP server: Failed to download https://central.sonatype.com/repository/maven-snapshots/org/apache/logging/log4j/log4j-bom/2.23.0/log4j-bom-2.23.0.pom.sha1
2026.01.17 05:52:49 INFO  BSP server: Downloading https://repo.scala-lang.org/artifactory/maven-nightlies/org/apache/logging/log4j/log4j-bom/2.23.0/log4j-bom-2.23.0.pom.sha1
2026.01.17 05:52:49 INFO  BSP server: (watching) Downloaded https://repo.scala-lang.org/artifactory/maven-nightlies/org/apache/logging/log4j/log4j-bom/2.23.0/log4j-bom-2.23.0.pom.sha1
2026.01.17 05:52:49 INFO  BSP server: Downloading https://oss.sonatype.org/content/repositories/snapshots/org/apache/logging/logging-parent/10.6.0/logging-parent-10.6.0.pom
2026.01.17 05:52:50 INFO  BSP server: (watching) Failed to download https://oss.sonatype.org/content/repositories/snapshots/org/apache/logging/logging-parent/10.6.0/logging-parent-10.6.0.pom
2026.01.17 05:52:50 INFO  BSP server: Downloading https://oss.sonatype.org/content/repositories/snapshots/org/apache/logging/logging-parent/10.6.0/logging-parent-10.6.0.pom.sha1
2026.01.17 05:52:50 INFO  BSP server: Failed to download https://oss.sonatype.org/content/repositories/snapshots/org/apache/logging/logging-parent/10.6.0/logging-parent-10.6.0.pom.sha1
2026.01.17 05:52:50 INFO  BSP server: Downloading https://s01.oss.sonatype.org/content/repositories/snapshots/org/apache/logging/logging-parent/10.6.0/logging-parent-10.6.0.pom
2026.01.17 05:52:50 INFO  BSP server: Failed to download https://s01.oss.sonatype.org/content/repositories/snapshots/org/apache/logging/logging-parent/10.6.0/logging-parent-10.6.0.pom
2026.01.17 05:52:50 INFO  BSP server: Downloading https://s01.oss.sonatype.org/content/repositories/snapshots/org/apache/logging/logging-parent/10.6.0/logging-parent-10.6.0.pom.sha1
2026.01.17 05:52:50 INFO  BSP server: Failed to download https://s01.oss.sonatype.org/content/repositories/snapshots/org/apache/logging/logging-parent/10.6.0/logging-parent-10.6.0.pom.sha1
2026.01.17 05:52:50 INFO  BSP server: Downloading https://central.sonatype.com/repository/maven-snapshots/org/apache/logging/logging-parent/10.6.0/logging-parent-10.6.0.pom
2026.01.17 05:52:50 INFO  BSP server: Failed to download https://central.sonatype.com/repository/maven-snapshots/org/apache/logging/logging-parent/10.6.0/logging-parent-10.6.0.pom
2026.01.17 05:52:50 INFO  BSP server: Downloading https://central.sonatype.com/repository/maven-snapshots/org/apache/logging/logging-parent/10.6.0/logging-parent-10.6.0.pom.sha1
2026.01.17 05:52:51 INFO  BSP server: Failed to download https://central.sonatype.com/repository/maven-snapshots/org/apache/logging/logging-parent/10.6.0/logging-parent-10.6.0.pom.sha1
2026.01.17 05:52:51 INFO  BSP server: Downloading https://repo.scala-lang.org/artifactory/maven-nightlies/org/apache/logging/logging-parent/10.6.0/logging-parent-10.6.0.pom
2026.01.17 05:52:51 INFO  BSP server: Downloaded https://repo.scala-lang.org/artifactory/maven-nightlies/org/apache/logging/logging-parent/10.6.0/logging-parent-10.6.0.pom
2026.01.17 05:52:51 INFO  BSP server: Downloading https://repo.scala-lang.org/artifactory/maven-nightlies/org/apache/logging/logging-parent/10.6.0/logging-parent-10.6.0.pom.sha1
2026.01.17 05:52:51 INFO  BSP server: (watching) Downloaded https://repo.scala-lang.org/artifactory/maven-nightlies/org/apache/logging/logging-parent/10.6.0/logging-parent-10.6.0.pom.sha1
2026.01.17 05:52:51 INFO  BSP server: Downloading https://oss.sonatype.org/content/repositories/snapshots/jakarta/platform/jakarta.jakartaee-bom/9.1.0/jakarta.jakartaee-bom-9.1.0.pom
2026.01.17 05:52:51 INFO  BSP server: Downloading https://oss.sonatype.org/content/repositories/snapshots/io/fabric8/kubernetes-client-bom/5.12.4/kubernetes-client-bom-5.12.4.pom
2026.01.17 05:52:51 INFO  BSP server: Downloading https://oss.sonatype.org/content/repositories/snapshots/org/codehaus/groovy/groovy-bom/3.0.20/groovy-bom-3.0.20.pom
2026.01.17 05:52:51 INFO  BSP server: Downloading https://oss.sonatype.org/content/repositories/snapshots/com/fasterxml/jackson/jackson-bom/2.16.1/jackson-bom-2.16.1.pom
2026.01.17 05:52:51 INFO  BSP server: Downloading https://oss.sonatype.org/content/repositories/snapshots/org/mockito/mockito-bom/4.11.0/mockito-bom-4.11.0.pom
2026.01.17 05:52:51 INFO  BSP server: Downloading https://oss.sonatype.org/content/repositories/snapshots/org/eclipse/jetty/jetty-bom/9.4.54.v20240208/jetty-bom-9.4.54.v20240208.pom
2026.01.17 05:52:51 INFO  BSP server: Failed to download https://oss.sonatype.org/content/repositories/snapshots/org/eclipse/jetty/jetty-bom/9.4.54.v20240208/jetty-bom-9.4.54.v20240208.pom
2026.01.17 05:52:51 INFO  BSP server: Downloading https://oss.sonatype.org/content/repositories/snapshots/io/netty/netty-bom/4.1.107.Final/netty-bom-4.1.107.Final.pom
2026.01.17 05:52:53 INFO  BSP server: (watching) Failed to download https://oss.sonatype.org/content/repositories/snapshots/io/netty/netty-bom/4.1.107.Final/netty-bom-4.1.107.Final.pom
2026.01.17 05:52:53 INFO  BSP server: Downloading https://oss.sonatype.org/content/repositories/snapshots/org/springframework/spring-framework-bom/5.3.32/spring-framework-bom-5.3.32.pom
2026.01.17 05:52:53 INFO  BSP server: (watching) Failed to download https://oss.sonatype.org/content/repositories/snapshots/org/mockito/mockito-bom/4.11.0/mockito-bom-4.11.0.pom
2026.01.17 05:52:53 INFO  BSP server: (watching) Failed to download https://oss.sonatype.org/content/repositories/snapshots/io/fabric8/kubernetes-client-bom/5.12.4/kubernetes-client-bom-5.12.4.pom
2026.01.17 05:52:53 INFO  BSP server: Downloading https://oss.sonatype.org/content/repositories/snapshots/org/eclipse/jetty/jetty-bom/9.4.54.v20240208/jetty-bom-9.4.54.v20240208.pom.sha1
2026.01.17 05:52:53 INFO  BSP server: (watching) Failed to download https://oss.sonatype.org/content/repositories/snapshots/com/fasterxml/jackson/jackson-bom/2.16.1/jackson-bom-2.16.1.pom
2026.01.17 05:52:53 INFO  BSP server: Downloading https://oss.sonatype.org/content/repositories/snapshots/io/netty/netty-bom/4.1.107.Final/netty-bom-4.1.107.Final.pom.sha1
2026.01.17 05:52:53 INFO  BSP server: (watching) Failed to download https://oss.sonatype.org/content/repositories/snapshots/jakarta/platform/jakarta.jakartaee-bom/9.1.0/jakarta.jakartaee-bom-9.1.0.pom
2026.01.17 05:52:53 INFO  BSP server: Downloading https://oss.sonatype.org/content/repositories/snapshots/org/mockito/mockito-bom/4.11.0/mockito-bom-4.11.0.pom.sha1
2026.01.17 05:52:53 INFO  BSP server: Downloading https://oss.sonatype.org/content/repositories/snapshots/io/fabric8/kubernetes-client-bom/5.12.4/kubernetes-client-bom-5.12.4.pom.sha1
2026.01.17 05:52:53 INFO  BSP server: Failed to download https://oss.sonatype.org/content/repositories/snapshots/org/springframework/spring-framework-bom/5.3.32/spring-framework-bom-5.3.32.pom
2026.01.17 05:52:53 INFO  BSP server: Downloading https://oss.sonatype.org/content/repositories/snapshots/com/fasterxml/jackson/jackson-bom/2.16.1/jackson-bom-2.16.1.pom.sha1
2026.01.17 05:52:53 INFO  BSP server: (watching) Failed to download https://oss.sonatype.org/content/repositories/snapshots/org/codehaus/groovy/groovy-bom/3.0.20/groovy-bom-3.0.20.pom
2026.01.17 05:52:53 INFO  BSP server: Downloading https://oss.sonatype.org/content/repositories/snapshots/jakarta/platform/jakarta.jakartaee-bom/9.1.0/jakarta.jakartaee-bom-9.1.0.pom.sha1
2026.01.17 05:52:53 INFO  BSP server: Failed to download https://oss.sonatype.org/content/repositories/snapshots/com/fasterxml/jackson/jackson-bom/2.16.1/jackson-bom-2.16.1.pom.sha1
2026.01.17 05:52:53 INFO  BSP server: Failed to download https://oss.sonatype.org/content/repositories/snapshots/io/netty/netty-bom/4.1.107.Final/netty-bom-4.1.107.Final.pom.sha1
2026.01.17 05:52:53 INFO  BSP server: Failed to download https://oss.sonatype.org/content/repositories/snapshots/io/fabric8/kubernetes-client-bom/5.12.4/kubernetes-client-bom-5.12.4.pom.sha1
2026.01.17 05:52:53 INFO  BSP server: Failed to download https://oss.sonatype.org/content/repositories/snapshots/org/mockito/mockito-bom/4.11.0/mockito-bom-4.11.0.pom.sha1
2026.01.17 05:52:53 INFO  BSP server: Downloading https://oss.sonatype.org/content/repositories/snapshots/org/codehaus/groovy/groovy-bom/3.0.20/groovy-bom-3.0.20.pom.sha1
2026.01.17 05:52:53 INFO  BSP server: Downloading https://oss.sonatype.org/content/repositories/snapshots/org/springframework/spring-framework-bom/5.3.32/spring-framework-bom-5.3.32.pom.sha1
2026.01.17 05:52:53 INFO  BSP server: Downloading https://s01.oss.sonatype.org/content/repositories/snapshots/io/netty/netty-bom/4.1.107.Final/netty-bom-4.1.107.Final.pom
2026.01.17 05:52:53 INFO  BSP server: Downloading https://s01.oss.sonatype.org/content/repositories/snapshots/com/fasterxml/jackson/jackson-bom/2.16.1/jackson-bom-2.16.1.pom
2026.01.17 05:52:53 INFO  BSP server: Failed to download https://oss.sonatype.org/content/repositories/snapshots/jakarta/platform/jakarta.jakartaee-bom/9.1.0/jakarta.jakartaee-bom-9.1.0.pom.sha1
2026.01.17 05:52:53 INFO  BSP server: Downloading https://s01.oss.sonatype.org/content/repositories/snapshots/io/fabric8/kubernetes-client-bom/5.12.4/kubernetes-client-bom-5.12.4.pom
2026.01.17 05:52:53 INFO  BSP server: Failed to download https://oss.sonatype.org/content/repositories/snapshots/org/codehaus/groovy/groovy-bom/3.0.20/groovy-bom-3.0.20.pom.sha1
2026.01.17 05:52:53 INFO  BSP server: Downloading https://s01.oss.sonatype.org/content/repositories/snapshots/org/mockito/mockito-bom/4.11.0/mockito-bom-4.11.0.pom
2026.01.17 05:52:53 INFO  BSP server: Failed to download https://oss.sonatype.org/content/repositories/snapshots/org/springframework/spring-framework-bom/5.3.32/spring-framework-bom-5.3.32.pom.sha1
2026.01.17 05:52:53 INFO  BSP server: Downloading https://s01.oss.sonatype.org/content/repositories/snapshots/jakarta/platform/jakarta.jakartaee-bom/9.1.0/jakarta.jakartaee-bom-9.1.0.pom
2026.01.17 05:52:53 INFO  BSP server: (watching) Failed to download https://oss.sonatype.org/content/repositories/snapshots/org/eclipse/jetty/jetty-bom/9.4.54.v20240208/jetty-bom-9.4.54.v20240208.pom.sha1
2026.01.17 05:52:53 INFO  BSP server: Downloading https://s01.oss.sonatype.org/content/repositories/snapshots/org/codehaus/groovy/groovy-bom/3.0.20/groovy-bom-3.0.20.pom
2026.01.17 05:52:53 INFO  BSP server: Failed to download https://s01.oss.sonatype.org/content/repositories/snapshots/org/mockito/mockito-bom/4.11.0/mockito-bom-4.11.0.pom
2026.01.17 05:52:53 INFO  BSP server: Downloading https://s01.oss.sonatype.org/content/repositories/snapshots/org/springframework/spring-framework-bom/5.3.32/spring-framework-bom-5.3.32.pom
2026.01.17 05:52:53 INFO  BSP server: Failed to download https://s01.oss.sonatype.org/content/repositories/snapshots/jakarta/platform/jakarta.jakartaee-bom/9.1.0/jakarta.jakartaee-bom-9.1.0.pom
2026.01.17 05:52:53 INFO  BSP server: Downloading https://s01.oss.sonatype.org/content/repositories/snapshots/org/mockito/mockito-bom/4.11.0/mockito-bom-4.11.0.pom.sha1
2026.01.17 05:52:53 INFO  BSP server: Failed to download https://s01.oss.sonatype.org/content/repositories/snapshots/org/codehaus/groovy/groovy-bom/3.0.20/groovy-bom-3.0.20.pom
2026.01.17 05:52:53 INFO  BSP server: Downloading https://s01.oss.sonatype.org/content/repositories/snapshots/jakarta/platform/jakarta.jakartaee-bom/9.1.0/jakarta.jakartaee-bom-9.1.0.pom.sha1
2026.01.17 05:52:53 INFO  BSP server: Failed to download https://s01.oss.sonatype.org/content/repositories/snapshots/io/fabric8/kubernetes-client-bom/5.12.4/kubernetes-client-bom-5.12.4.pom
2026.01.17 05:52:53 INFO  BSP server: Downloading https://s01.oss.sonatype.org/content/repositories/snapshots/org/codehaus/groovy/groovy-bom/3.0.20/groovy-bom-3.0.20.pom.sha1
2026.01.17 05:52:53 INFO  BSP server: Failed to download https://s01.oss.sonatype.org/content/repositories/snapshots/org/springframework/spring-framework-bom/5.3.32/spring-framework-bom-5.3.32.pom
2026.01.17 05:52:53 INFO  BSP server: Downloading https://s01.oss.sonatype.org/content/repositories/snapshots/io/fabric8/kubernetes-client-bom/5.12.4/kubernetes-client-bom-5.12.4.pom.sha1
2026.01.17 05:52:53 INFO  BSP server: Failed to download https://s01.oss.sonatype.org/content/repositories/snapshots/com/fasterxml/jackson/jackson-bom/2.16.1/jackson-bom-2.16.1.pom
2026.01.17 05:52:53 INFO  BSP server: Downloading https://s01.oss.sonatype.org/content/repositories/snapshots/org/eclipse/jetty/jetty-bom/9.4.54.v20240208/jetty-bom-9.4.54.v20240208.pom
2026.01.17 05:52:53 INFO  BSP server: Failed to download https://s01.oss.sonatype.org/content/repositories/snapshots/io/netty/netty-bom/4.1.107.Final/netty-bom-4.1.107.Final.pom
2026.01.17 05:52:53 INFO  BSP server: Downloading https://s01.oss.sonatype.org/content/repositories/snapshots/org/springframework/spring-framework-bom/5.3.32/spring-framework-bom-5.3.32.pom.sha1
2026.01.17 05:52:53 INFO  BSP server: Failed to download https://s01.oss.sonatype.org/content/repositories/snapshots/jakarta/platform/jakarta.jakartaee-bom/9.1.0/jakarta.jakartaee-bom-9.1.0.pom.sha1
2026.01.17 05:52:53 INFO  BSP server: Failed to download https://s01.oss.sonatype.org/content/repositories/snapshots/org/mockito/mockito-bom/4.11.0/mockito-bom-4.11.0.pom.sha1
2026.01.17 05:52:53 INFO  BSP server: Downloading https://s01.oss.sonatype.org/content/repositories/snapshots/com/fasterxml/jackson/jackson-bom/2.16.1/jackson-bom-2.16.1.pom.sha1
2026.01.17 05:52:53 INFO  BSP server: Downloading https://s01.oss.sonatype.org/content/repositories/snapshots/io/netty/netty-bom/4.1.107.Final/netty-bom-4.1.107.Final.pom.sha1
2026.01.17 05:52:53 INFO  BSP server: Failed to download https://s01.oss.sonatype.org/content/repositories/snapshots/org/codehaus/groovy/groovy-bom/3.0.20/groovy-bom-3.0.20.pom.sha1
2026.01.17 05:52:53 INFO  BSP server: Downloading https://central.sonatype.com/repository/maven-snapshots/jakarta/platform/jakarta.jakartaee-bom/9.1.0/jakarta.jakartaee-bom-9.1.0.pom
2026.01.17 05:52:53 INFO  BSP server: Failed to download https://s01.oss.sonatype.org/content/repositories/snapshots/io/fabric8/kubernetes-client-bom/5.12.4/kubernetes-client-bom-5.12.4.pom.sha1
2026.01.17 05:52:53 INFO  BSP server: Downloading https://central.sonatype.com/repository/maven-snapshots/org/mockito/mockito-bom/4.11.0/mockito-bom-4.11.0.pom
2026.01.17 05:52:53 INFO  BSP server: Failed to download https://s01.oss.sonatype.org/content/repositories/snapshots/org/eclipse/jetty/jetty-bom/9.4.54.v20240208/jetty-bom-9.4.54.v20240208.pom
2026.01.17 05:52:53 INFO  BSP server: Downloading https://central.sonatype.com/repository/maven-snapshots/org/codehaus/groovy/groovy-bom/3.0.20/groovy-bom-3.0.20.pom
2026.01.17 05:52:54 INFO  BSP server: Failed to download https://s01.oss.sonatype.org/content/repositories/snapshots/org/springframework/spring-framework-bom/5.3.32/spring-framework-bom-5.3.32.pom.sha1
2026.01.17 05:52:54 INFO  BSP server: Downloading https://s01.oss.sonatype.org/content/repositories/snapshots/org/eclipse/jetty/jetty-bom/9.4.54.v20240208/jetty-bom-9.4.54.v20240208.pom.sha1
2026.01.17 05:52:54 INFO  BSP server: Failed to download https://s01.oss.sonatype.org/content/repositories/snapshots/io/netty/netty-bom/4.1.107.Final/netty-bom-4.1.107.Final.pom.sha1
2026.01.17 05:52:54 INFO  BSP server: Failed to download https://s01.oss.sonatype.org/content/repositories/snapshots/com/fasterxml/jackson/jackson-bom/2.16.1/jackson-bom-2.16.1.pom.sha1
2026.01.17 05:52:54 INFO  BSP server: Downloading https://central.sonatype.com/repository/maven-snapshots/io/fabric8/kubernetes-client-bom/5.12.4/kubernetes-client-bom-5.12.4.pom
2026.01.17 05:52:54 INFO  BSP server: Downloading https://central.sonatype.com/repository/maven-snapshots/org/springframework/spring-framework-bom/5.3.32/spring-framework-bom-5.3.32.pom
2026.01.17 05:52:54 INFO  BSP server: Failed to download https://central.sonatype.com/repository/maven-snapshots/jakarta/platform/jakarta.jakartaee-bom/9.1.0/jakarta.jakartaee-bom-9.1.0.pom
2026.01.17 05:52:54 INFO  BSP server: Downloading https://central.sonatype.com/repository/maven-snapshots/io/netty/netty-bom/4.1.107.Final/netty-bom-4.1.107.Final.pom
2026.01.17 05:52:54 INFO  BSP server: Failed to download https://central.sonatype.com/repository/maven-snapshots/org/mockito/mockito-bom/4.11.0/mockito-bom-4.11.0.pom
2026.01.17 05:52:54 INFO  BSP server: Downloading https://central.sonatype.com/repository/maven-snapshots/com/fasterxml/jackson/jackson-bom/2.16.1/jackson-bom-2.16.1.pom
2026.01.17 05:52:54 INFO  BSP server: Failed to download https://central.sonatype.com/repository/maven-snapshots/org/codehaus/groovy/groovy-bom/3.0.20/groovy-bom-3.0.20.pom
2026.01.17 05:52:54 INFO  BSP server: Downloading https://central.sonatype.com/repository/maven-snapshots/jakarta/platform/jakarta.jakartaee-bom/9.1.0/jakarta.jakartaee-bom-9.1.0.pom.sha1
2026.01.17 05:52:54 INFO  BSP server: Failed to download https://s01.oss.sonatype.org/content/repositories/snapshots/org/eclipse/jetty/jetty-bom/9.4.54.v20240208/jetty-bom-9.4.54.v20240208.pom.sha1
2026.01.17 05:52:54 INFO  BSP server: Downloading https://central.sonatype.com/repository/maven-snapshots/org/mockito/mockito-bom/4.11.0/mockito-bom-4.11.0.pom.sha1
2026.01.17 05:52:54 INFO  BSP server: Failed to download https://central.sonatype.com/repository/maven-snapshots/io/fabric8/kubernetes-client-bom/5.12.4/kubernetes-client-bom-5.12.4.pom
2026.01.17 05:52:54 INFO  BSP server: Downloading https://central.sonatype.com/repository/maven-snapshots/org/codehaus/groovy/groovy-bom/3.0.20/groovy-bom-3.0.20.pom.sha1
2026.01.17 05:52:54 INFO  BSP server: Failed to download https://central.sonatype.com/repository/maven-snapshots/org/springframework/spring-framework-bom/5.3.32/spring-framework-bom-5.3.32.pom
2026.01.17 05:52:54 INFO  BSP server: Downloading https://central.sonatype.com/repository/maven-snapshots/io/fabric8/kubernetes-client-bom/5.12.4/kubernetes-client-bom-5.12.4.pom.sha1
2026.01.17 05:52:54 INFO  BSP server: Failed to download https://central.sonatype.com/repository/maven-snapshots/io/netty/netty-bom/4.1.107.Final/netty-bom-4.1.107.Final.pom
2026.01.17 05:52:54 INFO  BSP server: Downloading https://central.sonatype.com/repository/maven-snapshots/org/springframework/spring-framework-bom/5.3.32/spring-framework-bom-5.3.32.pom.sha1
2026.01.17 05:52:54 INFO  BSP server: Failed to download https://central.sonatype.com/repository/maven-snapshots/com/fasterxml/jackson/jackson-bom/2.16.1/jackson-bom-2.16.1.pom
2026.01.17 05:52:54 INFO  BSP server: Downloading https://central.sonatype.com/repository/maven-snapshots/io/netty/netty-bom/4.1.107.Final/netty-bom-4.1.107.Final.pom.sha1
2026.01.17 05:52:54 INFO  BSP server: Failed to download https://central.sonatype.com/repository/maven-snapshots/jakarta/platform/jakarta.jakartaee-bom/9.1.0/jakarta.jakartaee-bom-9.1.0.pom.sha1
2026.01.17 05:52:54 INFO  BSP server: Downloading https://central.sonatype.com/repository/maven-snapshots/com/fasterxml/jackson/jackson-bom/2.16.1/jackson-bom-2.16.1.pom.sha1
2026.01.17 05:52:54 INFO  BSP server: Failed to download https://central.sonatype.com/repository/maven-snapshots/org/mockito/mockito-bom/4.11.0/mockito-bom-4.11.0.pom.sha1
2026.01.17 05:52:54 INFO  BSP server: Downloading https://central.sonatype.com/repository/maven-snapshots/org/eclipse/jetty/jetty-bom/9.4.54.v20240208/jetty-bom-9.4.54.v20240208.pom
2026.01.17 05:52:54 INFO  BSP server: Failed to download https://central.sonatype.com/repository/maven-snapshots/org/codehaus/groovy/groovy-bom/3.0.20/groovy-bom-3.0.20.pom.sha1
2026.01.17 05:52:54 INFO  BSP server: Downloading https://repo.scala-lang.org/artifactory/maven-nightlies/org/mockito/mockito-bom/4.11.0/mockito-bom-4.11.0.pom
2026.01.17 05:52:54 INFO  BSP server: Failed to download https://central.sonatype.com/repository/maven-snapshots/org/springframework/spring-framework-bom/5.3.32/spring-framework-bom-5.3.32.pom.sha1
2026.01.17 05:52:54 INFO  BSP server: Downloading https://repo.scala-lang.org/artifactory/maven-nightlies/org/codehaus/groovy/groovy-bom/3.0.20/groovy-bom-3.0.20.pom
2026.01.17 05:52:54 INFO  BSP server: Failed to download https://central.sonatype.com/repository/maven-snapshots/io/netty/netty-bom/4.1.107.Final/netty-bom-4.1.107.Final.pom.sha1
2026.01.17 05:52:54 INFO  BSP server: Downloading https://repo.scala-lang.org/artifactory/maven-nightlies/jakarta/platform/jakarta.jakartaee-bom/9.1.0/jakarta.jakartaee-bom-9.1.0.pom.sha1
2026.01.17 05:52:54 INFO  BSP server: Failed to download https://central.sonatype.com/repository/maven-snapshots/io/fabric8/kubernetes-client-bom/5.12.4/kubernetes-client-bom-5.12.4.pom.sha1
2026.01.17 05:52:54 INFO  BSP server: Downloading https://repo.scala-lang.org/artifactory/maven-nightlies/org/springframework/spring-framework-bom/5.3.32/spring-framework-bom-5.3.32.pom
2026.01.17 05:52:54 INFO  BSP server: Failed to download https://central.sonatype.com/repository/maven-snapshots/com/fasterxml/jackson/jackson-bom/2.16.1/jackson-bom-2.16.1.pom.sha1
2026.01.17 05:52:54 INFO  BSP server: Downloading https://repo.scala-lang.org/artifactory/maven-nightlies/io/netty/netty-bom/4.1.107.Final/netty-bom-4.1.107.Final.pom
2026.01.17 05:52:54 INFO  BSP server: Failed to download https://central.sonatype.com/repository/maven-snapshots/org/eclipse/jetty/jetty-bom/9.4.54.v20240208/jetty-bom-9.4.54.v20240208.pom
2026.01.17 05:52:54 INFO  BSP server: Downloading https://repo.scala-lang.org/artifactory/maven-nightlies/io/fabric8/kubernetes-client-bom/5.12.4/kubernetes-client-bom-5.12.4.pom
2026.01.17 05:52:54 INFO  BSP server: Downloaded https://repo.scala-lang.org/artifactory/maven-nightlies/org/mockito/mockito-bom/4.11.0/mockito-bom-4.11.0.pom
2026.01.17 05:52:54 INFO  BSP server: Downloading https://central.sonatype.com/repository/maven-snapshots/org/eclipse/jetty/jetty-bom/9.4.54.v20240208/jetty-bom-9.4.54.v20240208.pom.sha1
2026.01.17 05:52:55 INFO  BSP server: Downloaded https://repo.scala-lang.org/artifactory/maven-nightlies/org/codehaus/groovy/groovy-bom/3.0.20/groovy-bom-3.0.20.pom
2026.01.17 05:52:55 INFO  BSP server: Downloading https://repo.scala-lang.org/artifactory/maven-nightlies/org/mockito/mockito-bom/4.11.0/mockito-bom-4.11.0.pom.sha1
2026.01.17 05:52:55 INFO  BSP server: (watching) Downloaded https://repo.scala-lang.org/artifactory/maven-nightlies/jakarta/platform/jakarta.jakartaee-bom/9.1.0/jakarta.jakartaee-bom-9.1.0.pom.sha1
2026.01.17 05:52:55 INFO  BSP server: Downloading https://repo.scala-lang.org/artifactory/maven-nightlies/org/codehaus/groovy/groovy-bom/3.0.20/groovy-bom-3.0.20.pom.sha1
2026.01.17 05:52:55 INFO  BSP server: Failed to download https://central.sonatype.com/repository/maven-snapshots/org/eclipse/jetty/jetty-bom/9.4.54.v20240208/jetty-bom-9.4.54.v20240208.pom.sha1
2026.01.17 05:52:55 INFO  BSP server: Downloading https://repo.scala-lang.org/artifactory/maven-nightlies/org/eclipse/jetty/jetty-bom/9.4.54.v20240208/jetty-bom-9.4.54.v20240208.pom
2026.01.17 05:52:55 INFO  BSP server: Downloaded https://repo.scala-lang.org/artifactory/maven-nightlies/io/netty/netty-bom/4.1.107.Final/netty-bom-4.1.107.Final.pom
2026.01.17 05:52:55 INFO  BSP server: Downloaded https://repo.scala-lang.org/artifactory/maven-nightlies/org/springframework/spring-framework-bom/5.3.32/spring-framework-bom-5.3.32.pom
2026.01.17 05:52:55 INFO  BSP server: Downloading https://repo.scala-lang.org/artifactory/maven-nightlies/org/springframework/spring-framework-bom/5.3.32/spring-framework-bom-5.3.32.pom.sha1
2026.01.17 05:52:55 INFO  BSP server: (watching) Downloaded https://repo.scala-lang.org/artifactory/maven-nightlies/org/codehaus/groovy/groovy-bom/3.0.20/groovy-bom-3.0.20.pom.sha1
2026.01.17 05:52:55 INFO  BSP server: (watching) Downloaded https://repo.scala-lang.org/artifactory/maven-nightlies/org/mockito/mockito-bom/4.11.0/mockito-bom-4.11.0.pom.sha1
2026.01.17 05:52:55 INFO  BSP server: Downloaded https://repo.scala-lang.org/artifactory/maven-nightlies/org/eclipse/jetty/jetty-bom/9.4.54.v20240208/jetty-bom-9.4.54.v20240208.pom
2026.01.17 05:52:55 INFO  BSP server: Downloading https://repo.scala-lang.org/artifactory/maven-nightlies/org/eclipse/jetty/jetty-bom/9.4.54.v20240208/jetty-bom-9.4.54.v20240208.pom.sha1
2026.01.17 05:52:55 INFO  BSP server: Downloaded https://repo.scala-lang.org/artifactory/maven-nightlies/io/fabric8/kubernetes-client-bom/5.12.4/kubernetes-client-bom-5.12.4.pom
2026.01.17 05:52:55 INFO  BSP server: Downloading https://repo.scala-lang.org/artifactory/maven-nightlies/io/fabric8/kubernetes-client-bom/5.12.4/kubernetes-client-bom-5.12.4.pom.sha1
2026.01.17 05:52:55 INFO  BSP server: Downloaded https://repo.scala-lang.org/artifactory/maven-nightlies/org/springframework/spring-framework-bom/5.3.32/spring-framework-bom-5.3.32.pom.sha1
2026.01.17 05:52:55 INFO  BSP server: (watching) Downloaded https://repo.scala-lang.org/artifactory/maven-nightlies/org/eclipse/jetty/jetty-bom/9.4.54.v20240208/jetty-bom-9.4.54.v20240208.pom.sha1
2026.01.17 05:52:55 INFO  BSP server: (watching) Downloaded https://repo.scala-lang.org/artifactory/maven-nightlies/io/fabric8/kubernetes-client-bom/5.12.4/kubernetes-client-bom-5.12.4.pom.sha1
2026.01.17 05:52:55 INFO  BSP server: Downloading https://oss.sonatype.org/content/repositories/snapshots/com/fasterxml/jackson/jackson-parent/2.16/jackson-parent-2.16.pom
2026.01.17 05:52:55 INFO  BSP server: Downloading https://oss.sonatype.org/content/repositories/snapshots/jakarta/platform/jakartaee-api-parent/9.1.0/jakartaee-api-parent-9.1.0.pom
2026.01.17 05:52:55 INFO  BSP server: Failed to download https://oss.sonatype.org/content/repositories/snapshots/jakarta/platform/jakartaee-api-parent/9.1.0/jakartaee-api-parent-9.1.0.pom
2026.01.17 05:52:55 INFO  BSP server: Failed to download https://oss.sonatype.org/content/repositories/snapshots/com/fasterxml/jackson/jackson-parent/2.16/jackson-parent-2.16.pom
2026.01.17 05:52:55 INFO  BSP server: Downloading https://oss.sonatype.org/content/repositories/snapshots/jakarta/platform/jakartaee-api-parent/9.1.0/jakartaee-api-parent-9.1.0.pom.sha1
2026.01.17 05:52:55 INFO  BSP server: Downloading https://oss.sonatype.org/content/repositories/snapshots/com/fasterxml/jackson/jackson-parent/2.16/jackson-parent-2.16.pom.sha1
2026.01.17 05:52:55 INFO  BSP server: Failed to download https://oss.sonatype.org/content/repositories/snapshots/com/fasterxml/jackson/jackson-parent/2.16/jackson-parent-2.16.pom.sha1
2026.01.17 05:52:55 INFO  BSP server: Failed to download https://oss.sonatype.org/content/repositories/snapshots/jakarta/platform/jakartaee-api-parent/9.1.0/jakartaee-api-parent-9.1.0.pom.sha1
2026.01.17 05:52:55 INFO  BSP server: Downloading https://s01.oss.sonatype.org/content/repositories/snapshots/jakarta/platform/jakartaee-api-parent/9.1.0/jakartaee-api-parent-9.1.0.pom
2026.01.17 05:52:55 INFO  BSP server: Downloading https://s01.oss.sonatype.org/content/repositories/snapshots/com/fasterxml/jackson/jackson-parent/2.16/jackson-parent-2.16.pom
2026.01.17 05:52:56 INFO  BSP server: Failed to download https://s01.oss.sonatype.org/content/repositories/snapshots/jakarta/platform/jakartaee-api-parent/9.1.0/jakartaee-api-parent-9.1.0.pom
2026.01.17 05:52:56 INFO  BSP server: Downloading https://s01.oss.sonatype.org/content/repositories/snapshots/jakarta/platform/jakartaee-api-parent/9.1.0/jakartaee-api-parent-9.1.0.pom.sha1
2026.01.17 05:52:56 INFO  BSP server: Failed to download https://s01.oss.sonatype.org/content/repositories/snapshots/com/fasterxml/jackson/jackson-parent/2.16/jackson-parent-2.16.pom
2026.01.17 05:52:56 INFO  BSP server: Downloading https://s01.oss.sonatype.org/content/repositories/snapshots/com/fasterxml/jackson/jackson-parent/2.16/jackson-parent-2.16.pom.sha1
2026.01.17 05:52:56 INFO  BSP server: Failed to download https://s01.oss.sonatype.org/content/repositories/snapshots/jakarta/platform/jakartaee-api-parent/9.1.0/jakartaee-api-parent-9.1.0.pom.sha1
2026.01.17 05:52:56 INFO  BSP server: Failed to download https://s01.oss.sonatype.org/content/repositories/snapshots/com/fasterxml/jackson/jackson-parent/2.16/jackson-parent-2.16.pom.sha1
2026.01.17 05:52:56 INFO  BSP server: Downloading https://central.sonatype.com/repository/maven-snapshots/com/fasterxml/jackson/jackson-parent/2.16/jackson-parent-2.16.pom
2026.01.17 05:52:56 INFO  BSP server: Downloading https://central.sonatype.com/repository/maven-snapshots/jakarta/platform/jakartaee-api-parent/9.1.0/jakartaee-api-parent-9.1.0.pom
2026.01.17 05:52:56 INFO  BSP server: Failed to download https://central.sonatype.com/repository/maven-snapshots/com/fasterxml/jackson/jackson-parent/2.16/jackson-parent-2.16.pom
2026.01.17 05:52:56 INFO  BSP server: Failed to download https://central.sonatype.com/repository/maven-snapshots/jakarta/platform/jakartaee-api-parent/9.1.0/jakartaee-api-parent-9.1.0.pom
2026.01.17 05:52:56 INFO  BSP server: Downloading https://central.sonatype.com/repository/maven-snapshots/com/fasterxml/jackson/jackson-parent/2.16/jackson-parent-2.16.pom.sha1
2026.01.17 05:52:56 INFO  BSP server: Downloading https://central.sonatype.com/repository/maven-snapshots/jakarta/platform/jakartaee-api-parent/9.1.0/jakartaee-api-parent-9.1.0.pom.sha1
2026.01.17 05:52:56 INFO  BSP server: Failed to download https://central.sonatype.com/repository/maven-snapshots/com/fasterxml/jackson/jackson-parent/2.16/jackson-parent-2.16.pom.sha1
2026.01.17 05:52:56 INFO  BSP server: Failed to download https://central.sonatype.com/repository/maven-snapshots/jakarta/platform/jakartaee-api-parent/9.1.0/jakartaee-api-parent-9.1.0.pom.sha1
2026.01.17 05:52:56 INFO  BSP server: Downloading https://repo.scala-lang.org/artifactory/maven-nightlies/jakarta/platform/jakartaee-api-parent/9.1.0/jakartaee-api-parent-9.1.0.pom
2026.01.17 05:52:56 INFO  BSP server: Downloading https://repo.scala-lang.org/artifactory/maven-nightlies/com/fasterxml/jackson/jackson-parent/2.16/jackson-parent-2.16.pom
2026.01.17 05:52:56 INFO  BSP server: Downloaded https://repo.scala-lang.org/artifactory/maven-nightlies/jakarta/platform/jakartaee-api-parent/9.1.0/jakartaee-api-parent-9.1.0.pom
2026.01.17 05:52:56 INFO  BSP server: Downloading https://repo.scala-lang.org/artifactory/maven-nightlies/jakarta/platform/jakartaee-api-parent/9.1.0/jakartaee-api-parent-9.1.0.pom.sha1
2026.01.17 05:52:56 INFO  BSP server: (watching) Downloaded https://repo.scala-lang.org/artifactory/maven-nightlies/com/fasterxml/jackson/jackson-parent/2.16/jackson-parent-2.16.pom
2026.01.17 05:52:57 INFO  BSP server: (watching) Downloaded https://repo.scala-lang.org/artifactory/maven-nightlies/jakarta/platform/jakartaee-api-parent/9.1.0/jakartaee-api-parent-9.1.0.pom.sha1
2026.01.17 05:52:57 INFO  BSP server: Downloading https://oss.sonatype.org/content/repositories/snapshots/com/fasterxml/oss-parent/56/oss-parent-56.pom
2026.01.17 05:52:57 INFO  BSP server: Failed to download https://oss.sonatype.org/content/repositories/snapshots/com/fasterxml/oss-parent/56/oss-parent-56.pom
2026.01.17 05:52:57 INFO  BSP server: Downloading https://oss.sonatype.org/content/repositories/snapshots/com/fasterxml/oss-parent/56/oss-parent-56.pom.sha1
2026.01.17 05:52:57 INFO  BSP server: Failed to download https://oss.sonatype.org/content/repositories/snapshots/com/fasterxml/oss-parent/56/oss-parent-56.pom.sha1
2026.01.17 05:52:57 INFO  BSP server: Downloading https://s01.oss.sonatype.org/content/repositories/snapshots/com/fasterxml/oss-parent/56/oss-parent-56.pom
2026.01.17 05:52:57 INFO  BSP server: Failed to download https://s01.oss.sonatype.org/content/repositories/snapshots/com/fasterxml/oss-parent/56/oss-parent-56.pom
2026.01.17 05:52:57 INFO  BSP server: Downloading https://s01.oss.sonatype.org/content/repositories/snapshots/com/fasterxml/oss-parent/56/oss-parent-56.pom.sha1
2026.01.17 05:52:57 INFO  BSP server: Failed to download https://s01.oss.sonatype.org/content/repositories/snapshots/com/fasterxml/oss-parent/56/oss-parent-56.pom.sha1
2026.01.17 05:52:57 INFO  BSP server: Downloading https://central.sonatype.com/repository/maven-snapshots/com/fasterxml/oss-parent/56/oss-parent-56.pom
2026.01.17 05:52:57 INFO  BSP server: Failed to download https://central.sonatype.com/repository/maven-snapshots/com/fasterxml/oss-parent/56/oss-parent-56.pom
2026.01.17 05:52:57 INFO  BSP server: Downloading https://central.sonatype.com/repository/maven-snapshots/com/fasterxml/oss-parent/56/oss-parent-56.pom.sha1
2026.01.17 05:52:57 INFO  BSP server: Failed to download https://central.sonatype.com/repository/maven-snapshots/com/fasterxml/oss-parent/56/oss-parent-56.pom.sha1
2026.01.17 05:52:57 INFO  BSP server: Downloading https://repo.scala-lang.org/artifactory/maven-nightlies/com/fasterxml/oss-parent/56/oss-parent-56.pom
2026.01.17 05:52:59 INFO  BSP server: (watching) Downloaded https://repo.scala-lang.org/artifactory/maven-nightlies/com/fasterxml/oss-parent/56/oss-parent-56.pom
2026.01.17 05:52:59 INFO  BSP server: Downloading https://oss.sonatype.org/content/repositories/snapshots/org/jctools/jctools-core/2.1.2/jctools-core-2.1.2.pom
2026.01.17 05:52:59 INFO  BSP server: Downloading https://oss.sonatype.org/content/repositories/snapshots/org/scala-sbt/zinc-persist_2.12/1.11.0/zinc-persist_2.12-1.11.0.pom
2026.01.17 05:52:59 INFO  BSP server: Downloading https://oss.sonatype.org/content/repositories/snapshots/io/zipkin/zipkin2/zipkin/2.27.0/zipkin-2.27.0.pom
2026.01.17 05:52:59 INFO  BSP server: Downloading https://oss.sonatype.org/content/repositories/snapshots/org/ow2/asm/asm-analysis/9.9/asm-analysis-9.9.pom
2026.01.17 05:52:59 INFO  BSP server: Downloading https://oss.sonatype.org/content/repositories/snapshots/io/zipkin/reporter2/zipkin-reporter/2.17.2/zipkin-reporter-2.17.2.pom
2026.01.17 05:52:59 INFO  BSP server: Downloading https://oss.sonatype.org/content/repositories/snapshots/org/scala-sbt/zinc-classfile_2.12/1.11.0/zinc-classfile_2.12-1.11.0.pom
2026.01.17 05:52:59 INFO  BSP server: Failed to download https://oss.sonatype.org/content/repositories/snapshots/org/jctools/jctools-core/2.1.2/jctools-core-2.1.2.pom
2026.01.17 05:52:59 INFO  BSP server: Downloading https://oss.sonatype.org/content/repositories/snapshots/org/apache/logging/log4j/log4j-api/2.23.0/log4j-api-2.23.0.pom
2026.01.17 05:52:59 INFO  BSP server: Failed to download https://oss.sonatype.org/content/repositories/snapshots/org/scala-sbt/zinc-persist_2.12/1.11.0/zinc-persist_2.12-1.11.0.pom
2026.01.17 05:52:59 INFO  BSP server: Downloading https://oss.sonatype.org/content/repositories/snapshots/org/ow2/asm/asm-tree/9.9/asm-tree-9.9.pom
2026.01.17 05:52:59 INFO  BSP server: Failed to download https://oss.sonatype.org/content/repositories/snapshots/org/ow2/asm/asm-tree/9.9/asm-tree-9.9.pom
2026.01.17 05:52:59 INFO  BSP server: Failed to download https://oss.sonatype.org/content/repositories/snapshots/org/apache/logging/log4j/log4j-api/2.23.0/log4j-api-2.23.0.pom
2026.01.17 05:52:59 INFO  BSP server: Downloading https://oss.sonatype.org/content/repositories/snapshots/org/scala-sbt/zinc-compile-core_2.12/1.11.0/zinc-compile-core_2.12-1.11.0.pom
2026.01.17 05:52:59 INFO  BSP server: Downloading https://oss.sonatype.org/content/repositories/snapshots/io/monix/implicitbox_2.12/0.2.0/implicitbox_2.12-0.2.0.pom
2026.01.17 05:52:59 INFO  BSP server: Failed to download https://oss.sonatype.org/content/repositories/snapshots/org/ow2/asm/asm-analysis/9.9/asm-analysis-9.9.pom
2026.01.17 05:52:59 INFO  BSP server: Failed to download https://oss.sonatype.org/content/repositories/snapshots/org/scala-sbt/zinc-compile-core_2.12/1.11.0/zinc-compile-core_2.12-1.11.0.pom
2026.01.17 05:52:59 INFO  BSP server: Failed to download https://oss.sonatype.org/content/repositories/snapshots/io/zipkin/reporter2/zipkin-reporter/2.17.2/zipkin-reporter-2.17.2.pom
2026.01.17 05:52:59 INFO  BSP server: Downloading https://oss.sonatype.org/content/repositories/snapshots/io/get-coursier/util/directories/0.1.2/directories-0.1.2.pom
2026.01.17 05:52:59 INFO  BSP server: Failed to download https://oss.sonatype.org/content/repositories/snapshots/org/scala-sbt/zinc-classfile_2.12/1.11.0/zinc-classfile_2.12-1.11.0.pom
2026.01.17 05:52:59 INFO  BSP server: Downloading https://oss.sonatype.org/content/repositories/snapshots/io/zipkin/reporter2/zipkin-reporter-brave/2.17.2/zipkin-reporter-brave-2.17.2.pom
2026.01.17 05:52:59 INFO  BSP server: Failed to download https://oss.sonatype.org/content/repositories/snapshots/io/monix/implicitbox_2.12/0.2.0/implicitbox_2.12-0.2.0.pom
2026.01.17 05:52:59 INFO  BSP server: Downloading https://oss.sonatype.org/content/repositories/snapshots/org/jctools/jctools-core/2.1.2/jctools-core-2.1.2.pom.sha1
2026.01.17 05:52:59 INFO  BSP server: Downloading https://oss.sonatype.org/content/repositories/snapshots/org/ow2/asm/asm-tree/9.9/asm-tree-9.9.pom.sha1
2026.01.17 05:52:59 INFO  BSP server: Downloading https://oss.sonatype.org/content/repositories/snapshots/org/scala-sbt/zinc-persist_2.12/1.11.0/zinc-persist_2.12-1.11.0.pom.sha1
2026.01.17 05:52:59 INFO  BSP server: Failed to download https://oss.sonatype.org/content/repositories/snapshots/io/zipkin/reporter2/zipkin-reporter-brave/2.17.2/zipkin-reporter-brave-2.17.2.pom
2026.01.17 05:52:59 INFO  BSP server: Downloading https://oss.sonatype.org/content/repositories/snapshots/org/apache/logging/log4j/log4j-api/2.23.0/log4j-api-2.23.0.pom.sha1
2026.01.17 05:52:59 INFO  BSP server: Failed to download https://oss.sonatype.org/content/repositories/snapshots/org/jctools/jctools-core/2.1.2/jctools-core-2.1.2.pom.sha1
2026.01.17 05:52:59 INFO  BSP server: Failed to download https://oss.sonatype.org/content/repositories/snapshots/org/scala-sbt/zinc-persist_2.12/1.11.0/zinc-persist_2.12-1.11.0.pom.sha1
2026.01.17 05:52:59 INFO  BSP server: Downloading https://oss.sonatype.org/content/repositories/snapshots/com/eed3si9n/sjson-new-core_2.12/0.10.1/sjson-new-core_2.12-0.10.1.pom
2026.01.17 05:52:59 INFO  BSP server: Failed to download https://oss.sonatype.org/content/repositories/snapshots/org/ow2/asm/asm-tree/9.9/asm-tree-9.9.pom.sha1
2026.01.17 05:52:59 INFO  BSP server: Downloading https://oss.sonatype.org/content/repositories/snapshots/org/scala-sbt/zinc-core_2.12/1.11.0/zinc-core_2.12-1.11.0.pom
2026.01.17 05:52:59 INFO  BSP server: Downloading https://oss.sonatype.org/content/repositories/snapshots/org/ow2/asm/asm-analysis/9.9/asm-analysis-9.9.pom.sha1
2026.01.17 05:52:59 INFO  BSP server: Failed to download https://oss.sonatype.org/content/repositories/snapshots/org/apache/logging/log4j/log4j-api/2.23.0/log4j-api-2.23.0.pom.sha1
2026.01.17 05:52:59 INFO  BSP server: Downloading https://oss.sonatype.org/content/repositories/snapshots/io/zipkin/reporter2/zipkin-reporter/2.17.2/zipkin-reporter-2.17.2.pom.sha1
2026.01.17 05:52:59 INFO  BSP server: Failed to download https://oss.sonatype.org/content/repositories/snapshots/org/ow2/asm/asm-analysis/9.9/asm-analysis-9.9.pom.sha1
2026.01.17 05:52:59 INFO  BSP server: Downloading https://oss.sonatype.org/content/repositories/snapshots/org/scala-sbt/zinc-compile-core_2.12/1.11.0/zinc-compile-core_2.12-1.11.0.pom.sha1
2026.01.17 05:52:59 INFO  BSP server: (watching) Failed to download https://oss.sonatype.org/content/repositories/snapshots/io/zipkin/zipkin2/zipkin/2.27.0/zipkin-2.27.0.pom
2026.01.17 05:52:59 INFO  BSP server: Downloading https://oss.sonatype.org/content/repositories/snapshots/org/scala-sbt/zinc-classfile_2.12/1.11.0/zinc-classfile_2.12-1.11.0.pom.sha1
2026.01.17 05:52:59 INFO  BSP server: Failed to download https://oss.sonatype.org/content/repositories/snapshots/org/scala-sbt/zinc-core_2.12/1.11.0/zinc-core_2.12-1.11.0.pom
2026.01.17 05:52:59 INFO  BSP server: Downloading https://oss.sonatype.org/content/repositories/snapshots/io/monix/implicitbox_2.12/0.2.0/implicitbox_2.12-0.2.0.pom.sha1
2026.01.17 05:52:59 INFO  BSP server: Failed to download https://oss.sonatype.org/content/repositories/snapshots/com/eed3si9n/sjson-new-core_2.12/0.10.1/sjson-new-core_2.12-0.10.1.pom
2026.01.17 05:52:59 INFO  BSP server: Downloading https://oss.sonatype.org/content/repositories/snapshots/org/scalameta/trees_2.12/4.13.8/trees_2.12-4.13.8.pom
2026.01.17 05:52:59 INFO  BSP server: Failed to download https://oss.sonatype.org/content/repositories/snapshots/io/zipkin/reporter2/zipkin-reporter/2.17.2/zipkin-reporter-2.17.2.pom.sha1
2026.01.17 05:52:59 INFO  BSP server: Downloading https://oss.sonatype.org/content/repositories/snapshots/com/outr/scribe_2.12/3.5.5/scribe_2.12-3.5.5.pom
2026.01.17 05:52:59 INFO  BSP server: Failed to download https://oss.sonatype.org/content/repositories/snapshots/io/get-coursier/util/directories/0.1.2/directories-0.1.2.pom
2026.01.17 05:52:59 INFO  BSP server: Failed to download https://oss.sonatype.org/content/repositories/snapshots/org/scala-sbt/zinc-compile-core_2.12/1.11.0/zinc-compile-core_2.12-1.11.0.pom.sha1
2026.01.17 05:52:59 INFO  BSP server: Downloading https://oss.sonatype.org/content/repositories/snapshots/org/typelevel/cats-effect_2.12/2.1.3/cats-effect_2.12-2.1.3.pom
2026.01.17 05:52:59 INFO  BSP server: Downloading https://oss.sonatype.org/content/repositories/snapshots/net/java/dev/jna/jna-platform/4.4.0/jna-platform-4.4.0.pom
2026.01.17 05:52:59 INFO  BSP server: Failed to download https://oss.sonatype.org/content/repositories/snapshots/org/scalameta/trees_2.12/4.13.8/trees_2.12-4.13.8.pom
2026.01.17 05:52:59 INFO  BSP server: Failed to download https://oss.sonatype.org/content/repositories/snapshots/org/scala-sbt/zinc-classfile_2.12/1.11.0/zinc-classfile_2.12-1.11.0.pom.sha1
2026.01.17 05:52:59 INFO  BSP server: Failed to download https://oss.sonatype.org/content/repositories/snapshots/io/monix/implicitbox_2.12/0.2.0/implicitbox_2.12-0.2.0.pom.sha1
2026.01.17 05:52:59 INFO  BSP server: Downloading https://oss.sonatype.org/content/repositories/snapshots/org/scala-sbt/ivy/ivy/2.3.0-sbt-77cc781d727b367d3761f097d89f5a4762771d41/ivy-2.3.0-sbt-77cc781d727b367d3761f097d89f5a4762771d41.pom
2026.01.17 05:52:59 INFO  BSP server: Downloading https://oss.sonatype.org/content/repositories/snapshots/io/zipkin/reporter2/zipkin-reporter-brave/2.17.2/zipkin-reporter-brave-2.17.2.pom.sha1
2026.01.17 05:52:59 INFO  BSP server: Downloading https://oss.sonatype.org/content/repositories/snapshots/com/chuusai/shapeless_2.12/2.3.3/shapeless_2.12-2.3.3.pom
2026.01.17 05:52:59 INFO  BSP server: Failed to download https://oss.sonatype.org/content/repositories/snapshots/com/outr/scribe_2.12/3.5.5/scribe_2.12-3.5.5.pom
2026.01.17 05:52:59 INFO  BSP server: Downloading https://oss.sonatype.org/content/repositories/snapshots/io/zipkin/zipkin2/zipkin/2.27.0/zipkin-2.27.0.pom.sha1
2026.01.17 05:52:59 INFO  BSP server: Failed to download https://oss.sonatype.org/content/repositories/snapshots/net/java/dev/jna/jna-platform/4.4.0/jna-platform-4.4.0.pom
2026.01.17 05:52:59 INFO  BSP server: Downloading https://oss.sonatype.org/content/repositories/snapshots/org/scala-sbt/librarymanagement-core_2.12/1.11.6/librarymanagement-core_2.12-1.11.6.pom
2026.01.17 05:52:59 INFO  BSP server: Failed to download https://oss.sonatype.org/content/repositories/snapshots/org/typelevel/cats-effect_2.12/2.1.3/cats-effect_2.12-2.1.3.pom
2026.01.17 05:52:59 INFO  BSP server: Downloading https://oss.sonatype.org/content/repositories/snapshots/com/lihaoyi/fansi_2.12/0.5.1/fansi_2.12-0.5.1.pom
2026.01.17 05:52:59 INFO  BSP server: Failed to download https://oss.sonatype.org/content/repositories/snapshots/com/chuusai/shapeless_2.12/2.3.3/shapeless_2.12-2.3.3.pom
2026.01.17 05:52:59 INFO  BSP server: Downloading https://oss.sonatype.org/content/repositories/snapshots/org/scala-sbt/zinc-core_2.12/1.11.0/zinc-core_2.12-1.11.0.pom.sha1
2026.01.17 05:52:59 INFO  BSP server: Failed to download https://oss.sonatype.org/content/repositories/snapshots/io/zipkin/reporter2/zipkin-reporter-brave/2.17.2/zipkin-reporter-brave-2.17.2.pom.sha1
2026.01.17 05:52:59 INFO  BSP server: Downloading https://oss.sonatype.org/content/repositories/snapshots/com/eed3si9n/sjson-new-core_2.12/0.10.1/sjson-new-core_2.12-0.10.1.pom.sha1
2026.01.17 05:52:59 INFO  BSP server: Failed to download https://oss.sonatype.org/content/repositories/snapshots/org/scala-sbt/ivy/ivy/2.3.0-sbt-77cc781d727b367d3761f097d89f5a4762771d41/ivy-2.3.0-sbt-77cc781d727b367d3761f097d89f5a4762771d41.pom
2026.01.17 05:52:59 INFO  BSP server: Downloading https://oss.sonatype.org/content/repositories/snapshots/io/get-coursier/util/directories/0.1.2/directories-0.1.2.pom.sha1
2026.01.17 05:52:59 INFO  BSP server: Failed to download https://oss.sonatype.org/content/repositories/snapshots/io/zipkin/zipkin2/zipkin/2.27.0/zipkin-2.27.0.pom.sha1
2026.01.17 05:52:59 INFO  BSP server: Downloading https://oss.sonatype.org/content/repositories/snapshots/org/scalameta/trees_2.12/4.13.8/trees_2.12-4.13.8.pom.sha1
2026.01.17 05:52:59 INFO  BSP server: Failed to download https://oss.sonatype.org/content/repositories/snapshots/org/scala-sbt/librarymanagement-core_2.12/1.11.6/librarymanagement-core_2.12-1.11.6.pom
2026.01.17 05:52:59 INFO  BSP server: Downloading https://oss.sonatype.org/content/repositories/snapshots/com/outr/scribe_2.12/3.5.5/scribe_2.12-3.5.5.pom.sha1
2026.01.17 05:52:59 INFO  BSP server: Failed to download https://oss.sonatype.org/content/repositories/snapshots/io/get-coursier/util/directories/0.1.2/directories-0.1.2.pom.sha1
2026.01.17 05:52:59 INFO  BSP server: Failed to download https://oss.sonatype.org/content/repositories/snapshots/org/scala-sbt/zinc-core_2.12/1.11.0/zinc-core_2.12-1.11.0.pom.sha1
2026.01.17 05:52:59 INFO  BSP server: Failed to download https://oss.sonatype.org/content/repositories/snapshots/com/lihaoyi/fansi_2.12/0.5.1/fansi_2.12-0.5.1.pom
2026.01.17 05:52:59 INFO  BSP server: Downloading https://oss.sonatype.org/content/repositories/snapshots/net/java/dev/jna/jna-platform/4.4.0/jna-platform-4.4.0.pom.sha1
2026.01.17 05:52:59 INFO  BSP server: Downloading https://oss.sonatype.org/content/repositories/snapshots/org/typelevel/cats-effect_2.12/2.1.3/cats-effect_2.12-2.1.3.pom.sha1
2026.01.17 05:52:59 INFO  BSP server: Downloading https://oss.sonatype.org/content/repositories/snapshots/com/chuusai/shapeless_2.12/2.3.3/shapeless_2.12-2.3.3.pom.sha1
2026.01.17 05:53:00 INFO  BSP server: Failed to download https://oss.sonatype.org/content/repositories/snapshots/com/outr/scribe_2.12/3.5.5/scribe_2.12-3.5.5.pom.sha1
2026.01.17 05:53:00 INFO  BSP server: Failed to download https://oss.sonatype.org/content/repositories/snapshots/org/scalameta/trees_2.12/4.13.8/trees_2.12-4.13.8.pom.sha1
2026.01.17 05:53:00 INFO  BSP server: Downloading https://oss.sonatype.org/content/repositories/snapshots/org/scala-sbt/ivy/ivy/2.3.0-sbt-77cc781d727b367d3761f097d89f5a4762771d41/ivy-2.3.0-sbt-77cc781d727b367d3761f097d89f5a4762771d41.pom.sha1
2026.01.17 05:53:00 INFO  BSP server: Downloading https://s01.oss.sonatype.org/content/repositories/snapshots/org/jctools/jctools-core/2.1.2/jctools-core-2.1.2.pom
2026.01.17 05:53:00 INFO  BSP server: Failed to download https://oss.sonatype.org/content/repositories/snapshots/net/java/dev/jna/jna-platform/4.4.0/jna-platform-4.4.0.pom.sha1
2026.01.17 05:53:00 INFO  BSP server: Downloading https://s01.oss.sonatype.org/content/repositories/snapshots/org/ow2/asm/asm-tree/9.9/asm-tree-9.9.pom
2026.01.17 05:53:00 INFO  BSP server: Failed to download https://oss.sonatype.org/content/repositories/snapshots/com/chuusai/shapeless_2.12/2.3.3/shapeless_2.12-2.3.3.pom.sha1
2026.01.17 05:53:00 INFO  BSP server: Downloading https://oss.sonatype.org/content/repositories/snapshots/org/scala-sbt/librarymanagement-core_2.12/1.11.6/librarymanagement-core_2.12-1.11.6.pom.sha1
2026.01.17 05:53:00 INFO  BSP server: (watching) Failed to download https://oss.sonatype.org/content/repositories/snapshots/com/eed3si9n/sjson-new-core_2.12/0.10.1/sjson-new-core_2.12-0.10.1.pom.sha1
2026.01.17 05:53:00 INFO  BSP server: Downloading https://s01.oss.sonatype.org/content/repositories/snapshots/org/apache/logging/log4j/log4j-api/2.23.0/log4j-api-2.23.0.pom
2026.01.17 05:53:00 INFO  BSP server: Failed to download https://oss.sonatype.org/content/repositories/snapshots/org/scala-sbt/ivy/ivy/2.3.0-sbt-77cc781d727b367d3761f097d89f5a4762771d41/ivy-2.3.0-sbt-77cc781d727b367d3761f097d89f5a4762771d41.pom.sha1
2026.01.17 05:53:00 INFO  BSP server: Downloading https://s01.oss.sonatype.org/content/repositories/snapshots/org/ow2/asm/asm-analysis/9.9/asm-analysis-9.9.pom
2026.01.17 05:53:00 INFO  BSP server: (watching) Failed to download https://oss.sonatype.org/content/repositories/snapshots/org/typelevel/cats-effect_2.12/2.1.3/cats-effect_2.12-2.1.3.pom.sha1
2026.01.17 05:53:00 INFO  BSP server: Downloading https://s01.oss.sonatype.org/content/repositories/snapshots/org/scala-sbt/zinc-persist_2.12/1.11.0/zinc-persist_2.12-1.11.0.pom
2026.01.17 05:53:00 INFO  BSP server: Failed to download https://oss.sonatype.org/content/repositories/snapshots/org/scala-sbt/librarymanagement-core_2.12/1.11.6/librarymanagement-core_2.12-1.11.6.pom.sha1
2026.01.17 05:53:00 INFO  BSP server: Downloading https://s01.oss.sonatype.org/content/repositories/snapshots/io/zipkin/reporter2/zipkin-reporter/2.17.2/zipkin-reporter-2.17.2.pom
2026.01.17 05:53:00 INFO  BSP server: Failed to download https://s01.oss.sonatype.org/content/repositories/snapshots/org/jctools/jctools-core/2.1.2/jctools-core-2.1.2.pom
2026.01.17 05:53:00 INFO  BSP server: Downloading https://oss.sonatype.org/content/repositories/snapshots/com/lihaoyi/fansi_2.12/0.5.1/fansi_2.12-0.5.1.pom.sha1
2026.01.17 05:53:00 INFO  BSP server: Failed to download https://s01.oss.sonatype.org/content/repositories/snapshots/org/apache/logging/log4j/log4j-api/2.23.0/log4j-api-2.23.0.pom
2026.01.17 05:53:00 INFO  BSP server: Downloading https://s01.oss.sonatype.org/content/repositories/snapshots/org/scala-sbt/zinc-compile-core_2.12/1.11.0/zinc-compile-core_2.12-1.11.0.pom
2026.01.17 05:53:00 INFO  BSP server: Failed to download https://s01.oss.sonatype.org/content/repositories/snapshots/org/ow2/asm/asm-analysis/9.9/asm-analysis-9.9.pom
2026.01.17 05:53:00 INFO  BSP server: Downloading https://s01.oss.sonatype.org/content/repositories/snapshots/org/scala-sbt/zinc-classfile_2.12/1.11.0/zinc-classfile_2.12-1.11.0.pom
2026.01.17 05:53:00 INFO  BSP server: Failed to download https://oss.sonatype.org/content/repositories/snapshots/com/lihaoyi/fansi_2.12/0.5.1/fansi_2.12-0.5.1.pom.sha1
2026.01.17 05:53:00 INFO  BSP server: Downloading https://s01.oss.sonatype.org/content/repositories/snapshots/io/monix/implicitbox_2.12/0.2.0/implicitbox_2.12-0.2.0.pom
2026.01.17 05:53:00 INFO  BSP server: Failed to download https://s01.oss.sonatype.org/content/repositories/snapshots/io/zipkin/reporter2/zipkin-reporter/2.17.2/zipkin-reporter-2.17.2.pom
2026.01.17 05:53:00 INFO  BSP server: Downloading https://s01.oss.sonatype.org/content/repositories/snapshots/io/zipkin/reporter2/zipkin-reporter-brave/2.17.2/zipkin-reporter-brave-2.17.2.pom
2026.01.17 05:53:00 INFO  BSP server: Failed to download https://s01.oss.sonatype.org/content/repositories/snapshots/org/ow2/asm/asm-tree/9.9/asm-tree-9.9.pom
2026.01.17 05:53:00 INFO  BSP server: Downloading https://s01.oss.sonatype.org/content/repositories/snapshots/org/jctools/jctools-core/2.1.2/jctools-core-2.1.2.pom.sha1
2026.01.17 05:53:00 INFO  BSP server: Failed to download https://s01.oss.sonatype.org/content/repositories/snapshots/org/scala-sbt/zinc-persist_2.12/1.11.0/zinc-persist_2.12-1.11.0.pom
2026.01.17 05:53:00 INFO  BSP server: Downloading https://s01.oss.sonatype.org/content/repositories/snapshots/org/apache/logging/log4j/log4j-api/2.23.0/log4j-api-2.23.0.pom.sha1
2026.01.17 05:53:00 INFO  BSP server: Failed to download https://s01.oss.sonatype.org/content/repositories/snapshots/org/scala-sbt/zinc-classfile_2.12/1.11.0/zinc-classfile_2.12-1.11.0.pom
2026.01.17 05:53:00 INFO  BSP server: Downloading https://s01.oss.sonatype.org/content/repositories/snapshots/io/zipkin/zipkin2/zipkin/2.27.0/zipkin-2.27.0.pom
2026.01.17 05:53:00 INFO  BSP server: Failed to download https://s01.oss.sonatype.org/content/repositories/snapshots/io/monix/implicitbox_2.12/0.2.0/implicitbox_2.12-0.2.0.pom
2026.01.17 05:53:00 INFO  BSP server: Downloading https://s01.oss.sonatype.org/content/repositories/snapshots/org/ow2/asm/asm-analysis/9.9/asm-analysis-9.9.pom.sha1
2026.01.17 05:53:00 INFO  BSP server: Failed to download https://s01.oss.sonatype.org/content/repositories/snapshots/io/zipkin/reporter2/zipkin-reporter-brave/2.17.2/zipkin-reporter-brave-2.17.2.pom
2026.01.17 05:53:00 INFO  BSP server: Downloading https://s01.oss.sonatype.org/content/repositories/snapshots/io/zipkin/reporter2/zipkin-reporter/2.17.2/zipkin-reporter-2.17.2.pom.sha1
2026.01.17 05:53:00 INFO  BSP server: Failed to download https://s01.oss.sonatype.org/content/repositories/snapshots/org/jctools/jctools-core/2.1.2/jctools-core-2.1.2.pom.sha1
2026.01.17 05:53:00 INFO  BSP server: Downloading https://s01.oss.sonatype.org/content/repositories/snapshots/io/get-coursier/util/directories/0.1.2/directories-0.1.2.pom
2026.01.17 05:53:00 INFO  BSP server: Failed to download https://s01.oss.sonatype.org/content/repositories/snapshots/org/scala-sbt/zinc-compile-core_2.12/1.11.0/zinc-compile-core_2.12-1.11.0.pom
2026.01.17 05:53:00 INFO  BSP server: Downloading https://s01.oss.sonatype.org/content/repositories/snapshots/org/scala-sbt/zinc-core_2.12/1.11.0/zinc-core_2.12-1.11.0.pom
2026.01.17 05:53:00 INFO  BSP server: Failed to download https://s01.oss.sonatype.org/content/repositories/snapshots/org/apache/logging/log4j/log4j-api/2.23.0/log4j-api-2.23.0.pom.sha1
2026.01.17 05:53:00 INFO  BSP server: Downloading https://s01.oss.sonatype.org/content/repositories/snapshots/com/outr/scribe_2.12/3.5.5/scribe_2.12-3.5.5.pom
2026.01.17 05:53:00 INFO  BSP server: Failed to download https://s01.oss.sonatype.org/content/repositories/snapshots/io/zipkin/zipkin2/zipkin/2.27.0/zipkin-2.27.0.pom
2026.01.17 05:53:00 INFO  BSP server: Downloading https://s01.oss.sonatype.org/content/repositories/snapshots/org/scalameta/trees_2.12/4.13.8/trees_2.12-4.13.8.pom
2026.01.17 05:53:00 INFO  BSP server: Failed to download https://s01.oss.sonatype.org/content/repositories/snapshots/org/ow2/asm/asm-analysis/9.9/asm-analysis-9.9.pom.sha1
2026.01.17 05:53:00 INFO  BSP server: Downloading https://s01.oss.sonatype.org/content/repositories/snapshots/org/ow2/asm/asm-tree/9.9/asm-tree-9.9.pom.sha1
2026.01.17 05:53:00 INFO  BSP server: Failed to download https://s01.oss.sonatype.org/content/repositories/snapshots/io/get-coursier/util/directories/0.1.2/directories-0.1.2.pom
2026.01.17 05:53:00 INFO  BSP server: Failed to download https://s01.oss.sonatype.org/content/repositories/snapshots/io/zipkin/reporter2/zipkin-reporter/2.17.2/zipkin-reporter-2.17.2.pom.sha1
2026.01.17 05:53:00 INFO  BSP server: Downloading https://s01.oss.sonatype.org/content/repositories/snapshots/org/scala-sbt/zinc-persist_2.12/1.11.0/zinc-persist_2.12-1.11.0.pom.sha1
2026.01.17 05:53:00 INFO  BSP server: Downloading https://s01.oss.sonatype.org/content/repositories/snapshots/org/scala-sbt/zinc-classfile_2.12/1.11.0/zinc-classfile_2.12-1.11.0.pom.sha1
2026.01.17 05:53:00 INFO  BSP server: Failed to download https://s01.oss.sonatype.org/content/repositories/snapshots/org/scala-sbt/zinc-core_2.12/1.11.0/zinc-core_2.12-1.11.0.pom
2026.01.17 05:53:00 INFO  BSP server: Downloading https://s01.oss.sonatype.org/content/repositories/snapshots/io/monix/implicitbox_2.12/0.2.0/implicitbox_2.12-0.2.0.pom.sha1
2026.01.17 05:53:00 INFO  BSP server: Failed to download https://s01.oss.sonatype.org/content/repositories/snapshots/com/outr/scribe_2.12/3.5.5/scribe_2.12-3.5.5.pom
2026.01.17 05:53:00 INFO  BSP server: Downloading https://s01.oss.sonatype.org/content/repositories/snapshots/io/zipkin/reporter2/zipkin-reporter-brave/2.17.2/zipkin-reporter-brave-2.17.2.pom.sha1
2026.01.17 05:53:00 INFO  BSP server: Failed to download https://s01.oss.sonatype.org/content/repositories/snapshots/org/ow2/asm/asm-tree/9.9/asm-tree-9.9.pom.sha1
2026.01.17 05:53:00 INFO  BSP server: Failed to download https://s01.oss.sonatype.org/content/repositories/snapshots/org/scalameta/trees_2.12/4.13.8/trees_2.12-4.13.8.pom
2026.01.17 05:53:00 INFO  BSP server: Downloading https://s01.oss.sonatype.org/content/repositories/snapshots/net/java/dev/jna/jna-platform/4.4.0/jna-platform-4.4.0.pom
2026.01.17 05:53:00 INFO  BSP server: Downloading https://s01.oss.sonatype.org/content/repositories/snapshots/com/chuusai/shapeless_2.12/2.3.3/shapeless_2.12-2.3.3.pom
2026.01.17 05:53:00 INFO  BSP server: Failed to download https://s01.oss.sonatype.org/content/repositories/snapshots/org/scala-sbt/zinc-classfile_2.12/1.11.0/zinc-classfile_2.12-1.11.0.pom.sha1
2026.01.17 05:53:00 INFO  BSP server: Failed to download https://s01.oss.sonatype.org/content/repositories/snapshots/org/scala-sbt/zinc-persist_2.12/1.11.0/zinc-persist_2.12-1.11.0.pom.sha1
2026.01.17 05:53:00 INFO  BSP server: Downloading https://s01.oss.sonatype.org/content/repositories/snapshots/com/eed3si9n/sjson-new-core_2.12/0.10.1/sjson-new-core_2.12-0.10.1.pom
2026.01.17 05:53:00 INFO  BSP server: Downloading https://s01.oss.sonatype.org/content/repositories/snapshots/org/scala-sbt/ivy/ivy/2.3.0-sbt-77cc781d727b367d3761f097d89f5a4762771d41/ivy-2.3.0-sbt-77cc781d727b367d3761f097d89f5a4762771d41.pom
2026.01.17 05:53:00 INFO  BSP server: Failed to download https://s01.oss.sonatype.org/content/repositories/snapshots/io/monix/implicitbox_2.12/0.2.0/implicitbox_2.12-0.2.0.pom.sha1
2026.01.17 05:53:00 INFO  BSP server: Downloading https://s01.oss.sonatype.org/content/repositories/snapshots/org/typelevel/cats-effect_2.12/2.1.3/cats-effect_2.12-2.1.3.pom
2026.01.17 05:53:01 INFO  BSP server: Failed to download https://s01.oss.sonatype.org/content/repositories/snapshots/io/zipkin/reporter2/zipkin-reporter-brave/2.17.2/zipkin-reporter-brave-2.17.2.pom.sha1
2026.01.17 05:53:01 INFO  BSP server: Downloading https://s01.oss.sonatype.org/content/repositories/snapshots/org/scala-sbt/zinc-compile-core_2.12/1.11.0/zinc-compile-core_2.12-1.11.0.pom.sha1
2026.01.17 05:53:01 INFO  BSP server: Failed to download https://s01.oss.sonatype.org/content/repositories/snapshots/com/chuusai/shapeless_2.12/2.3.3/shapeless_2.12-2.3.3.pom
2026.01.17 05:53:01 INFO  BSP server: Downloading https://s01.oss.sonatype.org/content/repositories/snapshots/org/scala-sbt/librarymanagement-core_2.12/1.11.6/librarymanagement-core_2.12-1.11.6.pom
2026.01.17 05:53:01 INFO  BSP server: Failed to download https://s01.oss.sonatype.org/content/repositories/snapshots/com/eed3si9n/sjson-new-core_2.12/0.10.1/sjson-new-core_2.12-0.10.1.pom
2026.01.17 05:53:01 INFO  BSP server: Downloading https://s01.oss.sonatype.org/content/repositories/snapshots/io/zipkin/zipkin2/zipkin/2.27.0/zipkin-2.27.0.pom.sha1
2026.01.17 05:53:01 INFO  BSP server: Failed to download https://s01.oss.sonatype.org/content/repositories/snapshots/org/scala-sbt/ivy/ivy/2.3.0-sbt-77cc781d727b367d3761f097d89f5a4762771d41/ivy-2.3.0-sbt-77cc781d727b367d3761f097d89f5a4762771d41.pom
2026.01.17 05:53:01 INFO  BSP server: Downloading https://s01.oss.sonatype.org/content/repositories/snapshots/io/get-coursier/util/directories/0.1.2/directories-0.1.2.pom.sha1
2026.01.17 05:53:01 INFO  BSP server: Failed to download https://s01.oss.sonatype.org/content/repositories/snapshots/org/scala-sbt/zinc-compile-core_2.12/1.11.0/zinc-compile-core_2.12-1.11.0.pom.sha1
2026.01.17 05:53:01 INFO  BSP server: Downloading https://s01.oss.sonatype.org/content/repositories/snapshots/org/scala-sbt/zinc-core_2.12/1.11.0/zinc-core_2.12-1.11.0.pom.sha1
2026.01.17 05:53:01 INFO  BSP server: Failed to download https://s01.oss.sonatype.org/content/repositories/snapshots/org/scala-sbt/librarymanagement-core_2.12/1.11.6/librarymanagement-core_2.12-1.11.6.pom
2026.01.17 05:53:01 INFO  BSP server: Downloading https://s01.oss.sonatype.org/content/repositories/snapshots/com/outr/scribe_2.12/3.5.5/scribe_2.12-3.5.5.pom.sha1
2026.01.17 05:53:01 INFO  BSP server: Failed to download https://s01.oss.sonatype.org/content/repositories/snapshots/io/zipkin/zipkin2/zipkin/2.27.0/zipkin-2.27.0.pom.sha1
2026.01.17 05:53:01 INFO  BSP server: Downloading https://s01.oss.sonatype.org/content/repositories/snapshots/com/lihaoyi/fansi_2.12/0.5.1/fansi_2.12-0.5.1.pom
2026.01.17 05:53:01 INFO  BSP server: Failed to download https://s01.oss.sonatype.org/content/repositories/snapshots/io/get-coursier/util/directories/0.1.2/directories-0.1.2.pom.sha1
2026.01.17 05:53:01 INFO  BSP server: Downloading https://s01.oss.sonatype.org/content/repositories/snapshots/org/scalameta/trees_2.12/4.13.8/trees_2.12-4.13.8.pom.sha1
2026.01.17 05:53:01 INFO  BSP server: Failed to download https://s01.oss.sonatype.org/content/repositories/snapshots/org/typelevel/cats-effect_2.12/2.1.3/cats-effect_2.12-2.1.3.pom
2026.01.17 05:53:01 INFO  BSP server: Downloading https://s01.oss.sonatype.org/content/repositories/snapshots/com/chuusai/shapeless_2.12/2.3.3/shapeless_2.12-2.3.3.pom.sha1
2026.01.17 05:53:01 INFO  BSP server: Failed to download https://s01.oss.sonatype.org/content/repositories/snapshots/org/scala-sbt/zinc-core_2.12/1.11.0/zinc-core_2.12-1.11.0.pom.sha1
2026.01.17 05:53:01 INFO  BSP server: Downloading https://s01.oss.sonatype.org/content/repositories/snapshots/com/eed3si9n/sjson-new-core_2.12/0.10.1/sjson-new-core_2.12-0.10.1.pom.sha1
2026.01.17 05:53:01 INFO  BSP server: Failed to download https://s01.oss.sonatype.org/content/repositories/snapshots/com/outr/scribe_2.12/3.5.5/scribe_2.12-3.5.5.pom.sha1
2026.01.17 05:53:01 INFO  BSP server: Downloading https://s01.oss.sonatype.org/content/repositories/snapshots/org/scala-sbt/ivy/ivy/2.3.0-sbt-77cc781d727b367d3761f097d89f5a4762771d41/ivy-2.3.0-sbt-77cc781d727b367d3761f097d89f5a4762771d41.pom.sha1
2026.01.17 05:53:01 INFO  BSP server: Failed to download https://s01.oss.sonatype.org/content/repositories/snapshots/com/lihaoyi/fansi_2.12/0.5.1/fansi_2.12-0.5.1.pom
2026.01.17 05:53:01 INFO  BSP server: Failed to download https://s01.oss.sonatype.org/content/repositories/snapshots/org/scalameta/trees_2.12/4.13.8/trees_2.12-4.13.8.pom.sha1
2026.01.17 05:53:01 INFO  BSP server: Downloading https://s01.oss.sonatype.org/content/repositories/snapshots/org/scala-sbt/librarymanagement-core_2.12/1.11.6/librarymanagement-core_2.12-1.11.6.pom.sha1
2026.01.17 05:53:01 INFO  BSP server: Downloading https://s01.oss.sonatype.org/content/repositories/snapshots/org/typelevel/cats-effect_2.12/2.1.3/cats-effect_2.12-2.1.3.pom.sha1
2026.01.17 05:53:01 INFO  BSP server: Failed to download https://s01.oss.sonatype.org/content/repositories/snapshots/com/chuusai/shapeless_2.12/2.3.3/shapeless_2.12-2.3.3.pom.sha1
2026.01.17 05:53:01 INFO  BSP server: Downloading https://central.sonatype.com/repository/maven-snapshots/org/jctools/jctools-core/2.1.2/jctools-core-2.1.2.pom
2026.01.17 05:53:01 INFO  BSP server: Failed to download https://s01.oss.sonatype.org/content/repositories/snapshots/com/eed3si9n/sjson-new-core_2.12/0.10.1/sjson-new-core_2.12-0.10.1.pom.sha1
2026.01.17 05:53:01 INFO  BSP server: Failed to download https://s01.oss.sonatype.org/content/repositories/snapshots/org/scala-sbt/ivy/ivy/2.3.0-sbt-77cc781d727b367d3761f097d89f5a4762771d41/ivy-2.3.0-sbt-77cc781d727b367d3761f097d89f5a4762771d41.pom.sha1
2026.01.17 05:53:01 INFO  BSP server: Downloading https://central.sonatype.com/repository/maven-snapshots/org/apache/logging/log4j/log4j-api/2.23.0/log4j-api-2.23.0.pom
2026.01.17 05:53:01 INFO  BSP server: Downloading https://central.sonatype.com/repository/maven-snapshots/io/zipkin/reporter2/zipkin-reporter/2.17.2/zipkin-reporter-2.17.2.pom
2026.01.17 05:53:01 INFO  BSP server: Failed to download https://s01.oss.sonatype.org/content/repositories/snapshots/org/typelevel/cats-effect_2.12/2.1.3/cats-effect_2.12-2.1.3.pom.sha1
2026.01.17 05:53:01 INFO  BSP server: Downloading https://central.sonatype.com/repository/maven-snapshots/org/ow2/asm/asm-analysis/9.9/asm-analysis-9.9.pom
2026.01.17 05:53:01 INFO  BSP server: Failed to download https://s01.oss.sonatype.org/content/repositories/snapshots/org/scala-sbt/librarymanagement-core_2.12/1.11.6/librarymanagement-core_2.12-1.11.6.pom.sha1
2026.01.17 05:53:01 INFO  BSP server: Downloading https://central.sonatype.com/repository/maven-snapshots/org/ow2/asm/asm-tree/9.9/asm-tree-9.9.pom
2026.01.17 05:53:01 INFO  BSP server: Failed to download https://central.sonatype.com/repository/maven-snapshots/org/jctools/jctools-core/2.1.2/jctools-core-2.1.2.pom
2026.01.17 05:53:01 INFO  BSP server: Downloading https://s01.oss.sonatype.org/content/repositories/snapshots/com/lihaoyi/fansi_2.12/0.5.1/fansi_2.12-0.5.1.pom.sha1
2026.01.17 05:53:01 INFO  BSP server: Failed to download https://central.sonatype.com/repository/maven-snapshots/io/zipkin/reporter2/zipkin-reporter/2.17.2/zipkin-reporter-2.17.2.pom
2026.01.17 05:53:01 INFO  BSP server: Downloading https://central.sonatype.com/repository/maven-snapshots/org/scala-sbt/zinc-classfile_2.12/1.11.0/zinc-classfile_2.12-1.11.0.pom
2026.01.17 05:53:01 INFO  BSP server: Failed to download https://central.sonatype.com/repository/maven-snapshots/org/apache/logging/log4j/log4j-api/2.23.0/log4j-api-2.23.0.pom
2026.01.17 05:53:01 INFO  BSP server: Downloading https://central.sonatype.com/repository/maven-snapshots/org/scala-sbt/zinc-persist_2.12/1.11.0/zinc-persist_2.12-1.11.0.pom
2026.01.17 05:53:01 INFO  BSP server: Failed to download https://s01.oss.sonatype.org/content/repositories/snapshots/com/lihaoyi/fansi_2.12/0.5.1/fansi_2.12-0.5.1.pom.sha1
2026.01.17 05:53:01 INFO  BSP server: Downloading https://central.sonatype.com/repository/maven-snapshots/io/zipkin/reporter2/zipkin-reporter-brave/2.17.2/zipkin-reporter-brave-2.17.2.pom
2026.01.17 05:53:01 INFO  BSP server: Failed to download https://central.sonatype.com/repository/maven-snapshots/org/ow2/asm/asm-analysis/9.9/asm-analysis-9.9.pom
2026.01.17 05:53:01 INFO  BSP server: Downloading https://central.sonatype.com/repository/maven-snapshots/io/monix/implicitbox_2.12/0.2.0/implicitbox_2.12-0.2.0.pom
2026.01.17 05:53:01 INFO  BSP server: Failed to download https://central.sonatype.com/repository/maven-snapshots/org/ow2/asm/asm-tree/9.9/asm-tree-9.9.pom
2026.01.17 05:53:01 INFO  BSP server: Downloading https://central.sonatype.com/repository/maven-snapshots/org/scala-sbt/zinc-compile-core_2.12/1.11.0/zinc-compile-core_2.12-1.11.0.pom
2026.01.17 05:53:01 INFO  BSP server: Failed to download https://s01.oss.sonatype.org/content/repositories/snapshots/net/java/dev/jna/jna-platform/4.4.0/jna-platform-4.4.0.pom
2026.01.17 05:53:01 INFO  BSP server: Downloading https://central.sonatype.com/repository/maven-snapshots/io/zipkin/zipkin2/zipkin/2.27.0/zipkin-2.27.0.pom
2026.01.17 05:53:01 INFO  BSP server: Failed to download https://central.sonatype.com/repository/maven-snapshots/org/scala-sbt/zinc-persist_2.12/1.11.0/zinc-persist_2.12-1.11.0.pom
2026.01.17 05:53:01 INFO  BSP server: Failed to download https://central.sonatype.com/repository/maven-snapshots/org/scala-sbt/zinc-classfile_2.12/1.11.0/zinc-classfile_2.12-1.11.0.pom
2026.01.17 05:53:01 INFO  BSP server: Downloading https://central.sonatype.com/repository/maven-snapshots/io/get-coursier/util/directories/0.1.2/directories-0.1.2.pom
2026.01.17 05:53:01 INFO  BSP server: Downloading https://central.sonatype.com/repository/maven-snapshots/org/jctools/jctools-core/2.1.2/jctools-core-2.1.2.pom.sha1
2026.01.17 05:53:01 INFO  BSP server: Failed to download https://central.sonatype.com/repository/maven-snapshots/io/monix/implicitbox_2.12/0.2.0/implicitbox_2.12-0.2.0.pom
2026.01.17 05:53:01 INFO  BSP server: Downloading https://central.sonatype.com/repository/maven-snapshots/io/zipkin/reporter2/zipkin-reporter/2.17.2/zipkin-reporter-2.17.2.pom.sha1
2026.01.17 05:53:01 INFO  BSP server: Failed to download https://central.sonatype.com/repository/maven-snapshots/io/zipkin/reporter2/zipkin-reporter-brave/2.17.2/zipkin-reporter-brave-2.17.2.pom
2026.01.17 05:53:02 INFO  BSP server: Downloading https://central.sonatype.com/repository/maven-snapshots/org/apache/logging/log4j/log4j-api/2.23.0/log4j-api-2.23.0.pom.sha1
2026.01.17 05:53:02 INFO  BSP server: Failed to download https://central.sonatype.com/repository/maven-snapshots/org/scala-sbt/zinc-compile-core_2.12/1.11.0/zinc-compile-core_2.12-1.11.0.pom
2026.01.17 05:53:02 INFO  BSP server: Downloading https://central.sonatype.com/repository/maven-snapshots/org/ow2/asm/asm-analysis/9.9/asm-analysis-9.9.pom.sha1
2026.01.17 05:53:02 INFO  BSP server: Failed to download https://central.sonatype.com/repository/maven-snapshots/io/zipkin/zipkin2/zipkin/2.27.0/zipkin-2.27.0.pom
2026.01.17 05:53:02 INFO  BSP server: Downloading https://central.sonatype.com/repository/maven-snapshots/org/ow2/asm/asm-tree/9.9/asm-tree-9.9.pom.sha1
2026.01.17 05:53:02 INFO  BSP server: Failed to download https://central.sonatype.com/repository/maven-snapshots/org/jctools/jctools-core/2.1.2/jctools-core-2.1.2.pom.sha1
2026.01.17 05:53:02 INFO  BSP server: Downloading https://central.sonatype.com/repository/maven-snapshots/org/scala-sbt/zinc-core_2.12/1.11.0/zinc-core_2.12-1.11.0.pom
2026.01.17 05:53:02 INFO  BSP server: Failed to download https://central.sonatype.com/repository/maven-snapshots/io/get-coursier/util/directories/0.1.2/directories-0.1.2.pom
2026.01.17 05:53:02 INFO  BSP server: Downloading https://central.sonatype.com/repository/maven-snapshots/com/outr/scribe_2.12/3.5.5/scribe_2.12-3.5.5.pom
2026.01.17 05:53:02 INFO  BSP server: Failed to download https://central.sonatype.com/repository/maven-snapshots/io/zipkin/reporter2/zipkin-reporter/2.17.2/zipkin-reporter-2.17.2.pom.sha1
2026.01.17 05:53:02 INFO  BSP server: Downloading https://s01.oss.sonatype.org/content/repositories/snapshots/net/java/dev/jna/jna-platform/4.4.0/jna-platform-4.4.0.pom.sha1
2026.01.17 05:53:02 INFO  BSP server: Failed to download https://central.sonatype.com/repository/maven-snapshots/org/apache/logging/log4j/log4j-api/2.23.0/log4j-api-2.23.0.pom.sha1
2026.01.17 05:53:02 INFO  BSP server: Downloading https://central.sonatype.com/repository/maven-snapshots/org/scalameta/trees_2.12/4.13.8/trees_2.12-4.13.8.pom
2026.01.17 05:53:02 INFO  BSP server: Failed to download https://central.sonatype.com/repository/maven-snapshots/org/ow2/asm/asm-analysis/9.9/asm-analysis-9.9.pom.sha1
2026.01.17 05:53:02 INFO  BSP server: Downloading https://central.sonatype.com/repository/maven-snapshots/org/scala-sbt/zinc-persist_2.12/1.11.0/zinc-persist_2.12-1.11.0.pom.sha1
2026.01.17 05:53:02 INFO  BSP server: Failed to download https://central.sonatype.com/repository/maven-snapshots/org/ow2/asm/asm-tree/9.9/asm-tree-9.9.pom.sha1
2026.01.17 05:53:02 INFO  BSP server: Downloading https://central.sonatype.com/repository/maven-snapshots/org/scala-sbt/zinc-classfile_2.12/1.11.0/zinc-classfile_2.12-1.11.0.pom.sha1
2026.01.17 05:53:02 INFO  BSP server: Failed to download https://s01.oss.sonatype.org/content/repositories/snapshots/net/java/dev/jna/jna-platform/4.4.0/jna-platform-4.4.0.pom.sha1
2026.01.17 05:53:02 INFO  BSP server: Downloading https://central.sonatype.com/repository/maven-snapshots/com/chuusai/shapeless_2.12/2.3.3/shapeless_2.12-2.3.3.pom
2026.01.17 05:53:02 INFO  BSP server: Failed to download https://central.sonatype.com/repository/maven-snapshots/com/outr/scribe_2.12/3.5.5/scribe_2.12-3.5.5.pom
2026.01.17 05:53:02 INFO  BSP server: Downloading https://central.sonatype.com/repository/maven-snapshots/com/eed3si9n/sjson-new-core_2.12/0.10.1/sjson-new-core_2.12-0.10.1.pom
2026.01.17 05:53:02 INFO  BSP server: Failed to download https://central.sonatype.com/repository/maven-snapshots/org/scala-sbt/zinc-core_2.12/1.11.0/zinc-core_2.12-1.11.0.pom
2026.01.17 05:53:02 INFO  BSP server: Downloading https://central.sonatype.com/repository/maven-snapshots/org/scala-sbt/ivy/ivy/2.3.0-sbt-77cc781d727b367d3761f097d89f5a4762771d41/ivy-2.3.0-sbt-77cc781d727b367d3761f097d89f5a4762771d41.pom
2026.01.17 05:53:02 INFO  BSP server: Failed to download https://central.sonatype.com/repository/maven-snapshots/org/scalameta/trees_2.12/4.13.8/trees_2.12-4.13.8.pom
2026.01.17 05:53:02 INFO  BSP server: Downloading https://central.sonatype.com/repository/maven-snapshots/io/monix/implicitbox_2.12/0.2.0/implicitbox_2.12-0.2.0.pom.sha1
2026.01.17 05:53:02 INFO  BSP server: Failed to download https://central.sonatype.com/repository/maven-snapshots/org/scala-sbt/zinc-persist_2.12/1.11.0/zinc-persist_2.12-1.11.0.pom.sha1
2026.01.17 05:53:02 INFO  BSP server: Downloading https://central.sonatype.com/repository/maven-snapshots/io/zipkin/reporter2/zipkin-reporter-brave/2.17.2/zipkin-reporter-brave-2.17.2.pom.sha1
2026.01.17 05:53:02 INFO  BSP server: Failed to download https://central.sonatype.com/repository/maven-snapshots/org/scala-sbt/zinc-classfile_2.12/1.11.0/zinc-classfile_2.12-1.11.0.pom.sha1
2026.01.17 05:53:02 INFO  BSP server: Downloading https://central.sonatype.com/repository/maven-snapshots/org/scala-sbt/zinc-compile-core_2.12/1.11.0/zinc-compile-core_2.12-1.11.0.pom.sha1
2026.01.17 05:53:02 INFO  BSP server: Failed to download https://central.sonatype.com/repository/maven-snapshots/org/scala-sbt/ivy/ivy/2.3.0-sbt-77cc781d727b367d3761f097d89f5a4762771d41/ivy-2.3.0-sbt-77cc781d727b367d3761f097d89f5a4762771d41.pom
2026.01.17 05:53:02 INFO  BSP server: Downloading https://central.sonatype.com/repository/maven-snapshots/io/zipkin/zipkin2/zipkin/2.27.0/zipkin-2.27.0.pom.sha1
2026.01.17 05:53:02 INFO  BSP server: Failed to download https://central.sonatype.com/repository/maven-snapshots/io/monix/implicitbox_2.12/0.2.0/implicitbox_2.12-0.2.0.pom.sha1
2026.01.17 05:53:02 INFO  BSP server: Downloading https://central.sonatype.com/repository/maven-snapshots/io/get-coursier/util/directories/0.1.2/directories-0.1.2.pom.sha1
2026.01.17 05:53:02 INFO  BSP server: Failed to download https://central.sonatype.com/repository/maven-snapshots/com/chuusai/shapeless_2.12/2.3.3/shapeless_2.12-2.3.3.pom
2026.01.17 05:53:02 INFO  BSP server: Failed to download https://central.sonatype.com/repository/maven-snapshots/com/eed3si9n/sjson-new-core_2.12/0.10.1/sjson-new-core_2.12-0.10.1.pom
2026.01.17 05:53:02 INFO  BSP server: Downloading https://central.sonatype.com/repository/maven-snapshots/org/typelevel/cats-effect_2.12/2.1.3/cats-effect_2.12-2.1.3.pom
2026.01.17 05:53:02 INFO  BSP server: Downloading https://central.sonatype.com/repository/maven-snapshots/org/scala-sbt/librarymanagement-core_2.12/1.11.6/librarymanagement-core_2.12-1.11.6.pom
2026.01.17 05:53:02 INFO  BSP server: Failed to download https://central.sonatype.com/repository/maven-snapshots/io/zipkin/reporter2/zipkin-reporter-brave/2.17.2/zipkin-reporter-brave-2.17.2.pom.sha1
2026.01.17 05:53:02 INFO  BSP server: Downloading https://central.sonatype.com/repository/maven-snapshots/com/outr/scribe_2.12/3.5.5/scribe_2.12-3.5.5.pom.sha1
2026.01.17 05:53:02 INFO  BSP server: Failed to download https://central.sonatype.com/repository/maven-snapshots/org/scala-sbt/zinc-compile-core_2.12/1.11.0/zinc-compile-core_2.12-1.11.0.pom.sha1
2026.01.17 05:53:02 INFO  BSP server: Downloading https://central.sonatype.com/repository/maven-snapshots/com/lihaoyi/fansi_2.12/0.5.1/fansi_2.12-0.5.1.pom
2026.01.17 05:53:02 INFO  BSP server: Failed to download https://central.sonatype.com/repository/maven-snapshots/org/scala-sbt/librarymanagement-core_2.12/1.11.6/librarymanagement-core_2.12-1.11.6.pom
2026.01.17 05:53:02 INFO  BSP server: Downloading https://central.sonatype.com/repository/maven-snapshots/org/scala-sbt/zinc-core_2.12/1.11.0/zinc-core_2.12-1.11.0.pom.sha1
2026.01.17 05:53:02 INFO  BSP server: Failed to download https://central.sonatype.com/repository/maven-snapshots/io/zipkin/zipkin2/zipkin/2.27.0/zipkin-2.27.0.pom.sha1
2026.01.17 05:53:02 INFO  BSP server: Downloading https://central.sonatype.com/repository/maven-snapshots/org/scalameta/trees_2.12/4.13.8/trees_2.12-4.13.8.pom.sha1
2026.01.17 05:53:02 INFO  BSP server: Failed to download https://central.sonatype.com/repository/maven-snapshots/org/typelevel/cats-effect_2.12/2.1.3/cats-effect_2.12-2.1.3.pom
2026.01.17 05:53:02 INFO  BSP server: Failed to download https://central.sonatype.com/repository/maven-snapshots/io/get-coursier/util/directories/0.1.2/directories-0.1.2.pom.sha1
2026.01.17 05:53:02 INFO  BSP server: Downloading https://central.sonatype.com/repository/maven-snapshots/org/scala-sbt/ivy/ivy/2.3.0-sbt-77cc781d727b367d3761f097d89f5a4762771d41/ivy-2.3.0-sbt-77cc781d727b367d3761f097d89f5a4762771d41.pom.sha1
2026.01.17 05:53:02 INFO  BSP server: Downloading https://central.sonatype.com/repository/maven-snapshots/com/eed3si9n/sjson-new-core_2.12/0.10.1/sjson-new-core_2.12-0.10.1.pom.sha1
2026.01.17 05:53:02 INFO  BSP server: Failed to download https://central.sonatype.com/repository/maven-snapshots/com/outr/scribe_2.12/3.5.5/scribe_2.12-3.5.5.pom.sha1
2026.01.17 05:53:02 INFO  BSP server: Downloading https://central.sonatype.com/repository/maven-snapshots/com/chuusai/shapeless_2.12/2.3.3/shapeless_2.12-2.3.3.pom.sha1
2026.01.17 05:53:02 INFO  BSP server: Failed to download https://central.sonatype.com/repository/maven-snapshots/com/lihaoyi/fansi_2.12/0.5.1/fansi_2.12-0.5.1.pom
2026.01.17 05:53:02 INFO  BSP server: Downloading https://central.sonatype.com/repository/maven-snapshots/org/scala-sbt/librarymanagement-core_2.12/1.11.6/librarymanagement-core_2.12-1.11.6.pom.sha1
2026.01.17 05:53:02 INFO  BSP server: Failed to download https://central.sonatype.com/repository/maven-snapshots/com/eed3si9n/sjson-new-core_2.12/0.10.1/sjson-new-core_2.12-0.10.1.pom.sha1
2026.01.17 05:53:02 INFO  BSP server: Failed to download https://central.sonatype.com/repository/maven-snapshots/org/scalameta/trees_2.12/4.13.8/trees_2.12-4.13.8.pom.sha1
2026.01.17 05:53:02 INFO  BSP server: Downloading https://central.sonatype.com/repository/maven-snapshots/org/typelevel/cats-effect_2.12/2.1.3/cats-effect_2.12-2.1.3.pom.sha1
2026.01.17 05:53:02 INFO  BSP server: Downloading https://repo.scala-lang.org/artifactory/maven-nightlies/org/jctools/jctools-core/2.1.2/jctools-core-2.1.2.pom
2026.01.17 05:53:02 INFO  BSP server: Failed to download https://central.sonatype.com/repository/maven-snapshots/org/scala-sbt/zinc-core_2.12/1.11.0/zinc-core_2.12-1.11.0.pom.sha1
2026.01.17 05:53:02 INFO  BSP server: Downloading https://repo.scala-lang.org/artifactory/maven-nightlies/io/zipkin/reporter2/zipkin-reporter/2.17.2/zipkin-reporter-2.17.2.pom
2026.01.17 05:53:02 INFO  BSP server: Failed to download https://central.sonatype.com/repository/maven-snapshots/org/scala-sbt/ivy/ivy/2.3.0-sbt-77cc781d727b367d3761f097d89f5a4762771d41/ivy-2.3.0-sbt-77cc781d727b367d3761f097d89f5a4762771d41.pom.sha1
2026.01.17 05:53:02 INFO  BSP server: Downloading https://repo.scala-lang.org/artifactory/maven-nightlies/org/apache/logging/log4j/log4j-api/2.23.0/log4j-api-2.23.0.pom
2026.01.17 05:53:02 INFO  BSP server: Failed to download https://central.sonatype.com/repository/maven-snapshots/com/chuusai/shapeless_2.12/2.3.3/shapeless_2.12-2.3.3.pom.sha1
2026.01.17 05:53:02 INFO  BSP server: Downloading https://repo.scala-lang.org/artifactory/maven-nightlies/org/ow2/asm/asm-analysis/9.9/asm-analysis-9.9.pom
2026.01.17 05:53:03 INFO  BSP server: Failed to download https://central.sonatype.com/repository/maven-snapshots/org/scala-sbt/librarymanagement-core_2.12/1.11.6/librarymanagement-core_2.12-1.11.6.pom.sha1
2026.01.17 05:53:03 INFO  BSP server: Downloading https://central.sonatype.com/repository/maven-snapshots/com/lihaoyi/fansi_2.12/0.5.1/fansi_2.12-0.5.1.pom.sha1
2026.01.17 05:53:03 INFO  BSP server: Downloaded https://repo.scala-lang.org/artifactory/maven-nightlies/org/jctools/jctools-core/2.1.2/jctools-core-2.1.2.pom
2026.01.17 05:53:03 INFO  BSP server: Downloading https://repo.scala-lang.org/artifactory/maven-nightlies/org/ow2/asm/asm-tree/9.9/asm-tree-9.9.pom
2026.01.17 05:53:03 INFO  BSP server: Failed to download https://central.sonatype.com/repository/maven-snapshots/org/typelevel/cats-effect_2.12/2.1.3/cats-effect_2.12-2.1.3.pom.sha1
2026.01.17 05:53:03 INFO  BSP server: Downloading https://central.sonatype.com/repository/maven-snapshots/net/java/dev/jna/jna-platform/4.4.0/jna-platform-4.4.0.pom
2026.01.17 05:53:03 INFO  BSP server: Failed to download https://central.sonatype.com/repository/maven-snapshots/com/lihaoyi/fansi_2.12/0.5.1/fansi_2.12-0.5.1.pom.sha1
2026.01.17 05:53:03 INFO  BSP server: Downloading https://repo.scala-lang.org/artifactory/maven-nightlies/org/scala-sbt/zinc-persist_2.12/1.11.0/zinc-persist_2.12-1.11.0.pom
2026.01.17 05:53:03 INFO  BSP server: Failed to download https://central.sonatype.com/repository/maven-snapshots/net/java/dev/jna/jna-platform/4.4.0/jna-platform-4.4.0.pom
2026.01.17 05:53:03 INFO  BSP server: Downloading https://repo.scala-lang.org/artifactory/maven-nightlies/org/scala-sbt/zinc-classfile_2.12/1.11.0/zinc-classfile_2.12-1.11.0.pom
2026.01.17 05:53:03 INFO  BSP server: Downloaded https://repo.scala-lang.org/artifactory/maven-nightlies/org/ow2/asm/asm-tree/9.9/asm-tree-9.9.pom
2026.01.17 05:53:03 INFO  BSP server: Downloading https://repo.scala-lang.org/artifactory/maven-nightlies/io/monix/implicitbox_2.12/0.2.0/implicitbox_2.12-0.2.0.pom
2026.01.17 05:53:03 INFO  BSP server: Downloaded https://repo.scala-lang.org/artifactory/maven-nightlies/org/apache/logging/log4j/log4j-api/2.23.0/log4j-api-2.23.0.pom
2026.01.17 05:53:03 INFO  BSP server: Downloading https://repo.scala-lang.org/artifactory/maven-nightlies/io/zipkin/reporter2/zipkin-reporter-brave/2.17.2/zipkin-reporter-brave-2.17.2.pom
2026.01.17 05:53:03 INFO  BSP server: Downloaded https://repo.scala-lang.org/artifactory/maven-nightlies/io/zipkin/reporter2/zipkin-reporter/2.17.2/zipkin-reporter-2.17.2.pom
2026.01.17 05:53:03 INFO  BSP server: Downloading https://repo.scala-lang.org/artifactory/maven-nightlies/org/scala-sbt/zinc-compile-core_2.12/1.11.0/zinc-compile-core_2.12-1.11.0.pom
2026.01.17 05:53:03 INFO  BSP server: Downloaded https://repo.scala-lang.org/artifactory/maven-nightlies/org/ow2/asm/asm-analysis/9.9/asm-analysis-9.9.pom
2026.01.17 05:53:03 INFO  BSP server: Downloading https://central.sonatype.com/repository/maven-snapshots/net/java/dev/jna/jna-platform/4.4.0/jna-platform-4.4.0.pom.sha1
2026.01.17 05:53:03 INFO  BSP server: Downloaded https://repo.scala-lang.org/artifactory/maven-nightlies/io/monix/implicitbox_2.12/0.2.0/implicitbox_2.12-0.2.0.pom
2026.01.17 05:53:03 INFO  BSP server: Downloading https://repo.scala-lang.org/artifactory/maven-nightlies/org/jctools/jctools-core/2.1.2/jctools-core-2.1.2.pom.sha1
2026.01.17 05:53:03 INFO  BSP server: Failed to download https://central.sonatype.com/repository/maven-snapshots/net/java/dev/jna/jna-platform/4.4.0/jna-platform-4.4.0.pom.sha1
2026.01.17 05:53:03 INFO  BSP server: Downloading https://repo.scala-lang.org/artifactory/maven-nightlies/org/ow2/asm/asm-tree/9.9/asm-tree-9.9.pom.sha1
2026.01.17 05:53:03 INFO  BSP server: Downloaded https://repo.scala-lang.org/artifactory/maven-nightlies/org/scala-sbt/zinc-persist_2.12/1.11.0/zinc-persist_2.12-1.11.0.pom
2026.01.17 05:53:03 INFO  BSP server: Downloading https://repo.scala-lang.org/artifactory/maven-nightlies/org/apache/logging/log4j/log4j-api/2.23.0/log4j-api-2.23.0.pom.sha1
2026.01.17 05:53:03 INFO  BSP server: Downloaded https://repo.scala-lang.org/artifactory/maven-nightlies/io/zipkin/reporter2/zipkin-reporter-brave/2.17.2/zipkin-reporter-brave-2.17.2.pom
2026.01.17 05:53:03 INFO  BSP server: Downloading https://repo.scala-lang.org/artifactory/maven-nightlies/io/zipkin/zipkin2/zipkin/2.27.0/zipkin-2.27.0.pom.sha1
2026.01.17 05:53:03 INFO  BSP server: Downloaded https://repo.scala-lang.org/artifactory/maven-nightlies/org/scala-sbt/zinc-compile-core_2.12/1.11.0/zinc-compile-core_2.12-1.11.0.pom
2026.01.17 05:53:03 INFO  BSP server: Downloading https://repo.scala-lang.org/artifactory/maven-nightlies/io/zipkin/reporter2/zipkin-reporter/2.17.2/zipkin-reporter-2.17.2.pom.sha1
2026.01.17 05:53:03 INFO  BSP server: Downloaded https://repo.scala-lang.org/artifactory/maven-nightlies/org/scala-sbt/zinc-classfile_2.12/1.11.0/zinc-classfile_2.12-1.11.0.pom
2026.01.17 05:53:03 INFO  BSP server: Downloading https://repo.scala-lang.org/artifactory/maven-nightlies/org/scala-sbt/zinc-core_2.12/1.11.0/zinc-core_2.12-1.11.0.pom
2026.01.17 05:53:04 INFO  BSP server: Downloaded https://repo.scala-lang.org/artifactory/maven-nightlies/org/jctools/jctools-core/2.1.2/jctools-core-2.1.2.pom.sha1
2026.01.17 05:53:04 INFO  BSP server: Downloading https://repo.scala-lang.org/artifactory/maven-nightlies/org/scala-sbt/ivy/ivy/2.3.0-sbt-77cc781d727b367d3761f097d89f5a4762771d41/ivy-2.3.0-sbt-77cc781d727b367d3761f097d89f5a4762771d41.pom
2026.01.17 05:53:04 INFO  BSP server: Downloaded https://repo.scala-lang.org/artifactory/maven-nightlies/org/ow2/asm/asm-tree/9.9/asm-tree-9.9.pom.sha1
2026.01.17 05:53:04 INFO  BSP server: Downloading https://repo.scala-lang.org/artifactory/maven-nightlies/org/ow2/asm/asm-analysis/9.9/asm-analysis-9.9.pom.sha1
2026.01.17 05:53:04 INFO  BSP server: Downloaded https://repo.scala-lang.org/artifactory/maven-nightlies/org/apache/logging/log4j/log4j-api/2.23.0/log4j-api-2.23.0.pom.sha1
2026.01.17 05:53:04 INFO  BSP server: Downloading https://repo.scala-lang.org/artifactory/maven-nightlies/io/monix/implicitbox_2.12/0.2.0/implicitbox_2.12-0.2.0.pom.sha1
2026.01.17 05:53:04 INFO  BSP server: (watching) Downloaded https://repo.scala-lang.org/artifactory/maven-nightlies/io/zipkin/zipkin2/zipkin/2.27.0/zipkin-2.27.0.pom.sha1
2026.01.17 05:53:04 INFO  BSP server: Downloading https://repo.scala-lang.org/artifactory/maven-nightlies/com/outr/scribe_2.12/3.5.5/scribe_2.12-3.5.5.pom.sha1
2026.01.17 05:53:04 INFO  BSP server: Downloaded https://repo.scala-lang.org/artifactory/maven-nightlies/io/zipkin/reporter2/zipkin-reporter/2.17.2/zipkin-reporter-2.17.2.pom.sha1
2026.01.17 05:53:04 INFO  BSP server: Downloading https://repo.scala-lang.org/artifactory/maven-nightlies/org/scala-sbt/librarymanagement-core_2.12/1.11.6/librarymanagement-core_2.12-1.11.6.pom
2026.01.17 05:53:04 INFO  BSP server: Downloaded https://repo.scala-lang.org/artifactory/maven-nightlies/org/scala-sbt/zinc-core_2.12/1.11.0/zinc-core_2.12-1.11.0.pom
2026.01.17 05:53:04 INFO  BSP server: Downloading https://repo.scala-lang.org/artifactory/maven-nightlies/org/typelevel/cats-effect_2.12/2.1.3/cats-effect_2.12-2.1.3.pom
2026.01.17 05:53:04 INFO  BSP server: Downloaded https://repo.scala-lang.org/artifactory/maven-nightlies/org/typelevel/cats-effect_2.12/2.1.3/cats-effect_2.12-2.1.3.pom
2026.01.17 05:53:04 INFO  BSP server: Downloading https://repo.scala-lang.org/artifactory/maven-nightlies/com/lihaoyi/fansi_2.12/0.5.1/fansi_2.12-0.5.1.pom
2026.01.17 05:53:04 INFO  BSP server: Downloaded https://repo.scala-lang.org/artifactory/maven-nightlies/org/scala-sbt/ivy/ivy/2.3.0-sbt-77cc781d727b367d3761f097d89f5a4762771d41/ivy-2.3.0-sbt-77cc781d727b367d3761f097d89f5a4762771d41.pom
2026.01.17 05:53:04 INFO  BSP server: Downloading https://repo.scala-lang.org/artifactory/maven-nightlies/com/eed3si9n/sjson-new-core_2.12/0.10.1/sjson-new-core_2.12-0.10.1.pom.sha1
2026.01.17 05:53:04 INFO  BSP server: Downloaded https://repo.scala-lang.org/artifactory/maven-nightlies/com/eed3si9n/sjson-new-core_2.12/0.10.1/sjson-new-core_2.12-0.10.1.pom.sha1
2026.01.17 05:53:04 INFO  BSP server: Downloading https://repo.scala-lang.org/artifactory/maven-nightlies/org/scala-sbt/zinc-persist_2.12/1.11.0/zinc-persist_2.12-1.11.0.pom.sha1
2026.01.17 05:53:04 INFO  BSP server: Downloaded https://repo.scala-lang.org/artifactory/maven-nightlies/org/ow2/asm/asm-analysis/9.9/asm-analysis-9.9.pom.sha1
2026.01.17 05:53:04 INFO  BSP server: Downloading https://repo.scala-lang.org/artifactory/maven-nightlies/io/zipkin/reporter2/zipkin-reporter-brave/2.17.2/zipkin-reporter-brave-2.17.2.pom.sha1
2026.01.17 05:53:04 INFO  BSP server: Downloaded https://repo.scala-lang.org/artifactory/maven-nightlies/io/monix/implicitbox_2.12/0.2.0/implicitbox_2.12-0.2.0.pom.sha1
2026.01.17 05:53:04 INFO  BSP server: (watching) Downloaded https://repo.scala-lang.org/artifactory/maven-nightlies/com/outr/scribe_2.12/3.5.5/scribe_2.12-3.5.5.pom.sha1
2026.01.17 05:53:04 INFO  BSP server: Downloading https://repo.scala-lang.org/artifactory/maven-nightlies/org/scala-sbt/zinc-compile-core_2.12/1.11.0/zinc-compile-core_2.12-1.11.0.pom.sha1
2026.01.17 05:53:04 INFO  BSP server: Downloading https://repo.scala-lang.org/artifactory/maven-nightlies/org/scala-sbt/zinc-classfile_2.12/1.11.0/zinc-classfile_2.12-1.11.0.pom.sha1
2026.01.17 05:53:04 INFO  BSP server: Downloaded https://repo.scala-lang.org/artifactory/maven-nightlies/org/scala-sbt/librarymanagement-core_2.12/1.11.6/librarymanagement-core_2.12-1.11.6.pom
2026.01.17 05:53:04 INFO  BSP server: Downloading https://repo.scala-lang.org/artifactory/maven-nightlies/org/scala-sbt/zinc-core_2.12/1.11.0/zinc-core_2.12-1.11.0.pom.sha1
2026.01.17 05:53:04 INFO  BSP server: Downloaded https://repo.scala-lang.org/artifactory/maven-nightlies/com/lihaoyi/fansi_2.12/0.5.1/fansi_2.12-0.5.1.pom
2026.01.17 05:53:04 INFO  BSP server: Downloading https://repo.scala-lang.org/artifactory/maven-nightlies/org/typelevel/cats-effect_2.12/2.1.3/cats-effect_2.12-2.1.3.pom.sha1
2026.01.17 05:53:04 INFO  BSP server: Downloaded https://repo.scala-lang.org/artifactory/maven-nightlies/org/scala-sbt/zinc-persist_2.12/1.11.0/zinc-persist_2.12-1.11.0.pom.sha1
2026.01.17 05:53:04 INFO  BSP server: Downloading https://repo.scala-lang.org/artifactory/maven-nightlies/org/scala-sbt/ivy/ivy/2.3.0-sbt-77cc781d727b367d3761f097d89f5a4762771d41/ivy-2.3.0-sbt-77cc781d727b367d3761f097d89f5a4762771d41.pom.sha1
2026.01.17 05:53:04 INFO  BSP server: (watching) Downloaded https://repo.scala-lang.org/artifactory/maven-nightlies/io/zipkin/reporter2/zipkin-reporter-brave/2.17.2/zipkin-reporter-brave-2.17.2.pom.sha1
2026.01.17 05:53:04 INFO  BSP server: Downloading https://repo.scala-lang.org/artifactory/maven-nightlies/org/scala-sbt/librarymanagement-core_2.12/1.11.6/librarymanagement-core_2.12-1.11.6.pom.sha1
2026.01.17 05:53:04 INFO  BSP server: Downloaded https://repo.scala-lang.org/artifactory/maven-nightlies/org/scala-sbt/zinc-classfile_2.12/1.11.0/zinc-classfile_2.12-1.11.0.pom.sha1
2026.01.17 05:53:04 INFO  BSP server: Downloaded https://repo.scala-lang.org/artifactory/maven-nightlies/org/scala-sbt/zinc-compile-core_2.12/1.11.0/zinc-compile-core_2.12-1.11.0.pom.sha1
2026.01.17 05:53:04 INFO  BSP server: Downloading https://repo.scala-lang.org/artifactory/maven-nightlies/com/lihaoyi/fansi_2.12/0.5.1/fansi_2.12-0.5.1.pom.sha1
2026.01.17 05:53:04 INFO  BSP server: Downloaded https://repo.scala-lang.org/artifactory/maven-nightlies/org/scala-sbt/zinc-core_2.12/1.11.0/zinc-core_2.12-1.11.0.pom.sha1
2026.01.17 05:53:04 INFO  BSP server: (watching) Downloaded https://repo.scala-lang.org/artifactory/maven-nightlies/org/typelevel/cats-effect_2.12/2.1.3/cats-effect_2.12-2.1.3.pom.sha1
2026.01.17 05:53:04 INFO  BSP server: (watching) Downloaded https://repo.scala-lang.org/artifactory/maven-nightlies/org/scala-sbt/ivy/ivy/2.3.0-sbt-77cc781d727b367d3761f097d89f5a4762771d41/ivy-2.3.0-sbt-77cc781d727b367d3761f097d89f5a4762771d41.pom.sha1
2026.01.17 05:53:04 INFO  BSP server: Downloaded https://repo.scala-lang.org/artifactory/maven-nightlies/org/scala-sbt/librarymanagement-core_2.12/1.11.6/librarymanagement-core_2.12-1.11.6.pom.sha1
2026.01.17 05:53:05 INFO  BSP server: Downloaded https://repo.scala-lang.org/artifactory/maven-nightlies/com/lihaoyi/fansi_2.12/0.5.1/fansi_2.12-0.5.1.pom.sha1
2026.01.17 05:53:05 INFO  BSP server: Downloading https://oss.sonatype.org/content/repositories/snapshots/io/zipkin/zipkin-parent/2.27.0/zipkin-parent-2.27.0.pom
2026.01.17 05:53:05 INFO  BSP server: Failed to download https://oss.sonatype.org/content/repositories/snapshots/io/zipkin/zipkin-parent/2.27.0/zipkin-parent-2.27.0.pom
2026.01.17 05:53:05 INFO  BSP server: Downloading https://oss.sonatype.org/content/repositories/snapshots/io/zipkin/zipkin-parent/2.27.0/zipkin-parent-2.27.0.pom.sha1
2026.01.17 05:53:05 INFO  BSP server: Failed to download https://oss.sonatype.org/content/repositories/snapshots/io/zipkin/zipkin-parent/2.27.0/zipkin-parent-2.27.0.pom.sha1
2026.01.17 05:53:05 INFO  BSP server: Downloading https://s01.oss.sonatype.org/content/repositories/snapshots/io/zipkin/zipkin-parent/2.27.0/zipkin-parent-2.27.0.pom
2026.01.17 05:53:05 INFO  BSP server: Failed to download https://s01.oss.sonatype.org/content/repositories/snapshots/io/zipkin/zipkin-parent/2.27.0/zipkin-parent-2.27.0.pom
2026.01.17 05:53:05 INFO  BSP server: Downloading https://s01.oss.sonatype.org/content/repositories/snapshots/io/zipkin/zipkin-parent/2.27.0/zipkin-parent-2.27.0.pom.sha1
2026.01.17 05:53:05 INFO  BSP server: Failed to download https://s01.oss.sonatype.org/content/repositories/snapshots/io/zipkin/zipkin-parent/2.27.0/zipkin-parent-2.27.0.pom.sha1
2026.01.17 05:53:05 INFO  BSP server: Downloading https://central.sonatype.com/repository/maven-snapshots/io/zipkin/zipkin-parent/2.27.0/zipkin-parent-2.27.0.pom
2026.01.17 05:53:05 INFO  BSP server: Failed to download https://central.sonatype.com/repository/maven-snapshots/io/zipkin/zipkin-parent/2.27.0/zipkin-parent-2.27.0.pom
2026.01.17 05:53:05 INFO  BSP server: Downloading https://central.sonatype.com/repository/maven-snapshots/io/zipkin/zipkin-parent/2.27.0/zipkin-parent-2.27.0.pom.sha1
2026.01.17 05:53:05 INFO  BSP server: Failed to download https://central.sonatype.com/repository/maven-snapshots/io/zipkin/zipkin-parent/2.27.0/zipkin-parent-2.27.0.pom.sha1
2026.01.17 05:53:05 INFO  BSP server: Downloading https://repo.scala-lang.org/artifactory/maven-nightlies/io/zipkin/zipkin-parent/2.27.0/zipkin-parent-2.27.0.pom
2026.01.17 05:53:06 INFO  BSP server: Downloaded https://repo.scala-lang.org/artifactory/maven-nightlies/io/zipkin/zipkin-parent/2.27.0/zipkin-parent-2.27.0.pom
2026.01.17 05:53:06 INFO  BSP server: Downloading https://repo.scala-lang.org/artifactory/maven-nightlies/io/zipkin/zipkin-parent/2.27.0/zipkin-parent-2.27.0.pom.sha1
2026.01.17 05:53:06 INFO  BSP server: (watching) Downloaded https://repo.scala-lang.org/artifactory/maven-nightlies/io/zipkin/zipkin-parent/2.27.0/zipkin-parent-2.27.0.pom.sha1
2026.01.17 05:53:06 INFO  BSP server: Downloading https://oss.sonatype.org/content/repositories/snapshots/net/openhft/zero-allocation-hashing/0.16/zero-allocation-hashing-0.16.pom
2026.01.17 05:53:06 INFO  BSP server: Downloading https://oss.sonatype.org/content/repositories/snapshots/org/scala-sbt/launcher-interface/1.5.1/launcher-interface-1.5.1.pom
2026.01.17 05:53:06 INFO  BSP server: Downloading https://oss.sonatype.org/content/repositories/snapshots/org/scala-sbt/zinc-apiinfo_2.12/1.11.0/zinc-apiinfo_2.12-1.11.0.pom
2026.01.17 05:53:06 INFO  BSP server: Downloading https://oss.sonatype.org/content/repositories/snapshots/org/scala-lang/modules/scala-xml_2.12/2.3.0/scala-xml_2.12-2.3.0.pom
2026.01.17 05:53:06 INFO  BSP server: Downloading https://oss.sonatype.org/content/repositories/snapshots/org/scala-lang/scala-compiler/2.12.20/scala-compiler-2.12.20.pom
2026.01.17 05:53:06 INFO  BSP server: Downloading https://oss.sonatype.org/content/repositories/snapshots/com/eed3si9n/gigahorse-apache-http_2.12/0.9.3/gigahorse-apache-http_2.12-0.9.3.pom
2026.01.17 05:53:06 INFO  BSP server: Failed to download https://oss.sonatype.org/content/repositories/snapshots/net/openhft/zero-allocation-hashing/0.16/zero-allocation-hashing-0.16.pom
2026.01.17 05:53:06 INFO  BSP server: Downloading https://oss.sonatype.org/content/repositories/snapshots/org/scala-sbt/zinc-classpath_2.12/1.11.0/zinc-classpath_2.12-1.11.0.pom
2026.01.17 05:53:06 INFO  BSP server: Failed to download https://oss.sonatype.org/content/repositories/snapshots/org/scala-sbt/zinc-classpath_2.12/1.11.0/zinc-classpath_2.12-1.11.0.pom
2026.01.17 05:53:06 INFO  BSP server: Downloading https://oss.sonatype.org/content/repositories/snapshots/org/scalameta/common_2.12/4.13.8/common_2.12-4.13.8.pom
2026.01.17 05:53:06 INFO  BSP server: Failed to download https://oss.sonatype.org/content/repositories/snapshots/org/scalameta/common_2.12/4.13.8/common_2.12-4.13.8.pom
2026.01.17 05:53:06 INFO  BSP server: Failed to download https://oss.sonatype.org/content/repositories/snapshots/org/scala-sbt/launcher-interface/1.5.1/launcher-interface-1.5.1.pom
2026.01.17 05:53:06 INFO  BSP server: Failed to download https://oss.sonatype.org/content/repositories/snapshots/com/eed3si9n/gigahorse-apache-http_2.12/0.9.3/gigahorse-apache-http_2.12-0.9.3.pom
2026.01.17 05:53:06 INFO  BSP server: Failed to download https://oss.sonatype.org/content/repositories/snapshots/org/scala-lang/modules/scala-xml_2.12/2.3.0/scala-xml_2.12-2.3.0.pom
2026.01.17 05:53:06 INFO  BSP server: Downloading https://oss.sonatype.org/content/repositories/snapshots/com/outr/moduload_2.12/1.1.5/moduload_2.12-1.1.5.pom
2026.01.17 05:53:06 INFO  BSP server: Downloading https://oss.sonatype.org/content/repositories/snapshots/org/scalameta/io_2.12/4.13.8/io_2.12-4.13.8.pom
2026.01.17 05:53:06 INFO  BSP server: Downloading https://oss.sonatype.org/content/repositories/snapshots/org/typelevel/cats-core_2.12/2.1.1/cats-core_2.12-2.1.1.pom
2026.01.17 05:53:06 INFO  BSP server: Downloading https://oss.sonatype.org/content/repositories/snapshots/org/scala-sbt/util-position_2.12/1.11.6/util-position_2.12-1.11.6.pom
2026.01.17 05:53:06 INFO  BSP server: Failed to download https://oss.sonatype.org/content/repositories/snapshots/org/scala-lang/scala-compiler/2.12.20/scala-compiler-2.12.20.pom
2026.01.17 05:53:06 INFO  BSP server: Downloading https://oss.sonatype.org/content/repositories/snapshots/com/github/mwiede/jsch/0.2.23/jsch-0.2.23.pom
2026.01.17 05:53:06 INFO  BSP server: Failed to download https://oss.sonatype.org/content/repositories/snapshots/org/scala-sbt/zinc-apiinfo_2.12/1.11.0/zinc-apiinfo_2.12-1.11.0.pom
2026.01.17 05:53:06 INFO  BSP server: Downloading https://oss.sonatype.org/content/repositories/snapshots/org/scala-sbt/util-relation_2.12/1.11.5/util-relation_2.12-1.11.5.pom
2026.01.17 05:53:06 INFO  BSP server: Failed to download https://oss.sonatype.org/content/repositories/snapshots/org/typelevel/cats-core_2.12/2.1.1/cats-core_2.12-2.1.1.pom
2026.01.17 05:53:06 INFO  BSP server: Failed to download https://oss.sonatype.org/content/repositories/snapshots/org/scalameta/io_2.12/4.13.8/io_2.12-4.13.8.pom
2026.01.17 05:53:06 INFO  BSP server: Failed to download https://oss.sonatype.org/content/repositories/snapshots/com/outr/moduload_2.12/1.1.5/moduload_2.12-1.1.5.pom
2026.01.17 05:53:06 INFO  BSP server: Downloading https://oss.sonatype.org/content/repositories/snapshots/org/scala-sbt/zinc-classpath_2.12/1.11.0/zinc-classpath_2.12-1.11.0.pom.sha1
2026.01.17 05:53:06 INFO  BSP server: Downloading https://oss.sonatype.org/content/repositories/snapshots/net/openhft/zero-allocation-hashing/0.16/zero-allocation-hashing-0.16.pom.sha1
2026.01.17 05:53:06 INFO  BSP server: Downloading https://oss.sonatype.org/content/repositories/snapshots/org/scalameta/common_2.12/4.13.8/common_2.12-4.13.8.pom.sha1
2026.01.17 05:53:06 INFO  BSP server: Failed to download https://oss.sonatype.org/content/repositories/snapshots/com/github/mwiede/jsch/0.2.23/jsch-0.2.23.pom
2026.01.17 05:53:06 INFO  BSP server: Downloading https://oss.sonatype.org/content/repositories/snapshots/org/scala-sbt/launcher-interface/1.5.1/launcher-interface-1.5.1.pom.sha1
2026.01.17 05:53:06 INFO  BSP server: Failed to download https://oss.sonatype.org/content/repositories/snapshots/org/scala-sbt/util-position_2.12/1.11.6/util-position_2.12-1.11.6.pom
2026.01.17 05:53:06 INFO  BSP server: Downloading https://oss.sonatype.org/content/repositories/snapshots/com/eed3si9n/gigahorse-apache-http_2.12/0.9.3/gigahorse-apache-http_2.12-0.9.3.pom.sha1
2026.01.17 05:53:06 INFO  BSP server: Failed to download https://oss.sonatype.org/content/repositories/snapshots/org/scalameta/common_2.12/4.13.8/common_2.12-4.13.8.pom.sha1
2026.01.17 05:53:06 INFO  BSP server: Failed to download https://oss.sonatype.org/content/repositories/snapshots/org/scala-sbt/zinc-classpath_2.12/1.11.0/zinc-classpath_2.12-1.11.0.pom.sha1
2026.01.17 05:53:06 INFO  BSP server: Downloading https://oss.sonatype.org/content/repositories/snapshots/org/typelevel/macro-compat_2.12/1.1.1/macro-compat_2.12-1.1.1.pom
2026.01.17 05:53:06 INFO  BSP server: Downloading https://oss.sonatype.org/content/repositories/snapshots/org/scala-lang/modules/scala-xml_2.12/2.3.0/scala-xml_2.12-2.3.0.pom.sha1
2026.01.17 05:53:06 INFO  BSP server: Failed to download https://oss.sonatype.org/content/repositories/snapshots/net/openhft/zero-allocation-hashing/0.16/zero-allocation-hashing-0.16.pom.sha1
2026.01.17 05:53:06 INFO  BSP server: Downloading https://oss.sonatype.org/content/repositories/snapshots/org/scala-lang/modules/scala-parser-combinators_2.12/1.1.2/scala-parser-combinators_2.12-1.1.2.pom
2026.01.17 05:53:06 INFO  BSP server: Failed to download https://oss.sonatype.org/content/repositories/snapshots/org/scala-sbt/launcher-interface/1.5.1/launcher-interface-1.5.1.pom.sha1
2026.01.17 05:53:06 INFO  BSP server: Downloading https://oss.sonatype.org/content/repositories/snapshots/org/scala-sbt/util-control_2.12/1.11.5/util-control_2.12-1.11.5.pom
2026.01.17 05:53:06 INFO  BSP server: Failed to download https://oss.sonatype.org/content/repositories/snapshots/com/eed3si9n/gigahorse-apache-http_2.12/0.9.3/gigahorse-apache-http_2.12-0.9.3.pom.sha1
2026.01.17 05:53:06 INFO  BSP server: Downloading https://oss.sonatype.org/content/repositories/snapshots/org/scala-lang/scala-compiler/2.12.20/scala-compiler-2.12.20.pom.sha1
2026.01.17 05:53:06 INFO  BSP server: Failed to download https://oss.sonatype.org/content/repositories/snapshots/org/scala-lang/modules/scala-xml_2.12/2.3.0/scala-xml_2.12-2.3.0.pom.sha1
2026.01.17 05:53:06 INFO  BSP server: Downloading https://oss.sonatype.org/content/repositories/snapshots/org/scala-sbt/util-logging_2.12/1.11.6/util-logging_2.12-1.11.6.pom
2026.01.17 05:53:06 INFO  BSP server: Failed to download https://oss.sonatype.org/content/repositories/snapshots/org/scala-lang/modules/scala-parser-combinators_2.12/1.1.2/scala-parser-combinators_2.12-1.1.2.pom
2026.01.17 05:53:06 INFO  BSP server: Downloading https://oss.sonatype.org/content/repositories/snapshots/org/scala-sbt/zinc-apiinfo_2.12/1.11.0/zinc-apiinfo_2.12-1.11.0.pom.sha1
2026.01.17 05:53:06 INFO  BSP server: Failed to download https://oss.sonatype.org/content/repositories/snapshots/org/typelevel/macro-compat_2.12/1.1.1/macro-compat_2.12-1.1.1.pom
2026.01.17 05:53:06 INFO  BSP server: Downloading https://oss.sonatype.org/content/repositories/snapshots/com/google/errorprone/error_prone_annotations/2.38.0/error_prone_annotations-2.38.0.pom
2026.01.17 05:53:06 INFO  BSP server: Failed to download https://oss.sonatype.org/content/repositories/snapshots/org/scala-sbt/util-relation_2.12/1.11.5/util-relation_2.12-1.11.5.pom
2026.01.17 05:53:06 INFO  BSP server: Downloading https://oss.sonatype.org/content/repositories/snapshots/com/outr/perfolation_2.12/1.2.8/perfolation_2.12-1.2.8.pom
2026.01.17 05:53:06 INFO  BSP server: Failed to download https://oss.sonatype.org/content/repositories/snapshots/org/scala-lang/scala-compiler/2.12.20/scala-compiler-2.12.20.pom.sha1
2026.01.17 05:53:06 INFO  BSP server: Failed to download https://oss.sonatype.org/content/repositories/snapshots/org/scala-sbt/util-control_2.12/1.11.5/util-control_2.12-1.11.5.pom
2026.01.17 05:53:06 INFO  BSP server: Downloading https://oss.sonatype.org/content/repositories/snapshots/org/typelevel/cats-core_2.12/2.1.1/cats-core_2.12-2.1.1.pom.sha1
2026.01.17 05:53:06 INFO  BSP server: Downloading https://oss.sonatype.org/content/repositories/snapshots/org/scalameta/io_2.12/4.13.8/io_2.12-4.13.8.pom.sha1
2026.01.17 05:53:07 INFO  BSP server: Failed to download https://oss.sonatype.org/content/repositories/snapshots/org/scala-sbt/zinc-apiinfo_2.12/1.11.0/zinc-apiinfo_2.12-1.11.0.pom.sha1
2026.01.17 05:53:07 INFO  BSP server: Downloading https://oss.sonatype.org/content/repositories/snapshots/com/outr/moduload_2.12/1.1.5/moduload_2.12-1.1.5.pom.sha1
2026.01.17 05:53:07 INFO  BSP server: Failed to download https://oss.sonatype.org/content/repositories/snapshots/org/scala-sbt/util-logging_2.12/1.11.6/util-logging_2.12-1.11.6.pom
2026.01.17 05:53:07 INFO  BSP server: Failed to download https://oss.sonatype.org/content/repositories/snapshots/com/google/errorprone/error_prone_annotations/2.38.0/error_prone_annotations-2.38.0.pom
2026.01.17 05:53:07 INFO  BSP server: Downloading https://oss.sonatype.org/content/repositories/snapshots/org/scala-sbt/zinc-persist-core-assembly/1.11.0/zinc-persist-core-assembly-1.11.0.pom
2026.01.17 05:53:07 INFO  BSP server: Downloading https://oss.sonatype.org/content/repositories/snapshots/com/github/mwiede/jsch/0.2.23/jsch-0.2.23.pom.sha1
2026.01.17 05:53:07 INFO  BSP server: Failed to download https://oss.sonatype.org/content/repositories/snapshots/org/typelevel/cats-core_2.12/2.1.1/cats-core_2.12-2.1.1.pom.sha1
2026.01.17 05:53:07 INFO  BSP server: Downloading https://oss.sonatype.org/content/repositories/snapshots/org/scala-sbt/util-position_2.12/1.11.6/util-position_2.12-1.11.6.pom.sha1
2026.01.17 05:53:07 INFO  BSP server: Failed to download https://oss.sonatype.org/content/repositories/snapshots/com/outr/perfolation_2.12/1.2.8/perfolation_2.12-1.2.8.pom
2026.01.17 05:53:07 INFO  BSP server: Downloading https://oss.sonatype.org/content/repositories/snapshots/org/scala-sbt/util-cache_2.12/1.11.6/util-cache_2.12-1.11.6.pom
2026.01.17 05:53:07 INFO  BSP server: Failed to download https://oss.sonatype.org/content/repositories/snapshots/org/scalameta/io_2.12/4.13.8/io_2.12-4.13.8.pom.sha1
2026.01.17 05:53:07 INFO  BSP server: Downloading https://oss.sonatype.org/content/repositories/snapshots/org/scala-sbt/io_2.12/1.10.5/io_2.12-1.10.5.pom
2026.01.17 05:53:07 INFO  BSP server: Failed to download https://oss.sonatype.org/content/repositories/snapshots/com/github/mwiede/jsch/0.2.23/jsch-0.2.23.pom.sha1
2026.01.17 05:53:07 INFO  BSP server: Failed to download https://oss.sonatype.org/content/repositories/snapshots/com/outr/moduload_2.12/1.1.5/moduload_2.12-1.1.5.pom.sha1
2026.01.17 05:53:07 INFO  BSP server: Downloading https://oss.sonatype.org/content/repositories/snapshots/org/scala-sbt/sbinary_2.12/0.5.1/sbinary_2.12-0.5.1.pom
2026.01.17 05:53:07 INFO  BSP server: Failed to download https://oss.sonatype.org/content/repositories/snapshots/org/scala-sbt/zinc-persist-core-assembly/1.11.0/zinc-persist-core-assembly-1.11.0.pom
2026.01.17 05:53:07 INFO  BSP server: Downloading https://oss.sonatype.org/content/repositories/snapshots/org/scala-sbt/compiler-interface/1.11.0/compiler-interface-1.11.0.pom
2026.01.17 05:53:07 INFO  BSP server: Downloading https://oss.sonatype.org/content/repositories/snapshots/org/scala-lang/modules/scala-parser-combinators_2.12/1.1.2/scala-parser-combinators_2.12-1.1.2.pom.sha1
2026.01.17 05:53:07 INFO  BSP server: Failed to download https://oss.sonatype.org/content/repositories/snapshots/org/scala-sbt/util-position_2.12/1.11.6/util-position_2.12-1.11.6.pom.sha1
2026.01.17 05:53:07 INFO  BSP server: Downloading https://oss.sonatype.org/content/repositories/snapshots/org/typelevel/macro-compat_2.12/1.1.1/macro-compat_2.12-1.1.1.pom.sha1
2026.01.17 05:53:07 INFO  BSP server: Failed to download https://oss.sonatype.org/content/repositories/snapshots/org/scala-sbt/util-cache_2.12/1.11.6/util-cache_2.12-1.11.6.pom
2026.01.17 05:53:07 INFO  BSP server: Downloading https://oss.sonatype.org/content/repositories/snapshots/org/scala-sbt/util-relation_2.12/1.11.5/util-relation_2.12-1.11.5.pom.sha1
2026.01.17 05:53:07 INFO  BSP server: Failed to download https://oss.sonatype.org/content/repositories/snapshots/org/scala-sbt/io_2.12/1.10.5/io_2.12-1.10.5.pom
2026.01.17 05:53:07 INFO  BSP server: Downloading https://oss.sonatype.org/content/repositories/snapshots/org/scala-sbt/util-control_2.12/1.11.5/util-control_2.12-1.11.5.pom.sha1
2026.01.17 05:53:07 INFO  BSP server: Failed to download https://oss.sonatype.org/content/repositories/snapshots/org/scala-sbt/compiler-interface/1.11.0/compiler-interface-1.11.0.pom
2026.01.17 05:53:07 INFO  BSP server: Downloading https://oss.sonatype.org/content/repositories/snapshots/org/scala-sbt/util-logging_2.12/1.11.6/util-logging_2.12-1.11.6.pom.sha1
2026.01.17 05:53:07 INFO  BSP server: Failed to download https://oss.sonatype.org/content/repositories/snapshots/org/scala-lang/modules/scala-parser-combinators_2.12/1.1.2/scala-parser-combinators_2.12-1.1.2.pom.sha1
2026.01.17 05:53:07 INFO  BSP server: Downloading https://oss.sonatype.org/content/repositories/snapshots/com/google/errorprone/error_prone_annotations/2.38.0/error_prone_annotations-2.38.0.pom.sha1
2026.01.17 05:53:07 INFO  BSP server: Failed to download https://oss.sonatype.org/content/repositories/snapshots/org/scala-sbt/sbinary_2.12/0.5.1/sbinary_2.12-0.5.1.pom
2026.01.17 05:53:07 INFO  BSP server: Downloading https://oss.sonatype.org/content/repositories/snapshots/com/outr/perfolation_2.12/1.2.8/perfolation_2.12-1.2.8.pom.sha1
2026.01.17 05:53:07 INFO  BSP server: Failed to download https://oss.sonatype.org/content/repositories/snapshots/org/typelevel/macro-compat_2.12/1.1.1/macro-compat_2.12-1.1.1.pom.sha1
2026.01.17 05:53:07 INFO  BSP server: Failed to download https://oss.sonatype.org/content/repositories/snapshots/org/scala-sbt/util-relation_2.12/1.11.5/util-relation_2.12-1.11.5.pom.sha1
2026.01.17 05:53:07 INFO  BSP server: Downloading https://oss.sonatype.org/content/repositories/snapshots/org/scala-sbt/zinc-persist-core-assembly/1.11.0/zinc-persist-core-assembly-1.11.0.pom.sha1
2026.01.17 05:53:07 INFO  BSP server: Downloading https://oss.sonatype.org/content/repositories/snapshots/org/scala-sbt/util-cache_2.12/1.11.6/util-cache_2.12-1.11.6.pom.sha1
2026.01.17 05:53:07 INFO  BSP server: Failed to download https://oss.sonatype.org/content/repositories/snapshots/org/scala-sbt/util-control_2.12/1.11.5/util-control_2.12-1.11.5.pom.sha1
2026.01.17 05:53:07 INFO  BSP server: Downloading https://oss.sonatype.org/content/repositories/snapshots/org/scala-sbt/io_2.12/1.10.5/io_2.12-1.10.5.pom.sha1
2026.01.17 05:53:07 INFO  BSP server: Failed to download https://oss.sonatype.org/content/repositories/snapshots/org/scala-sbt/util-logging_2.12/1.11.6/util-logging_2.12-1.11.6.pom.sha1
2026.01.17 05:53:07 INFO  BSP server: Downloading https://s01.oss.sonatype.org/content/repositories/snapshots/org/scalameta/common_2.12/4.13.8/common_2.12-4.13.8.pom
2026.01.17 05:53:07 INFO  BSP server: Failed to download https://oss.sonatype.org/content/repositories/snapshots/com/google/errorprone/error_prone_annotations/2.38.0/error_prone_annotations-2.38.0.pom.sha1
2026.01.17 05:53:07 INFO  BSP server: Downloading https://oss.sonatype.org/content/repositories/snapshots/org/scala-sbt/compiler-interface/1.11.0/compiler-interface-1.11.0.pom.sha1
2026.01.17 05:53:07 INFO  BSP server: Failed to download https://oss.sonatype.org/content/repositories/snapshots/com/outr/perfolation_2.12/1.2.8/perfolation_2.12-1.2.8.pom.sha1
2026.01.17 05:53:07 INFO  BSP server: Downloading https://s01.oss.sonatype.org/content/repositories/snapshots/org/scala-sbt/zinc-classpath_2.12/1.11.0/zinc-classpath_2.12-1.11.0.pom
2026.01.17 05:53:07 INFO  BSP server: Failed to download https://oss.sonatype.org/content/repositories/snapshots/org/scala-sbt/zinc-persist-core-assembly/1.11.0/zinc-persist-core-assembly-1.11.0.pom.sha1
2026.01.17 05:53:07 INFO  BSP server: Downloading https://s01.oss.sonatype.org/content/repositories/snapshots/net/openhft/zero-allocation-hashing/0.16/zero-allocation-hashing-0.16.pom
2026.01.17 05:53:07 INFO  BSP server: Failed to download https://oss.sonatype.org/content/repositories/snapshots/org/scala-sbt/util-cache_2.12/1.11.6/util-cache_2.12-1.11.6.pom.sha1
2026.01.17 05:53:07 INFO  BSP server: Downloading https://oss.sonatype.org/content/repositories/snapshots/org/scala-sbt/sbinary_2.12/0.5.1/sbinary_2.12-0.5.1.pom.sha1
2026.01.17 05:53:07 INFO  BSP server: Failed to download https://oss.sonatype.org/content/repositories/snapshots/org/scala-sbt/io_2.12/1.10.5/io_2.12-1.10.5.pom.sha1
2026.01.17 05:53:07 INFO  BSP server: Downloading https://s01.oss.sonatype.org/content/repositories/snapshots/com/eed3si9n/gigahorse-apache-http_2.12/0.9.3/gigahorse-apache-http_2.12-0.9.3.pom
2026.01.17 05:53:07 INFO  BSP server: Failed to download https://oss.sonatype.org/content/repositories/snapshots/org/scala-sbt/compiler-interface/1.11.0/compiler-interface-1.11.0.pom.sha1
2026.01.17 05:53:07 INFO  BSP server: Downloading https://s01.oss.sonatype.org/content/repositories/snapshots/org/scala-sbt/launcher-interface/1.5.1/launcher-interface-1.5.1.pom
2026.01.17 05:53:07 INFO  BSP server: Failed to download https://oss.sonatype.org/content/repositories/snapshots/org/scala-sbt/sbinary_2.12/0.5.1/sbinary_2.12-0.5.1.pom.sha1
2026.01.17 05:53:07 INFO  BSP server: Downloading https://s01.oss.sonatype.org/content/repositories/snapshots/org/scala-lang/modules/scala-xml_2.12/2.3.0/scala-xml_2.12-2.3.0.pom
2026.01.17 05:53:07 INFO  BSP server: Failed to download https://s01.oss.sonatype.org/content/repositories/snapshots/org/scalameta/common_2.12/4.13.8/common_2.12-4.13.8.pom
2026.01.17 05:53:07 INFO  BSP server: Downloading https://s01.oss.sonatype.org/content/repositories/snapshots/org/scala-lang/scala-compiler/2.12.20/scala-compiler-2.12.20.pom
2026.01.17 05:53:07 INFO  BSP server: Failed to download https://s01.oss.sonatype.org/content/repositories/snapshots/net/openhft/zero-allocation-hashing/0.16/zero-allocation-hashing-0.16.pom
2026.01.17 05:53:07 INFO  BSP server: Downloading https://s01.oss.sonatype.org/content/repositories/snapshots/org/scala-sbt/zinc-apiinfo_2.12/1.11.0/zinc-apiinfo_2.12-1.11.0.pom
2026.01.17 05:53:07 INFO  BSP server: Failed to download https://s01.oss.sonatype.org/content/repositories/snapshots/org/scala-sbt/launcher-interface/1.5.1/launcher-interface-1.5.1.pom
2026.01.17 05:53:07 INFO  BSP server: Failed to download https://s01.oss.sonatype.org/content/repositories/snapshots/org/scala-lang/modules/scala-xml_2.12/2.3.0/scala-xml_2.12-2.3.0.pom
2026.01.17 05:53:07 INFO  BSP server: Downloading https://s01.oss.sonatype.org/content/repositories/snapshots/org/typelevel/cats-core_2.12/2.1.1/cats-core_2.12-2.1.1.pom
2026.01.17 05:53:07 INFO  BSP server: Failed to download https://s01.oss.sonatype.org/content/repositories/snapshots/org/scala-sbt/zinc-classpath_2.12/1.11.0/zinc-classpath_2.12-1.11.0.pom
2026.01.17 05:53:07 INFO  BSP server: Downloading https://s01.oss.sonatype.org/content/repositories/snapshots/org/scalameta/io_2.12/4.13.8/io_2.12-4.13.8.pom
2026.01.17 05:53:07 INFO  BSP server: Downloading https://s01.oss.sonatype.org/content/repositories/snapshots/com/github/mwiede/jsch/0.2.23/jsch-0.2.23.pom
2026.01.17 05:53:07 INFO  BSP server: Failed to download https://s01.oss.sonatype.org/content/repositories/snapshots/com/eed3si9n/gigahorse-apache-http_2.12/0.9.3/gigahorse-apache-http_2.12-0.9.3.pom
2026.01.17 05:53:07 INFO  BSP server: Failed to download https://s01.oss.sonatype.org/content/repositories/snapshots/org/scala-lang/scala-compiler/2.12.20/scala-compiler-2.12.20.pom
2026.01.17 05:53:07 INFO  BSP server: Downloading https://s01.oss.sonatype.org/content/repositories/snapshots/com/outr/moduload_2.12/1.1.5/moduload_2.12-1.1.5.pom
2026.01.17 05:53:07 INFO  BSP server: Downloading https://s01.oss.sonatype.org/content/repositories/snapshots/org/scala-sbt/util-position_2.12/1.11.6/util-position_2.12-1.11.6.pom
2026.01.17 05:53:07 INFO  BSP server: Failed to download https://s01.oss.sonatype.org/content/repositories/snapshots/org/scala-sbt/zinc-apiinfo_2.12/1.11.0/zinc-apiinfo_2.12-1.11.0.pom
2026.01.17 05:53:07 INFO  BSP server: Downloading https://s01.oss.sonatype.org/content/repositories/snapshots/org/scalameta/common_2.12/4.13.8/common_2.12-4.13.8.pom.sha1
2026.01.17 05:53:08 ERROR Timeout waiting for 'build/initialize' response
2026.01.17 05:53:08 WARN  Retrying connection to the build server scala-cli
2026.01.17 05:53:08 INFO  Running BSP server List(C:\Users\werka\AppData\Local\Coursier\data\bin\.scala-cli.aux.exe, bsp, --json-options, D:\SFBU\Spring_semester_2026\CS570\.scala-build\ide-options-v2.json, --json-launcher-options, D:\SFBU\Spring_semester_2026\CS570\.scala-build\ide-launcher-options.json, --envs-file, D:\SFBU\Spring_semester_2026\CS570\.scala-build\ide-envs.json, D:\SFBU\Spring_semester_2026\CS570)
2026.01.17 05:53:08 INFO  tracing is disabled for protocol BSP, to enable tracing of incoming and outgoing JSON messages create an empty file at D:\SFBU\Spring_semester_2026\CS570\.metals\bsp.trace.json or C:\Users\werka\AppData\Local\scalameta\metals\cache\bsp.trace.json
2026.01.17 05:53:10 INFO  BSP server: Downloading https://oss.sonatype.org/content/repositories/snapshots/org/scala-sbt/zinc-apiinfo_2.12/1.11.0/zinc-apiinfo_2.12-1.11.0.pom
2026.01.17 05:53:10 INFO  BSP server: Downloading https://oss.sonatype.org/content/repositories/snapshots/com/outr/moduload_2.12/1.1.5/moduload_2.12-1.1.5.pom
2026.01.17 05:53:10 INFO  BSP server: Downloading https://oss.sonatype.org/content/repositories/snapshots/org/scala-sbt/util-logging_2.12/1.11.6/util-logging_2.12-1.11.6.pom
2026.01.17 05:53:10 INFO  BSP server: Downloading https://oss.sonatype.org/content/repositories/snapshots/org/typelevel/macro-compat_2.12/1.1.1/macro-compat_2.12-1.1.1.pom
2026.01.17 05:53:10 INFO  BSP server: Downloading https://oss.sonatype.org/content/repositories/snapshots/org/scala-lang/modules/scala-parser-combinators_2.12/1.1.2/scala-parser-combinators_2.12-1.1.2.pom
2026.01.17 05:53:10 INFO  BSP server: Downloading https://oss.sonatype.org/content/repositories/snapshots/net/openhft/zero-allocation-hashing/0.16/zero-allocation-hashing-0.16.pom
2026.01.17 05:53:10 INFO  BSP server: Failed to download https://oss.sonatype.org/content/repositories/snapshots/org/scala-sbt/zinc-apiinfo_2.12/1.11.0/zinc-apiinfo_2.12-1.11.0.pom
2026.01.17 05:53:10 INFO  BSP server: Downloading https://oss.sonatype.org/content/repositories/snapshots/org/scalameta/io_2.12/4.13.8/io_2.12-4.13.8.pom
2026.01.17 05:53:10 INFO  BSP server: Failed to download https://oss.sonatype.org/content/repositories/snapshots/org/scala-sbt/util-logging_2.12/1.11.6/util-logging_2.12-1.11.6.pom
2026.01.17 05:53:10 INFO  BSP server: Downloading https://oss.sonatype.org/content/repositories/snapshots/org/scala-sbt/zinc-persist-core-assembly/1.11.0/zinc-persist-core-assembly-1.11.0.pom
2026.01.17 05:53:10 INFO  BSP server: Failed to download https://oss.sonatype.org/content/repositories/snapshots/org/scala-lang/modules/scala-parser-combinators_2.12/1.1.2/scala-parser-combinators_2.12-1.1.2.pom
2026.01.17 05:53:10 INFO  BSP server: Downloading https://oss.sonatype.org/content/repositories/snapshots/org/scalameta/common_2.12/4.13.8/common_2.12-4.13.8.pom
2026.01.17 05:53:10 INFO  BSP server: Failed to download https://oss.sonatype.org/content/repositories/snapshots/org/typelevel/macro-compat_2.12/1.1.1/macro-compat_2.12-1.1.1.pom
2026.01.17 05:53:10 INFO  BSP server: Downloading https://oss.sonatype.org/content/repositories/snapshots/com/github/mwiede/jsch/0.2.23/jsch-0.2.23.pom
2026.01.17 05:53:10 INFO  BSP server: Failed to download https://oss.sonatype.org/content/repositories/snapshots/com/outr/moduload_2.12/1.1.5/moduload_2.12-1.1.5.pom
2026.01.17 05:53:10 INFO  BSP server: Downloading https://oss.sonatype.org/content/repositories/snapshots/org/scala-sbt/launcher-interface/1.5.1/launcher-interface-1.5.1.pom
2026.01.17 05:53:10 INFO  BSP server: Failed to download https://oss.sonatype.org/content/repositories/snapshots/net/openhft/zero-allocation-hashing/0.16/zero-allocation-hashing-0.16.pom
2026.01.17 05:53:10 INFO  BSP server: Downloading https://oss.sonatype.org/content/repositories/snapshots/com/outr/perfolation_2.12/1.2.8/perfolation_2.12-1.2.8.pom
2026.01.17 05:53:10 INFO  BSP server: Failed to download https://oss.sonatype.org/content/repositories/snapshots/org/scala-sbt/zinc-persist-core-assembly/1.11.0/zinc-persist-core-assembly-1.11.0.pom
2026.01.17 05:53:10 INFO  BSP server: Downloading https://oss.sonatype.org/content/repositories/snapshots/org/scala-lang/scala-compiler/2.12.20/scala-compiler-2.12.20.pom
2026.01.17 05:53:10 INFO  BSP server: Failed to download https://oss.sonatype.org/content/repositories/snapshots/org/scala-lang/scala-compiler/2.12.20/scala-compiler-2.12.20.pom
2026.01.17 05:53:10 INFO  BSP server: Downloading https://oss.sonatype.org/content/repositories/snapshots/org/scala-sbt/sbinary_2.12/0.5.1/sbinary_2.12-0.5.1.pom
2026.01.17 05:53:10 INFO  BSP server: Failed to download https://oss.sonatype.org/content/repositories/snapshots/com/outr/perfolation_2.12/1.2.8/perfolation_2.12-1.2.8.pom
2026.01.17 05:53:10 INFO  BSP server: Failed to download https://oss.sonatype.org/content/repositories/snapshots/org/scalameta/io_2.12/4.13.8/io_2.12-4.13.8.pom
2026.01.17 05:53:10 INFO  BSP server: Failed to download https://oss.sonatype.org/content/repositories/snapshots/com/github/mwiede/jsch/0.2.23/jsch-0.2.23.pom
2026.01.17 05:53:10 INFO  BSP server: Failed to download https://oss.sonatype.org/content/repositories/snapshots/org/scalameta/common_2.12/4.13.8/common_2.12-4.13.8.pom
2026.01.17 05:53:10 INFO  BSP server: Downloading https://oss.sonatype.org/content/repositories/snapshots/org/scala-sbt/compiler-interface/1.11.0/compiler-interface-1.11.0.pom
2026.01.17 05:53:10 INFO  BSP server: Downloading https://oss.sonatype.org/content/repositories/snapshots/org/scala-sbt/zinc-apiinfo_2.12/1.11.0/zinc-apiinfo_2.12-1.11.0.pom.sha1
2026.01.17 05:53:10 INFO  BSP server: Downloading https://oss.sonatype.org/content/repositories/snapshots/org/scala-sbt/util-logging_2.12/1.11.6/util-logging_2.12-1.11.6.pom.sha1
2026.01.17 05:53:10 INFO  BSP server: Downloading https://oss.sonatype.org/content/repositories/snapshots/org/scala-lang/modules/scala-parser-combinators_2.12/1.1.2/scala-parser-combinators_2.12-1.1.2.pom.sha1
2026.01.17 05:53:10 INFO  BSP server: Failed to download https://oss.sonatype.org/content/repositories/snapshots/org/scala-sbt/sbinary_2.12/0.5.1/sbinary_2.12-0.5.1.pom
2026.01.17 05:53:10 INFO  BSP server: Downloading https://oss.sonatype.org/content/repositories/snapshots/org/typelevel/macro-compat_2.12/1.1.1/macro-compat_2.12-1.1.1.pom.sha1
2026.01.17 05:53:10 INFO  BSP server: Failed to download https://oss.sonatype.org/content/repositories/snapshots/org/scala-sbt/launcher-interface/1.5.1/launcher-interface-1.5.1.pom
2026.01.17 05:53:10 INFO  BSP server: Downloading https://oss.sonatype.org/content/repositories/snapshots/com/outr/moduload_2.12/1.1.5/moduload_2.12-1.1.5.pom.sha1
2026.01.17 05:53:10 INFO  BSP server: Failed to download https://oss.sonatype.org/content/repositories/snapshots/org/scala-sbt/compiler-interface/1.11.0/compiler-interface-1.11.0.pom
2026.01.17 05:53:10 INFO  BSP server: Failed to download https://oss.sonatype.org/content/repositories/snapshots/org/scala-sbt/util-logging_2.12/1.11.6/util-logging_2.12-1.11.6.pom.sha1
2026.01.17 05:53:10 INFO  BSP server: Downloading https://oss.sonatype.org/content/repositories/snapshots/com/eed3si9n/gigahorse-apache-http_2.12/0.9.3/gigahorse-apache-http_2.12-0.9.3.pom
2026.01.17 05:53:10 INFO  BSP server: Downloading https://oss.sonatype.org/content/repositories/snapshots/org/scala-sbt/util-relation_2.12/1.11.5/util-relation_2.12-1.11.5.pom
2026.01.17 05:53:10 INFO  BSP server: Failed to download https://oss.sonatype.org/content/repositories/snapshots/org/scala-sbt/zinc-apiinfo_2.12/1.11.0/zinc-apiinfo_2.12-1.11.0.pom.sha1
2026.01.17 05:53:10 INFO  BSP server: Failed to download https://oss.sonatype.org/content/repositories/snapshots/org/scala-lang/modules/scala-parser-combinators_2.12/1.1.2/scala-parser-combinators_2.12-1.1.2.pom.sha1
2026.01.17 05:53:10 INFO  BSP server: Downloading https://oss.sonatype.org/content/repositories/snapshots/net/openhft/zero-allocation-hashing/0.16/zero-allocation-hashing-0.16.pom.sha1
2026.01.17 05:53:10 INFO  BSP server: Downloading https://oss.sonatype.org/content/repositories/snapshots/org/scala-sbt/zinc-persist-core-assembly/1.11.0/zinc-persist-core-assembly-1.11.0.pom.sha1
2026.01.17 05:53:10 INFO  BSP server: Failed to download https://oss.sonatype.org/content/repositories/snapshots/org/typelevel/macro-compat_2.12/1.1.1/macro-compat_2.12-1.1.1.pom.sha1
2026.01.17 05:53:10 INFO  BSP server: Downloading https://oss.sonatype.org/content/repositories/snapshots/com/google/errorprone/error_prone_annotations/2.38.0/error_prone_annotations-2.38.0.pom
2026.01.17 05:53:10 INFO  BSP server: Failed to download https://oss.sonatype.org/content/repositories/snapshots/com/outr/moduload_2.12/1.1.5/moduload_2.12-1.1.5.pom.sha1
2026.01.17 05:53:10 INFO  BSP server: Downloading https://oss.sonatype.org/content/repositories/snapshots/org/scala-lang/scala-compiler/2.12.20/scala-compiler-2.12.20.pom.sha1
2026.01.17 05:53:11 INFO  BSP server: Failed to download https://oss.sonatype.org/content/repositories/snapshots/com/eed3si9n/gigahorse-apache-http_2.12/0.9.3/gigahorse-apache-http_2.12-0.9.3.pom
2026.01.17 05:53:11 INFO  BSP server: Downloading https://oss.sonatype.org/content/repositories/snapshots/org/typelevel/cats-core_2.12/2.1.1/cats-core_2.12-2.1.1.pom
2026.01.17 05:53:11 INFO  BSP server: Failed to download https://oss.sonatype.org/content/repositories/snapshots/org/scala-sbt/util-relation_2.12/1.11.5/util-relation_2.12-1.11.5.pom
2026.01.17 05:53:11 INFO  BSP server: Downloading https://oss.sonatype.org/content/repositories/snapshots/com/outr/perfolation_2.12/1.2.8/perfolation_2.12-1.2.8.pom.sha1
2026.01.17 05:53:11 INFO  BSP server: Failed to download https://oss.sonatype.org/content/repositories/snapshots/net/openhft/zero-allocation-hashing/0.16/zero-allocation-hashing-0.16.pom.sha1
2026.01.17 05:53:11 INFO  BSP server: Failed to download https://oss.sonatype.org/content/repositories/snapshots/org/scala-sbt/zinc-persist-core-assembly/1.11.0/zinc-persist-core-assembly-1.11.0.pom.sha1
2026.01.17 05:53:11 INFO  BSP server: Downloading https://oss.sonatype.org/content/repositories/snapshots/org/scalameta/io_2.12/4.13.8/io_2.12-4.13.8.pom.sha1
2026.01.17 05:53:11 INFO  BSP server: Downloading https://oss.sonatype.org/content/repositories/snapshots/com/github/mwiede/jsch/0.2.23/jsch-0.2.23.pom.sha1
2026.01.17 05:53:11 INFO  BSP server: Failed to download https://oss.sonatype.org/content/repositories/snapshots/com/google/errorprone/error_prone_annotations/2.38.0/error_prone_annotations-2.38.0.pom
2026.01.17 05:53:11 INFO  BSP server: Downloading https://oss.sonatype.org/content/repositories/snapshots/org/scala-sbt/util-cache_2.12/1.11.6/util-cache_2.12-1.11.6.pom
2026.01.17 05:53:11 INFO  BSP server: Failed to download https://oss.sonatype.org/content/repositories/snapshots/org/scala-lang/scala-compiler/2.12.20/scala-compiler-2.12.20.pom.sha1
2026.01.17 05:53:11 INFO  BSP server: Downloading https://oss.sonatype.org/content/repositories/snapshots/org/scalameta/common_2.12/4.13.8/common_2.12-4.13.8.pom.sha1
2026.01.17 05:53:11 INFO  BSP server: Failed to download https://oss.sonatype.org/content/repositories/snapshots/org/typelevel/cats-core_2.12/2.1.1/cats-core_2.12-2.1.1.pom
2026.01.17 05:53:11 INFO  BSP server: Failed to download https://oss.sonatype.org/content/repositories/snapshots/com/outr/perfolation_2.12/1.2.8/perfolation_2.12-1.2.8.pom.sha1
2026.01.17 05:53:11 INFO  BSP server: Failed to download https://oss.sonatype.org/content/repositories/snapshots/org/scalameta/io_2.12/4.13.8/io_2.12-4.13.8.pom.sha1
2026.01.17 05:53:11 INFO  BSP server: Downloading https://oss.sonatype.org/content/repositories/snapshots/org/scala-sbt/zinc-classpath_2.12/1.11.0/zinc-classpath_2.12-1.11.0.pom
2026.01.17 05:53:11 INFO  BSP server: Downloading https://oss.sonatype.org/content/repositories/snapshots/org/scala-sbt/util-position_2.12/1.11.6/util-position_2.12-1.11.6.pom
2026.01.17 05:53:11 INFO  BSP server: Downloading https://oss.sonatype.org/content/repositories/snapshots/org/scala-lang/modules/scala-xml_2.12/2.3.0/scala-xml_2.12-2.3.0.pom
2026.01.17 05:53:11 INFO  BSP server: Failed to download https://oss.sonatype.org/content/repositories/snapshots/org/scala-sbt/util-cache_2.12/1.11.6/util-cache_2.12-1.11.6.pom
2026.01.17 05:53:11 INFO  BSP server: Downloading https://oss.sonatype.org/content/repositories/snapshots/org/scala-sbt/sbinary_2.12/0.5.1/sbinary_2.12-0.5.1.pom.sha1
2026.01.17 05:53:11 INFO  BSP server: Failed to download https://oss.sonatype.org/content/repositories/snapshots/com/github/mwiede/jsch/0.2.23/jsch-0.2.23.pom.sha1
2026.01.17 05:53:11 INFO  BSP server: Downloading https://oss.sonatype.org/content/repositories/snapshots/org/scala-sbt/launcher-interface/1.5.1/launcher-interface-1.5.1.pom.sha1
2026.01.17 05:53:11 INFO  BSP server: Failed to download https://oss.sonatype.org/content/repositories/snapshots/org/scalameta/common_2.12/4.13.8/common_2.12-4.13.8.pom.sha1
2026.01.17 05:53:11 INFO  BSP server: Downloading https://oss.sonatype.org/content/repositories/snapshots/org/scala-sbt/compiler-interface/1.11.0/compiler-interface-1.11.0.pom.sha1
2026.01.17 05:53:11 INFO  BSP server: Failed to download https://oss.sonatype.org/content/repositories/snapshots/org/scala-lang/modules/scala-xml_2.12/2.3.0/scala-xml_2.12-2.3.0.pom
2026.01.17 05:53:11 INFO  BSP server: Failed to download https://oss.sonatype.org/content/repositories/snapshots/org/scala-sbt/sbinary_2.12/0.5.1/sbinary_2.12-0.5.1.pom.sha1
2026.01.17 05:53:11 INFO  BSP server: Failed to download https://oss.sonatype.org/content/repositories/snapshots/org/scala-sbt/zinc-classpath_2.12/1.11.0/zinc-classpath_2.12-1.11.0.pom
2026.01.17 05:53:11 INFO  BSP server: Failed to download https://oss.sonatype.org/content/repositories/snapshots/org/scala-sbt/util-position_2.12/1.11.6/util-position_2.12-1.11.6.pom
2026.01.17 05:53:11 INFO  BSP server: Downloading https://oss.sonatype.org/content/repositories/snapshots/org/scala-sbt/io_2.12/1.10.5/io_2.12-1.10.5.pom
2026.01.17 05:53:11 INFO  BSP server: Downloading https://oss.sonatype.org/content/repositories/snapshots/org/scala-sbt/util-control_2.12/1.11.5/util-control_2.12-1.11.5.pom
2026.01.17 05:53:11 INFO  BSP server: Failed to download https://oss.sonatype.org/content/repositories/snapshots/org/scala-sbt/launcher-interface/1.5.1/launcher-interface-1.5.1.pom.sha1
2026.01.17 05:53:11 INFO  BSP server: Downloading https://oss.sonatype.org/content/repositories/snapshots/com/eed3si9n/gigahorse-apache-http_2.12/0.9.3/gigahorse-apache-http_2.12-0.9.3.pom.sha1
2026.01.17 05:53:11 INFO  BSP server: Downloading https://oss.sonatype.org/content/repositories/snapshots/org/scala-sbt/util-relation_2.12/1.11.5/util-relation_2.12-1.11.5.pom.sha1
2026.01.17 05:53:11 INFO  BSP server: Downloading https://oss.sonatype.org/content/repositories/snapshots/com/google/errorprone/error_prone_annotations/2.38.0/error_prone_annotations-2.38.0.pom.sha1
2026.01.17 05:53:11 INFO  BSP server: Failed to download https://oss.sonatype.org/content/repositories/snapshots/org/scala-sbt/compiler-interface/1.11.0/compiler-interface-1.11.0.pom.sha1
2026.01.17 05:53:11 INFO  BSP server: Downloading https://oss.sonatype.org/content/repositories/snapshots/org/typelevel/cats-core_2.12/2.1.1/cats-core_2.12-2.1.1.pom.sha1
2026.01.17 05:53:11 INFO  BSP server: Failed to download https://oss.sonatype.org/content/repositories/snapshots/org/scala-sbt/util-relation_2.12/1.11.5/util-relation_2.12-1.11.5.pom.sha1
2026.01.17 05:53:11 INFO  BSP server: Failed to download https://oss.sonatype.org/content/repositories/snapshots/org/scala-sbt/io_2.12/1.10.5/io_2.12-1.10.5.pom
2026.01.17 05:53:11 INFO  BSP server: Downloading https://oss.sonatype.org/content/repositories/snapshots/org/scala-sbt/util-cache_2.12/1.11.6/util-cache_2.12-1.11.6.pom.sha1
2026.01.17 05:53:11 INFO  BSP server: Failed to download https://oss.sonatype.org/content/repositories/snapshots/org/scala-sbt/util-control_2.12/1.11.5/util-control_2.12-1.11.5.pom
2026.01.17 05:53:11 INFO  BSP server: Downloading https://oss.sonatype.org/content/repositories/snapshots/org/scala-lang/modules/scala-xml_2.12/2.3.0/scala-xml_2.12-2.3.0.pom.sha1
2026.01.17 05:53:11 INFO  BSP server: Downloading https://oss.sonatype.org/content/repositories/snapshots/org/scala-sbt/zinc-classpath_2.12/1.11.0/zinc-classpath_2.12-1.11.0.pom.sha1
2026.01.17 05:53:11 INFO  BSP server: Failed to download https://oss.sonatype.org/content/repositories/snapshots/com/eed3si9n/gigahorse-apache-http_2.12/0.9.3/gigahorse-apache-http_2.12-0.9.3.pom.sha1
2026.01.17 05:53:11 INFO  BSP server: Downloading https://oss.sonatype.org/content/repositories/snapshots/org/scala-sbt/util-position_2.12/1.11.6/util-position_2.12-1.11.6.pom.sha1
2026.01.17 05:53:11 INFO  BSP server: Failed to download https://oss.sonatype.org/content/repositories/snapshots/com/google/errorprone/error_prone_annotations/2.38.0/error_prone_annotations-2.38.0.pom.sha1
2026.01.17 05:53:11 INFO  BSP server: Downloading https://s01.oss.sonatype.org/content/repositories/snapshots/org/scala-sbt/util-logging_2.12/1.11.6/util-logging_2.12-1.11.6.pom
2026.01.17 05:53:11 INFO  BSP server: Failed to download https://oss.sonatype.org/content/repositories/snapshots/org/typelevel/cats-core_2.12/2.1.1/cats-core_2.12-2.1.1.pom.sha1
2026.01.17 05:53:11 INFO  BSP server: Downloading https://s01.oss.sonatype.org/content/repositories/snapshots/org/scala-lang/modules/scala-parser-combinators_2.12/1.1.2/scala-parser-combinators_2.12-1.1.2.pom
2026.01.17 05:53:11 INFO  BSP server: Failed to download https://oss.sonatype.org/content/repositories/snapshots/org/scala-sbt/util-cache_2.12/1.11.6/util-cache_2.12-1.11.6.pom.sha1
2026.01.17 05:53:11 INFO  BSP server: Failed to download https://oss.sonatype.org/content/repositories/snapshots/org/scala-lang/modules/scala-xml_2.12/2.3.0/scala-xml_2.12-2.3.0.pom.sha1
2026.01.17 05:53:11 INFO  BSP server: Downloading https://s01.oss.sonatype.org/content/repositories/snapshots/org/scala-sbt/zinc-apiinfo_2.12/1.11.0/zinc-apiinfo_2.12-1.11.0.pom
2026.01.17 05:53:11 INFO  BSP server: Downloading https://oss.sonatype.org/content/repositories/snapshots/org/scala-sbt/io_2.12/1.10.5/io_2.12-1.10.5.pom.sha1
2026.01.17 05:53:11 INFO  BSP server: Failed to download https://oss.sonatype.org/content/repositories/snapshots/org/scala-sbt/util-position_2.12/1.11.6/util-position_2.12-1.11.6.pom.sha1
2026.01.17 05:53:11 INFO  BSP server: Downloading https://s01.oss.sonatype.org/content/repositories/snapshots/org/typelevel/macro-compat_2.12/1.1.1/macro-compat_2.12-1.1.1.pom
2026.01.17 05:53:11 INFO  BSP server: Failed to download https://oss.sonatype.org/content/repositories/snapshots/org/scala-sbt/zinc-classpath_2.12/1.11.0/zinc-classpath_2.12-1.11.0.pom.sha1
2026.01.17 05:53:11 INFO  BSP server: Downloading https://oss.sonatype.org/content/repositories/snapshots/org/scala-sbt/util-control_2.12/1.11.5/util-control_2.12-1.11.5.pom.sha1
2026.01.17 05:53:11 INFO  BSP server: Failed to download https://oss.sonatype.org/content/repositories/snapshots/org/scala-sbt/io_2.12/1.10.5/io_2.12-1.10.5.pom.sha1
2026.01.17 05:53:11 INFO  BSP server: Downloading https://s01.oss.sonatype.org/content/repositories/snapshots/com/outr/moduload_2.12/1.1.5/moduload_2.12-1.1.5.pom
2026.01.17 05:53:11 INFO  BSP server: Failed to download https://oss.sonatype.org/content/repositories/snapshots/org/scala-sbt/util-control_2.12/1.11.5/util-control_2.12-1.11.5.pom.sha1
2026.01.17 05:53:11 INFO  BSP server: Failed to download https://s01.oss.sonatype.org/content/repositories/snapshots/org/scala-sbt/util-logging_2.12/1.11.6/util-logging_2.12-1.11.6.pom
2026.01.17 05:53:11 INFO  BSP server: Downloading https://s01.oss.sonatype.org/content/repositories/snapshots/net/openhft/zero-allocation-hashing/0.16/zero-allocation-hashing-0.16.pom
2026.01.17 05:53:11 INFO  BSP server: Downloading https://s01.oss.sonatype.org/content/repositories/snapshots/org/scala-sbt/zinc-persist-core-assembly/1.11.0/zinc-persist-core-assembly-1.11.0.pom
2026.01.17 05:53:11 INFO  BSP server: Failed to download https://s01.oss.sonatype.org/content/repositories/snapshots/org/scala-lang/modules/scala-parser-combinators_2.12/1.1.2/scala-parser-combinators_2.12-1.1.2.pom
2026.01.17 05:53:11 INFO  BSP server: Downloading https://s01.oss.sonatype.org/content/repositories/snapshots/org/scala-lang/scala-compiler/2.12.20/scala-compiler-2.12.20.pom
2026.01.17 05:53:11 INFO  BSP server: Failed to download https://s01.oss.sonatype.org/content/repositories/snapshots/org/scala-sbt/zinc-apiinfo_2.12/1.11.0/zinc-apiinfo_2.12-1.11.0.pom
2026.01.17 05:53:11 INFO  BSP server: Failed to download https://s01.oss.sonatype.org/content/repositories/snapshots/org/typelevel/macro-compat_2.12/1.1.1/macro-compat_2.12-1.1.1.pom
2026.01.17 05:53:11 INFO  BSP server: Downloading https://s01.oss.sonatype.org/content/repositories/snapshots/com/outr/perfolation_2.12/1.2.8/perfolation_2.12-1.2.8.pom
2026.01.17 05:53:11 INFO  BSP server: Downloading https://s01.oss.sonatype.org/content/repositories/snapshots/org/scalameta/io_2.12/4.13.8/io_2.12-4.13.8.pom
2026.01.17 05:53:11 INFO  BSP server: Failed to download https://s01.oss.sonatype.org/content/repositories/snapshots/com/outr/moduload_2.12/1.1.5/moduload_2.12-1.1.5.pom
2026.01.17 05:53:11 INFO  BSP server: Downloading https://s01.oss.sonatype.org/content/repositories/snapshots/com/github/mwiede/jsch/0.2.23/jsch-0.2.23.pom
2026.01.17 05:53:11 INFO  BSP server: Failed to download https://s01.oss.sonatype.org/content/repositories/snapshots/net/openhft/zero-allocation-hashing/0.16/zero-allocation-hashing-0.16.pom
2026.01.17 05:53:11 INFO  BSP server: Downloading https://s01.oss.sonatype.org/content/repositories/snapshots/org/scalameta/common_2.12/4.13.8/common_2.12-4.13.8.pom
2026.01.17 05:53:11 INFO  BSP server: Failed to download https://s01.oss.sonatype.org/content/repositories/snapshots/org/scala-sbt/zinc-persist-core-assembly/1.11.0/zinc-persist-core-assembly-1.11.0.pom
2026.01.17 05:53:11 INFO  BSP server: Downloading https://s01.oss.sonatype.org/content/repositories/snapshots/org/scala-sbt/sbinary_2.12/0.5.1/sbinary_2.12-0.5.1.pom
2026.01.17 05:53:11 INFO  BSP server: Failed to download https://s01.oss.sonatype.org/content/repositories/snapshots/org/scalameta/io_2.12/4.13.8/io_2.12-4.13.8.pom
2026.01.17 05:53:11 INFO  BSP server: Failed to download https://s01.oss.sonatype.org/content/repositories/snapshots/com/outr/perfolation_2.12/1.2.8/perfolation_2.12-1.2.8.pom
2026.01.17 05:53:11 INFO  BSP server: Downloading https://s01.oss.sonatype.org/content/repositories/snapshots/org/scala-sbt/launcher-interface/1.5.1/launcher-interface-1.5.1.pom
2026.01.17 05:53:11 INFO  BSP server: Downloading https://s01.oss.sonatype.org/content/repositories/snapshots/org/scala-sbt/util-logging_2.12/1.11.6/util-logging_2.12-1.11.6.pom.sha1
2026.01.17 05:53:11 INFO  BSP server: Failed to download https://s01.oss.sonatype.org/content/repositories/snapshots/org/scala-lang/scala-compiler/2.12.20/scala-compiler-2.12.20.pom
2026.01.17 05:53:11 INFO  BSP server: Downloading https://s01.oss.sonatype.org/content/repositories/snapshots/org/scala-lang/modules/scala-parser-combinators_2.12/1.1.2/scala-parser-combinators_2.12-1.1.2.pom.sha1
2026.01.17 05:53:11 INFO  BSP server: Failed to download https://s01.oss.sonatype.org/content/repositories/snapshots/com/github/mwiede/jsch/0.2.23/jsch-0.2.23.pom
2026.01.17 05:53:11 INFO  BSP server: Downloading https://s01.oss.sonatype.org/content/repositories/snapshots/org/scala-sbt/zinc-apiinfo_2.12/1.11.0/zinc-apiinfo_2.12-1.11.0.pom.sha1
2026.01.17 05:53:11 INFO  BSP server: Failed to download https://s01.oss.sonatype.org/content/repositories/snapshots/org/scala-sbt/sbinary_2.12/0.5.1/sbinary_2.12-0.5.1.pom
2026.01.17 05:53:11 INFO  BSP server: Downloading https://s01.oss.sonatype.org/content/repositories/snapshots/org/typelevel/macro-compat_2.12/1.1.1/macro-compat_2.12-1.1.1.pom.sha1
2026.01.17 05:53:11 INFO  BSP server: Failed to download https://s01.oss.sonatype.org/content/repositories/snapshots/org/scalameta/common_2.12/4.13.8/common_2.12-4.13.8.pom
2026.01.17 05:53:11 INFO  BSP server: Downloading https://s01.oss.sonatype.org/content/repositories/snapshots/com/outr/moduload_2.12/1.1.5/moduload_2.12-1.1.5.pom.sha1
2026.01.17 05:53:12 INFO  BSP server: Failed to download https://s01.oss.sonatype.org/content/repositories/snapshots/org/scala-sbt/util-logging_2.12/1.11.6/util-logging_2.12-1.11.6.pom.sha1
2026.01.17 05:53:12 INFO  BSP server: Downloading https://s01.oss.sonatype.org/content/repositories/snapshots/org/scala-sbt/compiler-interface/1.11.0/compiler-interface-1.11.0.pom
2026.01.17 05:53:12 INFO  BSP server: Failed to download https://s01.oss.sonatype.org/content/repositories/snapshots/org/scala-sbt/launcher-interface/1.5.1/launcher-interface-1.5.1.pom
2026.01.17 05:53:12 INFO  BSP server: Downloading https://s01.oss.sonatype.org/content/repositories/snapshots/net/openhft/zero-allocation-hashing/0.16/zero-allocation-hashing-0.16.pom.sha1
2026.01.17 05:53:12 INFO  BSP server: Failed to download https://s01.oss.sonatype.org/content/repositories/snapshots/org/scala-lang/modules/scala-parser-combinators_2.12/1.1.2/scala-parser-combinators_2.12-1.1.2.pom.sha1
2026.01.17 05:53:12 INFO  BSP server: Downloading https://s01.oss.sonatype.org/content/repositories/snapshots/org/scala-sbt/zinc-persist-core-assembly/1.11.0/zinc-persist-core-assembly-1.11.0.pom.sha1
2026.01.17 05:53:12 INFO  BSP server: Failed to download https://s01.oss.sonatype.org/content/repositories/snapshots/org/scala-sbt/zinc-apiinfo_2.12/1.11.0/zinc-apiinfo_2.12-1.11.0.pom.sha1
2026.01.17 05:53:12 INFO  BSP server: Failed to download https://s01.oss.sonatype.org/content/repositories/snapshots/org/typelevel/macro-compat_2.12/1.1.1/macro-compat_2.12-1.1.1.pom.sha1
2026.01.17 05:53:12 INFO  BSP server: Downloading https://s01.oss.sonatype.org/content/repositories/snapshots/org/scala-sbt/util-relation_2.12/1.11.5/util-relation_2.12-1.11.5.pom
2026.01.17 05:53:12 INFO  BSP server: Failed to download https://s01.oss.sonatype.org/content/repositories/snapshots/com/outr/moduload_2.12/1.1.5/moduload_2.12-1.1.5.pom.sha1
2026.01.17 05:53:12 INFO  BSP server: Downloading https://s01.oss.sonatype.org/content/repositories/snapshots/org/scalameta/io_2.12/4.13.8/io_2.12-4.13.8.pom.sha1
2026.01.17 05:53:12 INFO  BSP server: Downloading https://s01.oss.sonatype.org/content/repositories/snapshots/com/outr/perfolation_2.12/1.2.8/perfolation_2.12-1.2.8.pom.sha1
2026.01.17 05:53:12 INFO  BSP server: Failed to download https://s01.oss.sonatype.org/content/repositories/snapshots/org/scala-sbt/compiler-interface/1.11.0/compiler-interface-1.11.0.pom
2026.01.17 05:53:12 INFO  BSP server: Failed to download https://s01.oss.sonatype.org/content/repositories/snapshots/net/openhft/zero-allocation-hashing/0.16/zero-allocation-hashing-0.16.pom.sha1
2026.01.17 05:53:12 INFO  BSP server: Downloading https://s01.oss.sonatype.org/content/repositories/snapshots/com/eed3si9n/gigahorse-apache-http_2.12/0.9.3/gigahorse-apache-http_2.12-0.9.3.pom
2026.01.17 05:53:12 INFO  BSP server: Downloading https://s01.oss.sonatype.org/content/repositories/snapshots/com/google/errorprone/error_prone_annotations/2.38.0/error_prone_annotations-2.38.0.pom
2026.01.17 05:53:12 INFO  BSP server: Failed to download https://s01.oss.sonatype.org/content/repositories/snapshots/org/scala-sbt/zinc-persist-core-assembly/1.11.0/zinc-persist-core-assembly-1.11.0.pom.sha1
2026.01.17 05:53:12 INFO  BSP server: Downloading https://s01.oss.sonatype.org/content/repositories/snapshots/org/scala-lang/scala-compiler/2.12.20/scala-compiler-2.12.20.pom.sha1
2026.01.17 05:53:12 INFO  BSP server: Failed to download https://s01.oss.sonatype.org/content/repositories/snapshots/org/scala-sbt/util-relation_2.12/1.11.5/util-relation_2.12-1.11.5.pom
2026.01.17 05:53:12 INFO  BSP server: Downloading https://s01.oss.sonatype.org/content/repositories/snapshots/org/scala-sbt/util-cache_2.12/1.11.6/util-cache_2.12-1.11.6.pom
2026.01.17 05:53:12 INFO  BSP server: Failed to download https://s01.oss.sonatype.org/content/repositories/snapshots/com/outr/perfolation_2.12/1.2.8/perfolation_2.12-1.2.8.pom.sha1
2026.01.17 05:53:12 INFO  BSP server: Downloading https://s01.oss.sonatype.org/content/repositories/snapshots/org/typelevel/cats-core_2.12/2.1.1/cats-core_2.12-2.1.1.pom
2026.01.17 05:53:12 INFO  BSP server: Failed to download https://s01.oss.sonatype.org/content/repositories/snapshots/org/scalameta/io_2.12/4.13.8/io_2.12-4.13.8.pom.sha1
2026.01.17 05:53:12 INFO  BSP server: Downloading https://s01.oss.sonatype.org/content/repositories/snapshots/org/scala-lang/modules/scala-xml_2.12/2.3.0/scala-xml_2.12-2.3.0.pom
2026.01.17 05:53:12 INFO  BSP server: Failed to download https://s01.oss.sonatype.org/content/repositories/snapshots/com/eed3si9n/gigahorse-apache-http_2.12/0.9.3/gigahorse-apache-http_2.12-0.9.3.pom
2026.01.17 05:53:12 INFO  BSP server: Downloading https://s01.oss.sonatype.org/content/repositories/snapshots/com/github/mwiede/jsch/0.2.23/jsch-0.2.23.pom.sha1
2026.01.17 05:53:12 INFO  BSP server: Failed to download https://s01.oss.sonatype.org/content/repositories/snapshots/org/scala-lang/scala-compiler/2.12.20/scala-compiler-2.12.20.pom.sha1
2026.01.17 05:53:12 INFO  BSP server: Downloading https://s01.oss.sonatype.org/content/repositories/snapshots/org/scala-sbt/sbinary_2.12/0.5.1/sbinary_2.12-0.5.1.pom.sha1
2026.01.17 05:53:12 INFO  BSP server: Failed to download https://s01.oss.sonatype.org/content/repositories/snapshots/org/scala-sbt/util-cache_2.12/1.11.6/util-cache_2.12-1.11.6.pom
2026.01.17 05:53:12 INFO  BSP server: Downloading https://s01.oss.sonatype.org/content/repositories/snapshots/org/scalameta/common_2.12/4.13.8/common_2.12-4.13.8.pom.sha1
2026.01.17 05:53:12 INFO  BSP server: Failed to download https://s01.oss.sonatype.org/content/repositories/snapshots/org/typelevel/cats-core_2.12/2.1.1/cats-core_2.12-2.1.1.pom
2026.01.17 05:53:12 INFO  BSP server: Downloading https://s01.oss.sonatype.org/content/repositories/snapshots/org/scala-sbt/launcher-interface/1.5.1/launcher-interface-1.5.1.pom.sha1
2026.01.17 05:53:12 INFO  BSP server: Failed to download https://s01.oss.sonatype.org/content/repositories/snapshots/org/scala-lang/modules/scala-xml_2.12/2.3.0/scala-xml_2.12-2.3.0.pom
2026.01.17 05:53:12 INFO  BSP server: Downloading https://s01.oss.sonatype.org/content/repositories/snapshots/org/scala-sbt/util-position_2.12/1.11.6/util-position_2.12-1.11.6.pom
2026.01.17 05:53:12 INFO  BSP server: Failed to download https://s01.oss.sonatype.org/content/repositories/snapshots/com/google/errorprone/error_prone_annotations/2.38.0/error_prone_annotations-2.38.0.pom
2026.01.17 05:53:12 INFO  BSP server: Downloading https://s01.oss.sonatype.org/content/repositories/snapshots/org/scala-sbt/compiler-interface/1.11.0/compiler-interface-1.11.0.pom.sha1
2026.01.17 05:53:12 INFO  BSP server: Failed to download https://s01.oss.sonatype.org/content/repositories/snapshots/com/github/mwiede/jsch/0.2.23/jsch-0.2.23.pom.sha1
2026.01.17 05:53:12 INFO  BSP server: Downloading https://s01.oss.sonatype.org/content/repositories/snapshots/org/scala-sbt/zinc-classpath_2.12/1.11.0/zinc-classpath_2.12-1.11.0.pom
2026.01.17 05:53:12 INFO  BSP server: Failed to download https://s01.oss.sonatype.org/content/repositories/snapshots/org/scala-sbt/sbinary_2.12/0.5.1/sbinary_2.12-0.5.1.pom.sha1
2026.01.17 05:53:12 INFO  BSP server: Downloading https://s01.oss.sonatype.org/content/repositories/snapshots/org/scala-sbt/io_2.12/1.10.5/io_2.12-1.10.5.pom
2026.01.17 05:53:12 INFO  BSP server: Failed to download https://s01.oss.sonatype.org/content/repositories/snapshots/org/scala-sbt/launcher-interface/1.5.1/launcher-interface-1.5.1.pom.sha1
2026.01.17 05:53:12 INFO  BSP server: Failed to download https://s01.oss.sonatype.org/content/repositories/snapshots/org/scalameta/common_2.12/4.13.8/common_2.12-4.13.8.pom.sha1
2026.01.17 05:53:12 INFO  BSP server: Downloading https://s01.oss.sonatype.org/content/repositories/snapshots/org/scala-sbt/util-control_2.12/1.11.5/util-control_2.12-1.11.5.pom
2026.01.17 05:53:12 INFO  BSP server: Downloading https://s01.oss.sonatype.org/content/repositories/snapshots/org/scala-sbt/util-relation_2.12/1.11.5/util-relation_2.12-1.11.5.pom.sha1
2026.01.17 05:53:12 INFO  BSP server: Failed to download https://s01.oss.sonatype.org/content/repositories/snapshots/org/scala-sbt/util-position_2.12/1.11.6/util-position_2.12-1.11.6.pom
2026.01.17 05:53:12 INFO  BSP server: Failed to download https://s01.oss.sonatype.org/content/repositories/snapshots/org/scala-sbt/compiler-interface/1.11.0/compiler-interface-1.11.0.pom.sha1
2026.01.17 05:53:12 INFO  BSP server: Downloading https://s01.oss.sonatype.org/content/repositories/snapshots/com/eed3si9n/gigahorse-apache-http_2.12/0.9.3/gigahorse-apache-http_2.12-0.9.3.pom.sha1
2026.01.17 05:53:12 INFO  BSP server: Downloading https://s01.oss.sonatype.org/content/repositories/snapshots/org/scala-sbt/util-cache_2.12/1.11.6/util-cache_2.12-1.11.6.pom.sha1
2026.01.17 05:53:12 INFO  BSP server: Failed to download https://s01.oss.sonatype.org/content/repositories/snapshots/org/scala-sbt/zinc-classpath_2.12/1.11.0/zinc-classpath_2.12-1.11.0.pom
2026.01.17 05:53:12 INFO  BSP server: Downloading https://s01.oss.sonatype.org/content/repositories/snapshots/org/typelevel/cats-core_2.12/2.1.1/cats-core_2.12-2.1.1.pom.sha1
2026.01.17 05:53:12 INFO  BSP server: Failed to download https://s01.oss.sonatype.org/content/repositories/snapshots/org/scala-sbt/io_2.12/1.10.5/io_2.12-1.10.5.pom
2026.01.17 05:53:12 INFO  BSP server: Downloading https://s01.oss.sonatype.org/content/repositories/snapshots/org/scala-lang/modules/scala-xml_2.12/2.3.0/scala-xml_2.12-2.3.0.pom.sha1
2026.01.17 05:53:12 INFO  BSP server: Failed to download https://s01.oss.sonatype.org/content/repositories/snapshots/org/scala-sbt/util-control_2.12/1.11.5/util-control_2.12-1.11.5.pom
2026.01.17 05:53:12 INFO  BSP server: Downloading https://s01.oss.sonatype.org/content/repositories/snapshots/com/google/errorprone/error_prone_annotations/2.38.0/error_prone_annotations-2.38.0.pom.sha1
2026.01.17 05:53:12 INFO  BSP server: Failed to download https://s01.oss.sonatype.org/content/repositories/snapshots/com/eed3si9n/gigahorse-apache-http_2.12/0.9.3/gigahorse-apache-http_2.12-0.9.3.pom.sha1
2026.01.17 05:53:12 INFO  BSP server: Failed to download https://s01.oss.sonatype.org/content/repositories/snapshots/org/scala-sbt/util-cache_2.12/1.11.6/util-cache_2.12-1.11.6.pom.sha1
2026.01.17 05:53:12 INFO  BSP server: Downloading https://central.sonatype.com/repository/maven-snapshots/org/scala-sbt/util-logging_2.12/1.11.6/util-logging_2.12-1.11.6.pom
2026.01.17 05:53:12 INFO  BSP server: Downloading https://central.sonatype.com/repository/maven-snapshots/org/scala-lang/modules/scala-parser-combinators_2.12/1.1.2/scala-parser-combinators_2.12-1.1.2.pom
2026.01.17 05:53:12 INFO  BSP server: Failed to download https://s01.oss.sonatype.org/content/repositories/snapshots/org/scala-sbt/util-relation_2.12/1.11.5/util-relation_2.12-1.11.5.pom.sha1
2026.01.17 05:53:12 INFO  BSP server: Downloading https://central.sonatype.com/repository/maven-snapshots/org/scala-sbt/zinc-apiinfo_2.12/1.11.0/zinc-apiinfo_2.12-1.11.0.pom
2026.01.17 05:53:12 INFO  BSP server: Failed to download https://s01.oss.sonatype.org/content/repositories/snapshots/org/typelevel/cats-core_2.12/2.1.1/cats-core_2.12-2.1.1.pom.sha1
2026.01.17 05:53:12 INFO  BSP server: Downloading https://s01.oss.sonatype.org/content/repositories/snapshots/org/scala-sbt/util-position_2.12/1.11.6/util-position_2.12-1.11.6.pom.sha1
2026.01.17 05:53:12 INFO  BSP server: Failed to download https://s01.oss.sonatype.org/content/repositories/snapshots/org/scala-lang/modules/scala-xml_2.12/2.3.0/scala-xml_2.12-2.3.0.pom.sha1
2026.01.17 05:53:12 INFO  BSP server: Downloading https://central.sonatype.com/repository/maven-snapshots/org/typelevel/macro-compat_2.12/1.1.1/macro-compat_2.12-1.1.1.pom
2026.01.17 05:53:14 INFO  BSP server: Failed to download https://s01.oss.sonatype.org/content/repositories/snapshots/com/google/errorprone/error_prone_annotations/2.38.0/error_prone_annotations-2.38.0.pom.sha1
2026.01.17 05:53:14 INFO  BSP server: Downloading https://s01.oss.sonatype.org/content/repositories/snapshots/org/scala-sbt/zinc-classpath_2.12/1.11.0/zinc-classpath_2.12-1.11.0.pom.sha1
2026.01.17 05:53:14 INFO  BSP server: Failed to download https://central.sonatype.com/repository/maven-snapshots/org/scala-sbt/util-logging_2.12/1.11.6/util-logging_2.12-1.11.6.pom
2026.01.17 05:53:14 INFO  BSP server: Failed to download https://central.sonatype.com/repository/maven-snapshots/org/scala-sbt/zinc-apiinfo_2.12/1.11.0/zinc-apiinfo_2.12-1.11.0.pom
2026.01.17 05:53:14 INFO  BSP server: Downloading https://central.sonatype.com/repository/maven-snapshots/com/outr/moduload_2.12/1.1.5/moduload_2.12-1.1.5.pom
2026.01.17 05:53:14 INFO  BSP server: Downloading https://central.sonatype.com/repository/maven-snapshots/net/openhft/zero-allocation-hashing/0.16/zero-allocation-hashing-0.16.pom
2026.01.17 05:53:14 INFO  BSP server: Failed to download https://s01.oss.sonatype.org/content/repositories/snapshots/org/scala-sbt/util-position_2.12/1.11.6/util-position_2.12-1.11.6.pom.sha1
2026.01.17 05:53:14 INFO  BSP server: Failed to download https://central.sonatype.com/repository/maven-snapshots/org/scala-lang/modules/scala-parser-combinators_2.12/1.1.2/scala-parser-combinators_2.12-1.1.2.pom
2026.01.17 05:53:14 INFO  BSP server: Downloading https://s01.oss.sonatype.org/content/repositories/snapshots/org/scala-sbt/io_2.12/1.10.5/io_2.12-1.10.5.pom.sha1
2026.01.17 05:53:14 INFO  BSP server: Downloading https://s01.oss.sonatype.org/content/repositories/snapshots/org/scala-sbt/util-control_2.12/1.11.5/util-control_2.12-1.11.5.pom.sha1
2026.01.17 05:53:14 INFO  BSP server: Failed to download https://central.sonatype.com/repository/maven-snapshots/org/typelevel/macro-compat_2.12/1.1.1/macro-compat_2.12-1.1.1.pom
2026.01.17 05:53:14 INFO  BSP server: Downloading https://central.sonatype.com/repository/maven-snapshots/org/scala-sbt/zinc-persist-core-assembly/1.11.0/zinc-persist-core-assembly-1.11.0.pom
2026.01.17 05:53:14 INFO  BSP server: Failed to download https://s01.oss.sonatype.org/content/repositories/snapshots/org/scala-sbt/zinc-classpath_2.12/1.11.0/zinc-classpath_2.12-1.11.0.pom.sha1
2026.01.17 05:53:14 INFO  BSP server: Downloading https://central.sonatype.com/repository/maven-snapshots/com/outr/perfolation_2.12/1.2.8/perfolation_2.12-1.2.8.pom
2026.01.17 05:53:14 INFO  BSP server: Failed to download https://central.sonatype.com/repository/maven-snapshots/net/openhft/zero-allocation-hashing/0.16/zero-allocation-hashing-0.16.pom
2026.01.17 05:53:14 INFO  BSP server: Downloading https://central.sonatype.com/repository/maven-snapshots/org/scalameta/io_2.12/4.13.8/io_2.12-4.13.8.pom
2026.01.17 05:53:14 INFO  BSP server: Failed to download https://s01.oss.sonatype.org/content/repositories/snapshots/org/scala-sbt/io_2.12/1.10.5/io_2.12-1.10.5.pom.sha1
2026.01.17 05:53:14 INFO  BSP server: Downloading https://central.sonatype.com/repository/maven-snapshots/org/scala-lang/scala-compiler/2.12.20/scala-compiler-2.12.20.pom
2026.01.17 05:53:14 INFO  BSP server: Failed to download https://s01.oss.sonatype.org/content/repositories/snapshots/org/scala-sbt/util-control_2.12/1.11.5/util-control_2.12-1.11.5.pom.sha1
2026.01.17 05:53:14 INFO  BSP server: Downloading https://central.sonatype.com/repository/maven-snapshots/com/github/mwiede/jsch/0.2.23/jsch-0.2.23.pom
2026.01.17 05:53:14 INFO  BSP server: Failed to download https://central.sonatype.com/repository/maven-snapshots/com/outr/moduload_2.12/1.1.5/moduload_2.12-1.1.5.pom
2026.01.17 05:53:14 INFO  BSP server: Downloading https://central.sonatype.com/repository/maven-snapshots/org/scala-sbt/sbinary_2.12/0.5.1/sbinary_2.12-0.5.1.pom
2026.01.17 05:53:14 INFO  BSP server: Failed to download https://central.sonatype.com/repository/maven-snapshots/org/scala-sbt/zinc-persist-core-assembly/1.11.0/zinc-persist-core-assembly-1.11.0.pom
2026.01.17 05:53:14 INFO  BSP server: Downloading https://central.sonatype.com/repository/maven-snapshots/org/scala-sbt/launcher-interface/1.5.1/launcher-interface-1.5.1.pom
2026.01.17 05:53:14 INFO  BSP server: Failed to download https://central.sonatype.com/repository/maven-snapshots/com/outr/perfolation_2.12/1.2.8/perfolation_2.12-1.2.8.pom
2026.01.17 05:53:14 INFO  BSP server: Downloading https://central.sonatype.com/repository/maven-snapshots/org/scala-sbt/util-logging_2.12/1.11.6/util-logging_2.12-1.11.6.pom.sha1
2026.01.17 05:53:14 INFO  BSP server: Failed to download https://central.sonatype.com/repository/maven-snapshots/org/scalameta/io_2.12/4.13.8/io_2.12-4.13.8.pom
2026.01.17 05:53:14 INFO  BSP server: Downloading https://central.sonatype.com/repository/maven-snapshots/org/scala-sbt/zinc-apiinfo_2.12/1.11.0/zinc-apiinfo_2.12-1.11.0.pom.sha1
2026.01.17 05:53:14 INFO  BSP server: Failed to download https://central.sonatype.com/repository/maven-snapshots/com/github/mwiede/jsch/0.2.23/jsch-0.2.23.pom
2026.01.17 05:53:14 INFO  BSP server: Downloading https://central.sonatype.com/repository/maven-snapshots/org/scalameta/common_2.12/4.13.8/common_2.12-4.13.8.pom
2026.01.17 05:53:14 INFO  BSP server: Failed to download https://central.sonatype.com/repository/maven-snapshots/org/scala-lang/scala-compiler/2.12.20/scala-compiler-2.12.20.pom
2026.01.17 05:53:14 INFO  BSP server: Downloading https://central.sonatype.com/repository/maven-snapshots/org/scala-lang/modules/scala-parser-combinators_2.12/1.1.2/scala-parser-combinators_2.12-1.1.2.pom.sha1
2026.01.17 05:53:14 INFO  BSP server: Failed to download https://central.sonatype.com/repository/maven-snapshots/org/scala-sbt/sbinary_2.12/0.5.1/sbinary_2.12-0.5.1.pom
2026.01.17 05:53:14 INFO  BSP server: Failed to download https://central.sonatype.com/repository/maven-snapshots/org/scala-sbt/launcher-interface/1.5.1/launcher-interface-1.5.1.pom
2026.01.17 05:53:14 INFO  BSP server: Downloading https://central.sonatype.com/repository/maven-snapshots/org/typelevel/macro-compat_2.12/1.1.1/macro-compat_2.12-1.1.1.pom.sha1
2026.01.17 05:53:14 INFO  BSP server: Downloading https://central.sonatype.com/repository/maven-snapshots/net/openhft/zero-allocation-hashing/0.16/zero-allocation-hashing-0.16.pom.sha1
2026.01.17 05:53:14 INFO  BSP server: Failed to download https://central.sonatype.com/repository/maven-snapshots/org/scala-sbt/util-logging_2.12/1.11.6/util-logging_2.12-1.11.6.pom.sha1
2026.01.17 05:53:14 INFO  BSP server: Downloading https://central.sonatype.com/repository/maven-snapshots/org/scala-sbt/compiler-interface/1.11.0/compiler-interface-1.11.0.pom
2026.01.17 05:53:14 INFO  BSP server: Failed to download https://central.sonatype.com/repository/maven-snapshots/org/scala-sbt/zinc-apiinfo_2.12/1.11.0/zinc-apiinfo_2.12-1.11.0.pom.sha1
2026.01.17 05:53:14 INFO  BSP server: Downloading https://central.sonatype.com/repository/maven-snapshots/com/eed3si9n/gigahorse-apache-http_2.12/0.9.3/gigahorse-apache-http_2.12-0.9.3.pom
2026.01.17 05:53:14 INFO  BSP server: Failed to download https://central.sonatype.com/repository/maven-snapshots/org/scala-lang/modules/scala-parser-combinators_2.12/1.1.2/scala-parser-combinators_2.12-1.1.2.pom.sha1
2026.01.17 05:53:14 INFO  BSP server: Downloading https://central.sonatype.com/repository/maven-snapshots/com/outr/moduload_2.12/1.1.5/moduload_2.12-1.1.5.pom.sha1
2026.01.17 05:53:14 INFO  BSP server: Failed to download https://central.sonatype.com/repository/maven-snapshots/org/scalameta/common_2.12/4.13.8/common_2.12-4.13.8.pom
2026.01.17 05:53:14 INFO  BSP server: Downloading https://central.sonatype.com/repository/maven-snapshots/org/scala-sbt/zinc-persist-core-assembly/1.11.0/zinc-persist-core-assembly-1.11.0.pom.sha1
2026.01.17 05:53:14 INFO  BSP server: Failed to download https://central.sonatype.com/repository/maven-snapshots/org/typelevel/macro-compat_2.12/1.1.1/macro-compat_2.12-1.1.1.pom.sha1
2026.01.17 05:53:14 INFO  BSP server: Downloading https://central.sonatype.com/repository/maven-snapshots/com/outr/perfolation_2.12/1.2.8/perfolation_2.12-1.2.8.pom.sha1
2026.01.17 05:53:14 INFO  BSP server: Failed to download https://central.sonatype.com/repository/maven-snapshots/net/openhft/zero-allocation-hashing/0.16/zero-allocation-hashing-0.16.pom.sha1
2026.01.17 05:53:14 INFO  BSP server: Downloading https://central.sonatype.com/repository/maven-snapshots/org/scalameta/io_2.12/4.13.8/io_2.12-4.13.8.pom.sha1
2026.01.17 05:53:14 INFO  BSP server: Failed to download https://central.sonatype.com/repository/maven-snapshots/org/scala-sbt/compiler-interface/1.11.0/compiler-interface-1.11.0.pom
2026.01.17 05:53:14 INFO  BSP server: Downloading https://central.sonatype.com/repository/maven-snapshots/com/github/mwiede/jsch/0.2.23/jsch-0.2.23.pom.sha1
2026.01.17 05:53:14 INFO  BSP server: Failed to download https://central.sonatype.com/repository/maven-snapshots/org/scala-sbt/zinc-persist-core-assembly/1.11.0/zinc-persist-core-assembly-1.11.0.pom.sha1
2026.01.17 05:53:14 INFO  BSP server: Downloading https://central.sonatype.com/repository/maven-snapshots/org/scala-lang/scala-compiler/2.12.20/scala-compiler-2.12.20.pom.sha1
2026.01.17 05:53:14 INFO  BSP server: Failed to download https://central.sonatype.com/repository/maven-snapshots/com/outr/moduload_2.12/1.1.5/moduload_2.12-1.1.5.pom.sha1
2026.01.17 05:53:14 INFO  BSP server: Downloading https://central.sonatype.com/repository/maven-snapshots/org/scala-sbt/util-cache_2.12/1.11.6/util-cache_2.12-1.11.6.pom
2026.01.17 05:53:14 INFO  BSP server: Failed to download https://central.sonatype.com/repository/maven-snapshots/com/eed3si9n/gigahorse-apache-http_2.12/0.9.3/gigahorse-apache-http_2.12-0.9.3.pom
2026.01.17 05:53:14 INFO  BSP server: Downloading https://central.sonatype.com/repository/maven-snapshots/org/scala-sbt/sbinary_2.12/0.5.1/sbinary_2.12-0.5.1.pom.sha1
2026.01.17 05:53:14 INFO  BSP server: Failed to download https://central.sonatype.com/repository/maven-snapshots/com/outr/perfolation_2.12/1.2.8/perfolation_2.12-1.2.8.pom.sha1
2026.01.17 05:53:14 INFO  BSP server: Downloading https://central.sonatype.com/repository/maven-snapshots/org/scala-sbt/launcher-interface/1.5.1/launcher-interface-1.5.1.pom.sha1
2026.01.17 05:53:14 INFO  BSP server: Failed to download https://central.sonatype.com/repository/maven-snapshots/org/scalameta/io_2.12/4.13.8/io_2.12-4.13.8.pom.sha1
2026.01.17 05:53:14 INFO  BSP server: Downloading https://central.sonatype.com/repository/maven-snapshots/org/scala-sbt/util-relation_2.12/1.11.5/util-relation_2.12-1.11.5.pom
2026.01.17 05:53:14 INFO  BSP server: Failed to download https://central.sonatype.com/repository/maven-snapshots/com/github/mwiede/jsch/0.2.23/jsch-0.2.23.pom.sha1
2026.01.17 05:53:14 INFO  BSP server: Downloading https://central.sonatype.com/repository/maven-snapshots/org/typelevel/cats-core_2.12/2.1.1/cats-core_2.12-2.1.1.pom
2026.01.17 05:53:14 INFO  BSP server: Failed to download https://central.sonatype.com/repository/maven-snapshots/org/scala-lang/scala-compiler/2.12.20/scala-compiler-2.12.20.pom.sha1
2026.01.17 05:53:14 INFO  BSP server: Downloading https://central.sonatype.com/repository/maven-snapshots/org/scala-lang/modules/scala-xml_2.12/2.3.0/scala-xml_2.12-2.3.0.pom
2026.01.17 05:53:15 INFO  BSP server: Failed to download https://central.sonatype.com/repository/maven-snapshots/org/scala-sbt/sbinary_2.12/0.5.1/sbinary_2.12-0.5.1.pom.sha1
2026.01.17 05:53:15 INFO  BSP server: Downloading https://central.sonatype.com/repository/maven-snapshots/com/google/errorprone/error_prone_annotations/2.38.0/error_prone_annotations-2.38.0.pom
2026.01.17 05:53:15 INFO  BSP server: Failed to download https://central.sonatype.com/repository/maven-snapshots/org/scala-sbt/util-cache_2.12/1.11.6/util-cache_2.12-1.11.6.pom
2026.01.17 05:53:15 INFO  BSP server: Downloading https://central.sonatype.com/repository/maven-snapshots/org/scala-sbt/util-position_2.12/1.11.6/util-position_2.12-1.11.6.pom
2026.01.17 05:53:15 INFO  BSP server: Failed to download https://central.sonatype.com/repository/maven-snapshots/org/scala-sbt/util-relation_2.12/1.11.5/util-relation_2.12-1.11.5.pom
2026.01.17 05:53:15 INFO  BSP server: Downloading https://central.sonatype.com/repository/maven-snapshots/org/scala-sbt/zinc-classpath_2.12/1.11.0/zinc-classpath_2.12-1.11.0.pom
2026.01.17 05:53:15 INFO  BSP server: Failed to download https://central.sonatype.com/repository/maven-snapshots/org/scala-sbt/launcher-interface/1.5.1/launcher-interface-1.5.1.pom.sha1
2026.01.17 05:53:15 INFO  BSP server: Downloading https://central.sonatype.com/repository/maven-snapshots/org/scalameta/common_2.12/4.13.8/common_2.12-4.13.8.pom.sha1
2026.01.17 05:53:15 INFO  BSP server: Failed to download https://central.sonatype.com/repository/maven-snapshots/org/typelevel/cats-core_2.12/2.1.1/cats-core_2.12-2.1.1.pom
2026.01.17 05:53:15 INFO  BSP server: Downloading https://central.sonatype.com/repository/maven-snapshots/org/scala-sbt/compiler-interface/1.11.0/compiler-interface-1.11.0.pom.sha1
2026.01.17 05:53:15 INFO  BSP server: Failed to download https://central.sonatype.com/repository/maven-snapshots/org/scala-lang/modules/scala-xml_2.12/2.3.0/scala-xml_2.12-2.3.0.pom
2026.01.17 05:53:15 INFO  BSP server: Downloading https://central.sonatype.com/repository/maven-snapshots/com/eed3si9n/gigahorse-apache-http_2.12/0.9.3/gigahorse-apache-http_2.12-0.9.3.pom.sha1
2026.01.17 05:53:15 INFO  BSP server: Failed to download https://central.sonatype.com/repository/maven-snapshots/org/scala-sbt/util-position_2.12/1.11.6/util-position_2.12-1.11.6.pom
2026.01.17 05:53:15 INFO  BSP server: Downloading https://central.sonatype.com/repository/maven-snapshots/org/scala-sbt/io_2.12/1.10.5/io_2.12-1.10.5.pom
2026.01.17 05:53:15 INFO  BSP server: Failed to download https://central.sonatype.com/repository/maven-snapshots/com/google/errorprone/error_prone_annotations/2.38.0/error_prone_annotations-2.38.0.pom
2026.01.17 05:53:15 INFO  BSP server: Downloading https://central.sonatype.com/repository/maven-snapshots/org/scala-sbt/util-control_2.12/1.11.5/util-control_2.12-1.11.5.pom
2026.01.17 05:53:15 INFO  BSP server: Failed to download https://central.sonatype.com/repository/maven-snapshots/org/scalameta/common_2.12/4.13.8/common_2.12-4.13.8.pom.sha1
2026.01.17 05:53:15 INFO  BSP server: Downloading https://central.sonatype.com/repository/maven-snapshots/org/scala-sbt/util-cache_2.12/1.11.6/util-cache_2.12-1.11.6.pom.sha1
2026.01.17 05:53:15 INFO  BSP server: Failed to download https://central.sonatype.com/repository/maven-snapshots/org/scala-sbt/zinc-classpath_2.12/1.11.0/zinc-classpath_2.12-1.11.0.pom
2026.01.17 05:53:15 INFO  BSP server: Downloading https://central.sonatype.com/repository/maven-snapshots/org/scala-sbt/util-relation_2.12/1.11.5/util-relation_2.12-1.11.5.pom.sha1
2026.01.17 05:53:15 INFO  BSP server: Failed to download https://central.sonatype.com/repository/maven-snapshots/org/scala-sbt/compiler-interface/1.11.0/compiler-interface-1.11.0.pom.sha1
2026.01.17 05:53:15 INFO  BSP server: Downloading https://central.sonatype.com/repository/maven-snapshots/org/typelevel/cats-core_2.12/2.1.1/cats-core_2.12-2.1.1.pom.sha1
2026.01.17 05:53:15 INFO  BSP server: Failed to download https://central.sonatype.com/repository/maven-snapshots/com/eed3si9n/gigahorse-apache-http_2.12/0.9.3/gigahorse-apache-http_2.12-0.9.3.pom.sha1
2026.01.17 05:53:15 INFO  BSP server: Downloading https://central.sonatype.com/repository/maven-snapshots/org/scala-lang/modules/scala-xml_2.12/2.3.0/scala-xml_2.12-2.3.0.pom.sha1
2026.01.17 05:53:15 INFO  BSP server: Failed to download https://central.sonatype.com/repository/maven-snapshots/org/scala-sbt/util-control_2.12/1.11.5/util-control_2.12-1.11.5.pom
2026.01.17 05:53:15 INFO  BSP server: Downloading https://central.sonatype.com/repository/maven-snapshots/org/scala-sbt/util-position_2.12/1.11.6/util-position_2.12-1.11.6.pom.sha1
2026.01.17 05:53:15 INFO  BSP server: Failed to download https://central.sonatype.com/repository/maven-snapshots/org/scala-sbt/io_2.12/1.10.5/io_2.12-1.10.5.pom
2026.01.17 05:53:15 INFO  BSP server: Downloading https://central.sonatype.com/repository/maven-snapshots/com/google/errorprone/error_prone_annotations/2.38.0/error_prone_annotations-2.38.0.pom.sha1
2026.01.17 05:53:15 INFO  BSP server: Failed to download https://central.sonatype.com/repository/maven-snapshots/org/scala-sbt/util-cache_2.12/1.11.6/util-cache_2.12-1.11.6.pom.sha1
2026.01.17 05:53:15 INFO  BSP server: Downloading https://repo.scala-lang.org/artifactory/maven-nightlies/org/scala-sbt/util-logging_2.12/1.11.6/util-logging_2.12-1.11.6.pom
2026.01.17 05:53:15 INFO  BSP server: Failed to download https://central.sonatype.com/repository/maven-snapshots/org/scala-sbt/util-relation_2.12/1.11.5/util-relation_2.12-1.11.5.pom.sha1
2026.01.17 05:53:15 INFO  BSP server: Downloading https://repo.scala-lang.org/artifactory/maven-nightlies/org/scala-sbt/zinc-apiinfo_2.12/1.11.0/zinc-apiinfo_2.12-1.11.0.pom
2026.01.17 05:53:15 INFO  BSP server: Failed to download https://central.sonatype.com/repository/maven-snapshots/org/scala-lang/modules/scala-xml_2.12/2.3.0/scala-xml_2.12-2.3.0.pom.sha1
2026.01.17 05:53:15 INFO  BSP server: Downloading https://central.sonatype.com/repository/maven-snapshots/org/scala-sbt/zinc-classpath_2.12/1.11.0/zinc-classpath_2.12-1.11.0.pom.sha1
2026.01.17 05:53:15 INFO  BSP server: Failed to download https://central.sonatype.com/repository/maven-snapshots/org/typelevel/cats-core_2.12/2.1.1/cats-core_2.12-2.1.1.pom.sha1
2026.01.17 05:53:15 INFO  BSP server: Downloading https://repo.scala-lang.org/artifactory/maven-nightlies/org/scala-sbt/zinc-persist-core-assembly/1.11.0/zinc-persist-core-assembly-1.11.0.pom
2026.01.17 05:53:15 INFO  BSP server: Failed to download https://central.sonatype.com/repository/maven-snapshots/org/scala-sbt/util-position_2.12/1.11.6/util-position_2.12-1.11.6.pom.sha1
2026.01.17 05:53:15 INFO  BSP server: Failed to download https://central.sonatype.com/repository/maven-snapshots/com/google/errorprone/error_prone_annotations/2.38.0/error_prone_annotations-2.38.0.pom.sha1
2026.01.17 05:53:15 INFO  BSP server: Downloading https://central.sonatype.com/repository/maven-snapshots/org/scala-sbt/util-control_2.12/1.11.5/util-control_2.12-1.11.5.pom.sha1
2026.01.17 05:53:15 INFO  BSP server: Downloading https://central.sonatype.com/repository/maven-snapshots/org/scala-sbt/io_2.12/1.10.5/io_2.12-1.10.5.pom.sha1
2026.01.17 05:53:15 INFO  BSP server: Failed to download https://central.sonatype.com/repository/maven-snapshots/org/scala-sbt/zinc-classpath_2.12/1.11.0/zinc-classpath_2.12-1.11.0.pom.sha1
2026.01.17 05:53:15 INFO  BSP server: Downloading https://repo.scala-lang.org/artifactory/maven-nightlies/org/scala-sbt/launcher-interface/1.5.1/launcher-interface-1.5.1.pom
2026.01.17 05:53:15 INFO  BSP server: Failed to download https://central.sonatype.com/repository/maven-snapshots/org/scala-sbt/util-control_2.12/1.11.5/util-control_2.12-1.11.5.pom.sha1
2026.01.17 05:53:15 INFO  BSP server: Failed to download https://central.sonatype.com/repository/maven-snapshots/org/scala-sbt/io_2.12/1.10.5/io_2.12-1.10.5.pom.sha1
2026.01.17 05:53:15 INFO  BSP server: Downloading https://repo.scala-lang.org/artifactory/maven-nightlies/org/scala-sbt/compiler-interface/1.11.0/compiler-interface-1.11.0.pom
2026.01.17 05:53:15 INFO  BSP server: Downloading https://repo.scala-lang.org/artifactory/maven-nightlies/org/scala-sbt/util-cache_2.12/1.11.6/util-cache_2.12-1.11.6.pom
2026.01.17 05:53:16 INFO  BSP server: Downloaded https://repo.scala-lang.org/artifactory/maven-nightlies/org/scala-sbt/util-logging_2.12/1.11.6/util-logging_2.12-1.11.6.pom
2026.01.17 05:53:16 INFO  BSP server: Downloading https://repo.scala-lang.org/artifactory/maven-nightlies/org/scala-sbt/util-relation_2.12/1.11.5/util-relation_2.12-1.11.5.pom
2026.01.17 05:53:16 INFO  BSP server: Downloaded https://repo.scala-lang.org/artifactory/maven-nightlies/org/scala-sbt/zinc-apiinfo_2.12/1.11.0/zinc-apiinfo_2.12-1.11.0.pom
2026.01.17 05:53:16 INFO  BSP server: Downloading https://repo.scala-lang.org/artifactory/maven-nightlies/org/scala-sbt/util-position_2.12/1.11.6/util-position_2.12-1.11.6.pom
2026.01.17 05:53:16 INFO  BSP server: Downloaded https://repo.scala-lang.org/artifactory/maven-nightlies/org/scala-sbt/zinc-persist-core-assembly/1.11.0/zinc-persist-core-assembly-1.11.0.pom
2026.01.17 05:53:16 INFO  BSP server: Downloading https://repo.scala-lang.org/artifactory/maven-nightlies/org/scala-sbt/zinc-classpath_2.12/1.11.0/zinc-classpath_2.12-1.11.0.pom
2026.01.17 05:53:16 INFO  BSP server: Downloaded https://repo.scala-lang.org/artifactory/maven-nightlies/org/scala-sbt/util-relation_2.12/1.11.5/util-relation_2.12-1.11.5.pom
2026.01.17 05:53:16 INFO  BSP server: Downloaded https://repo.scala-lang.org/artifactory/maven-nightlies/org/scala-sbt/launcher-interface/1.5.1/launcher-interface-1.5.1.pom
2026.01.17 05:53:16 INFO  BSP server: Downloading https://repo.scala-lang.org/artifactory/maven-nightlies/org/scala-sbt/util-control_2.12/1.11.5/util-control_2.12-1.11.5.pom
2026.01.17 05:53:16 INFO  BSP server: Downloaded https://repo.scala-lang.org/artifactory/maven-nightlies/org/scala-sbt/util-position_2.12/1.11.6/util-position_2.12-1.11.6.pom
2026.01.17 05:53:16 INFO  BSP server: Downloading https://repo.scala-lang.org/artifactory/maven-nightlies/org/scala-sbt/util-logging_2.12/1.11.6/util-logging_2.12-1.11.6.pom.sha1
2026.01.17 05:53:16 INFO  BSP server: Downloading https://repo.scala-lang.org/artifactory/maven-nightlies/org/scala-sbt/zinc-apiinfo_2.12/1.11.0/zinc-apiinfo_2.12-1.11.0.pom.sha1
2026.01.17 05:53:16 INFO  BSP server: Downloaded https://repo.scala-lang.org/artifactory/maven-nightlies/org/scala-sbt/compiler-interface/1.11.0/compiler-interface-1.11.0.pom
2026.01.17 05:53:16 INFO  BSP server: Downloading https://repo.scala-lang.org/artifactory/maven-nightlies/org/scala-sbt/zinc-persist-core-assembly/1.11.0/zinc-persist-core-assembly-1.11.0.pom.sha1
2026.01.17 05:53:16 INFO  BSP server: Downloaded https://repo.scala-lang.org/artifactory/maven-nightlies/org/scala-sbt/util-cache_2.12/1.11.6/util-cache_2.12-1.11.6.pom
2026.01.17 05:53:16 INFO  BSP server: Downloaded https://repo.scala-lang.org/artifactory/maven-nightlies/org/scala-sbt/zinc-classpath_2.12/1.11.0/zinc-classpath_2.12-1.11.0.pom
2026.01.17 05:53:16 INFO  BSP server: Downloading https://repo.scala-lang.org/artifactory/maven-nightlies/org/scala-sbt/util-relation_2.12/1.11.5/util-relation_2.12-1.11.5.pom.sha1
2026.01.17 05:53:16 INFO  BSP server: Downloading https://repo.scala-lang.org/artifactory/maven-nightlies/org/scala-sbt/launcher-interface/1.5.1/launcher-interface-1.5.1.pom.sha1
2026.01.17 05:53:16 INFO  BSP server: Downloaded https://repo.scala-lang.org/artifactory/maven-nightlies/org/scala-sbt/zinc-apiinfo_2.12/1.11.0/zinc-apiinfo_2.12-1.11.0.pom.sha1
2026.01.17 05:53:16 INFO  BSP server: Downloading https://repo.scala-lang.org/artifactory/maven-nightlies/org/scala-sbt/util-position_2.12/1.11.6/util-position_2.12-1.11.6.pom.sha1
2026.01.17 05:53:16 INFO  BSP server: Downloaded https://repo.scala-lang.org/artifactory/maven-nightlies/org/scala-sbt/util-logging_2.12/1.11.6/util-logging_2.12-1.11.6.pom.sha1
2026.01.17 05:53:16 INFO  BSP server: Downloading https://repo.scala-lang.org/artifactory/maven-nightlies/org/scala-sbt/compiler-interface/1.11.0/compiler-interface-1.11.0.pom.sha1
2026.01.17 05:53:16 INFO  BSP server: Downloaded https://repo.scala-lang.org/artifactory/maven-nightlies/org/scala-sbt/util-control_2.12/1.11.5/util-control_2.12-1.11.5.pom
2026.01.17 05:53:16 INFO  BSP server: Downloading https://repo.scala-lang.org/artifactory/maven-nightlies/org/scala-sbt/util-cache_2.12/1.11.6/util-cache_2.12-1.11.6.pom.sha1
2026.01.17 05:53:16 INFO  BSP server: Downloaded https://repo.scala-lang.org/artifactory/maven-nightlies/org/scala-sbt/zinc-persist-core-assembly/1.11.0/zinc-persist-core-assembly-1.11.0.pom.sha1
2026.01.17 05:53:16 INFO  BSP server: Downloading https://repo.scala-lang.org/artifactory/maven-nightlies/org/scala-sbt/zinc-classpath_2.12/1.11.0/zinc-classpath_2.12-1.11.0.pom.sha1
2026.01.17 05:53:16 INFO  BSP server: Downloaded https://repo.scala-lang.org/artifactory/maven-nightlies/org/scala-sbt/launcher-interface/1.5.1/launcher-interface-1.5.1.pom.sha1
2026.01.17 05:53:16 INFO  BSP server: Downloaded https://repo.scala-lang.org/artifactory/maven-nightlies/org/scala-sbt/util-relation_2.12/1.11.5/util-relation_2.12-1.11.5.pom.sha1
2026.01.17 05:53:16 INFO  BSP server: Downloading https://repo.scala-lang.org/artifactory/maven-nightlies/org/scala-sbt/util-control_2.12/1.11.5/util-control_2.12-1.11.5.pom.sha1
2026.01.17 05:53:16 INFO  BSP server: Downloaded https://repo.scala-lang.org/artifactory/maven-nightlies/org/scala-sbt/util-position_2.12/1.11.6/util-position_2.12-1.11.6.pom.sha1
2026.01.17 05:53:16 INFO  BSP server: Downloaded https://repo.scala-lang.org/artifactory/maven-nightlies/org/scala-sbt/compiler-interface/1.11.0/compiler-interface-1.11.0.pom.sha1
2026.01.17 05:53:16 INFO  BSP server: Downloaded https://repo.scala-lang.org/artifactory/maven-nightlies/org/scala-sbt/util-cache_2.12/1.11.6/util-cache_2.12-1.11.6.pom.sha1
2026.01.17 05:53:16 INFO  BSP server: Downloaded https://repo.scala-lang.org/artifactory/maven-nightlies/org/scala-sbt/zinc-classpath_2.12/1.11.0/zinc-classpath_2.12-1.11.0.pom.sha1
2026.01.17 05:53:16 INFO  BSP server: Downloaded https://repo.scala-lang.org/artifactory/maven-nightlies/org/scala-sbt/util-control_2.12/1.11.5/util-control_2.12-1.11.5.pom.sha1
2026.01.17 05:53:16 INFO  BSP server: Downloading https://oss.sonatype.org/content/repositories/snapshots/net/openhft/root-parent-pom/1.2.12/root-parent-pom-1.2.12.pom
2026.01.17 05:53:17 INFO  BSP server: Failed to download https://oss.sonatype.org/content/repositories/snapshots/net/openhft/root-parent-pom/1.2.12/root-parent-pom-1.2.12.pom
2026.01.17 05:53:17 INFO  BSP server: Downloading https://oss.sonatype.org/content/repositories/snapshots/net/openhft/root-parent-pom/1.2.12/root-parent-pom-1.2.12.pom.sha1
2026.01.17 05:53:17 INFO  BSP server: Failed to download https://oss.sonatype.org/content/repositories/snapshots/net/openhft/root-parent-pom/1.2.12/root-parent-pom-1.2.12.pom.sha1
2026.01.17 05:53:17 INFO  BSP server: Downloading https://s01.oss.sonatype.org/content/repositories/snapshots/net/openhft/root-parent-pom/1.2.12/root-parent-pom-1.2.12.pom
2026.01.17 05:53:17 INFO  BSP server: Failed to download https://s01.oss.sonatype.org/content/repositories/snapshots/net/openhft/root-parent-pom/1.2.12/root-parent-pom-1.2.12.pom
2026.01.17 05:53:17 INFO  BSP server: Downloading https://s01.oss.sonatype.org/content/repositories/snapshots/net/openhft/root-parent-pom/1.2.12/root-parent-pom-1.2.12.pom.sha1
2026.01.17 05:53:17 INFO  BSP server: Failed to download https://s01.oss.sonatype.org/content/repositories/snapshots/net/openhft/root-parent-pom/1.2.12/root-parent-pom-1.2.12.pom.sha1
2026.01.17 05:53:17 INFO  BSP server: Downloading https://central.sonatype.com/repository/maven-snapshots/net/openhft/root-parent-pom/1.2.12/root-parent-pom-1.2.12.pom
2026.01.17 05:53:17 INFO  BSP server: Failed to download https://central.sonatype.com/repository/maven-snapshots/net/openhft/root-parent-pom/1.2.12/root-parent-pom-1.2.12.pom
2026.01.17 05:53:17 INFO  BSP server: Downloading https://central.sonatype.com/repository/maven-snapshots/net/openhft/root-parent-pom/1.2.12/root-parent-pom-1.2.12.pom.sha1
2026.01.17 05:53:17 INFO  BSP server: Failed to download https://central.sonatype.com/repository/maven-snapshots/net/openhft/root-parent-pom/1.2.12/root-parent-pom-1.2.12.pom.sha1
2026.01.17 05:53:17 INFO  BSP server: Downloading https://oss.sonatype.org/content/repositories/snapshots/com/eed3si9n/gigahorse-core_2.12/0.9.3/gigahorse-core_2.12-0.9.3.pom
2026.01.17 05:53:17 INFO  BSP server: Downloading https://oss.sonatype.org/content/repositories/snapshots/org/typelevel/cats-macros_2.12/2.1.1/cats-macros_2.12-2.1.1.pom
2026.01.17 05:53:17 INFO  BSP server: Downloading https://oss.sonatype.org/content/repositories/snapshots/org/scala-sbt/util-interface/1.11.6/util-interface-1.11.6.pom
2026.01.17 05:53:17 INFO  BSP server: Downloading https://oss.sonatype.org/content/repositories/snapshots/com/eed3si9n/sjson-new-scalajson_2.12/0.10.1/sjson-new-scalajson_2.12-0.10.1.pom
2026.01.17 05:53:17 INFO  BSP server: Downloading https://oss.sonatype.org/content/repositories/snapshots/org/scala-sbt/compiler-bridge_2.12/1.11.0/compiler-bridge_2.12-1.11.0.pom
2026.01.17 05:53:17 INFO  BSP server: Downloading https://oss.sonatype.org/content/repositories/snapshots/com/eed3si9n/shaded-apache-httpclient5/0.9.3/shaded-apache-httpclient5-0.9.3.pom
2026.01.17 05:53:17 INFO  BSP server: Failed to download https://oss.sonatype.org/content/repositories/snapshots/com/eed3si9n/gigahorse-core_2.12/0.9.3/gigahorse-core_2.12-0.9.3.pom
2026.01.17 05:53:17 INFO  BSP server: Downloading https://oss.sonatype.org/content/repositories/snapshots/com/lmax/disruptor/3.4.2/disruptor-3.4.2.pom
2026.01.17 05:53:18 INFO  BSP server: Failed to download https://oss.sonatype.org/content/repositories/snapshots/org/scala-sbt/util-interface/1.11.6/util-interface-1.11.6.pom
2026.01.17 05:53:18 INFO  BSP server: Downloading https://oss.sonatype.org/content/repositories/snapshots/org/scala-sbt/collections_2.12/1.11.6/collections_2.12-1.11.6.pom
2026.01.17 05:53:18 INFO  BSP server: Failed to download https://oss.sonatype.org/content/repositories/snapshots/org/scala-sbt/compiler-bridge_2.12/1.11.0/compiler-bridge_2.12-1.11.0.pom
2026.01.17 05:53:18 INFO  BSP server: Failed to download https://oss.sonatype.org/content/repositories/snapshots/org/typelevel/cats-macros_2.12/2.1.1/cats-macros_2.12-2.1.1.pom
2026.01.17 05:53:18 INFO  BSP server: Downloading https://oss.sonatype.org/content/repositories/snapshots/com/eed3si9n/sjson-new-murmurhash_2.12/0.10.1/sjson-new-murmurhash_2.12-0.10.1.pom
2026.01.17 05:53:18 INFO  BSP server: Downloading https://oss.sonatype.org/content/repositories/snapshots/org/typelevel/cats-kernel_2.12/2.1.1/cats-kernel_2.12-2.1.1.pom
2026.01.17 05:53:18 INFO  BSP server: (watching) Failed to download https://oss.sonatype.org/content/repositories/snapshots/com/lmax/disruptor/3.4.2/disruptor-3.4.2.pom
2026.01.17 05:53:18 INFO  BSP server: Downloading https://oss.sonatype.org/content/repositories/snapshots/org/scala-sbt/jline/jline/2.14.7-sbt-9a88bc413e2b34a4580c001c654d1a7f4f65bf18/jline-2.14.7-sbt-9a88bc413e2b34a4580c001c654d1a7f4f65bf18.pom
2026.01.17 05:53:18 INFO  BSP server: Failed to download https://oss.sonatype.org/content/repositories/snapshots/org/typelevel/cats-kernel_2.12/2.1.1/cats-kernel_2.12-2.1.1.pom
2026.01.17 05:53:18 INFO  BSP server: Failed to download https://oss.sonatype.org/content/repositories/snapshots/org/scala-sbt/collections_2.12/1.11.6/collections_2.12-1.11.6.pom
2026.01.17 05:53:18 INFO  BSP server: Failed to download https://oss.sonatype.org/content/repositories/snapshots/com/eed3si9n/sjson-new-murmurhash_2.12/0.10.1/sjson-new-murmurhash_2.12-0.10.1.pom
2026.01.17 05:53:18 INFO  BSP server: Downloading https://oss.sonatype.org/content/repositories/snapshots/com/eed3si9n/gigahorse-core_2.12/0.9.3/gigahorse-core_2.12-0.9.3.pom.sha1
2026.01.17 05:53:18 INFO  BSP server: Downloading https://oss.sonatype.org/content/repositories/snapshots/org/scala-sbt/core-macros_2.12/1.11.6/core-macros_2.12-1.11.6.pom
2026.01.17 05:53:18 INFO  BSP server: Downloading https://oss.sonatype.org/content/repositories/snapshots/org/scala-sbt/util-interface/1.11.6/util-interface-1.11.6.pom.sha1
2026.01.17 05:53:18 INFO  BSP server: Failed to download https://oss.sonatype.org/content/repositories/snapshots/org/scala-sbt/jline/jline/2.14.7-sbt-9a88bc413e2b34a4580c001c654d1a7f4f65bf18/jline-2.14.7-sbt-9a88bc413e2b34a4580c001c654d1a7f4f65bf18.pom
2026.01.17 05:53:18 INFO  BSP server: Downloading https://oss.sonatype.org/content/repositories/snapshots/org/scala-sbt/compiler-bridge_2.12/1.11.0/compiler-bridge_2.12-1.11.0.pom.sha1
2026.01.17 05:53:18 INFO  BSP server: (watching) Failed to download https://oss.sonatype.org/content/repositories/snapshots/com/eed3si9n/sjson-new-scalajson_2.12/0.10.1/sjson-new-scalajson_2.12-0.10.1.pom
2026.01.17 05:53:18 INFO  BSP server: Downloading https://oss.sonatype.org/content/repositories/snapshots/org/typelevel/cats-macros_2.12/2.1.1/cats-macros_2.12-2.1.1.pom.sha1
2026.01.17 05:53:18 INFO  BSP server: (watching) Failed to download https://oss.sonatype.org/content/repositories/snapshots/com/eed3si9n/shaded-apache-httpclient5/0.9.3/shaded-apache-httpclient5-0.9.3.pom
2026.01.17 05:53:18 INFO  BSP server: Downloading https://oss.sonatype.org/content/repositories/snapshots/com/lmax/disruptor/3.4.2/disruptor-3.4.2.pom.sha1
2026.01.17 05:53:18 INFO  BSP server: Failed to download https://oss.sonatype.org/content/repositories/snapshots/org/scala-sbt/core-macros_2.12/1.11.6/core-macros_2.12-1.11.6.pom
2026.01.17 05:53:18 INFO  BSP server: Failed to download https://oss.sonatype.org/content/repositories/snapshots/com/eed3si9n/gigahorse-core_2.12/0.9.3/gigahorse-core_2.12-0.9.3.pom.sha1
2026.01.17 05:53:18 INFO  BSP server: Failed to download https://oss.sonatype.org/content/repositories/snapshots/org/scala-sbt/compiler-bridge_2.12/1.11.0/compiler-bridge_2.12-1.11.0.pom.sha1
2026.01.17 05:53:18 INFO  BSP server: Downloading https://oss.sonatype.org/content/repositories/snapshots/org/typelevel/cats-kernel_2.12/2.1.1/cats-kernel_2.12-2.1.1.pom.sha1
2026.01.17 05:53:18 INFO  BSP server: Downloading https://oss.sonatype.org/content/repositories/snapshots/com/eed3si9n/sjson-new-murmurhash_2.12/0.10.1/sjson-new-murmurhash_2.12-0.10.1.pom.sha1
2026.01.17 05:53:18 INFO  BSP server: Downloading https://oss.sonatype.org/content/repositories/snapshots/org/scala-sbt/collections_2.12/1.11.6/collections_2.12-1.11.6.pom.sha1
2026.01.17 05:53:18 INFO  BSP server: Failed to download https://oss.sonatype.org/content/repositories/snapshots/org/scala-sbt/util-interface/1.11.6/util-interface-1.11.6.pom.sha1
2026.01.17 05:53:18 INFO  BSP server: Downloading https://oss.sonatype.org/content/repositories/snapshots/org/scala-sbt/jline/jline/2.14.7-sbt-9a88bc413e2b34a4580c001c654d1a7f4f65bf18/jline-2.14.7-sbt-9a88bc413e2b34a4580c001c654d1a7f4f65bf18.pom.sha1
2026.01.17 05:53:18 INFO  BSP server: Failed to download https://oss.sonatype.org/content/repositories/snapshots/com/lmax/disruptor/3.4.2/disruptor-3.4.2.pom.sha1
2026.01.17 05:53:18 INFO  BSP server: Failed to download https://oss.sonatype.org/content/repositories/snapshots/org/typelevel/cats-macros_2.12/2.1.1/cats-macros_2.12-2.1.1.pom.sha1
2026.01.17 05:53:18 INFO  BSP server: Downloading https://oss.sonatype.org/content/repositories/snapshots/com/eed3si9n/sjson-new-scalajson_2.12/0.10.1/sjson-new-scalajson_2.12-0.10.1.pom.sha1
2026.01.17 05:53:18 INFO  BSP server: Downloading https://oss.sonatype.org/content/repositories/snapshots/com/eed3si9n/shaded-apache-httpclient5/0.9.3/shaded-apache-httpclient5-0.9.3.pom.sha1
2026.01.17 05:53:18 INFO  BSP server: Failed to download https://oss.sonatype.org/content/repositories/snapshots/org/typelevel/cats-kernel_2.12/2.1.1/cats-kernel_2.12-2.1.1.pom.sha1
2026.01.17 05:53:18 INFO  BSP server: Downloading https://oss.sonatype.org/content/repositories/snapshots/org/scala-sbt/core-macros_2.12/1.11.6/core-macros_2.12-1.11.6.pom.sha1
2026.01.17 05:53:18 INFO  BSP server: Failed to download https://oss.sonatype.org/content/repositories/snapshots/com/eed3si9n/sjson-new-murmurhash_2.12/0.10.1/sjson-new-murmurhash_2.12-0.10.1.pom.sha1
2026.01.17 05:53:18 INFO  BSP server: Downloading https://s01.oss.sonatype.org/content/repositories/snapshots/com/eed3si9n/gigahorse-core_2.12/0.9.3/gigahorse-core_2.12-0.9.3.pom
2026.01.17 05:53:18 INFO  BSP server: Failed to download https://oss.sonatype.org/content/repositories/snapshots/com/eed3si9n/sjson-new-scalajson_2.12/0.10.1/sjson-new-scalajson_2.12-0.10.1.pom.sha1
2026.01.17 05:53:18 INFO  BSP server: Downloading https://s01.oss.sonatype.org/content/repositories/snapshots/org/scala-sbt/compiler-bridge_2.12/1.11.0/compiler-bridge_2.12-1.11.0.pom
2026.01.17 05:53:18 INFO  BSP server: Failed to download https://oss.sonatype.org/content/repositories/snapshots/org/scala-sbt/jline/jline/2.14.7-sbt-9a88bc413e2b34a4580c001c654d1a7f4f65bf18/jline-2.14.7-sbt-9a88bc413e2b34a4580c001c654d1a7f4f65bf18.pom.sha1
2026.01.17 05:53:18 INFO  BSP server: Downloading https://s01.oss.sonatype.org/content/repositories/snapshots/org/scala-sbt/util-interface/1.11.6/util-interface-1.11.6.pom
2026.01.17 05:53:18 INFO  BSP server: Failed to download https://oss.sonatype.org/content/repositories/snapshots/org/scala-sbt/collections_2.12/1.11.6/collections_2.12-1.11.6.pom.sha1
2026.01.17 05:53:18 INFO  BSP server: Downloading https://s01.oss.sonatype.org/content/repositories/snapshots/com/lmax/disruptor/3.4.2/disruptor-3.4.2.pom
2026.01.17 05:53:18 INFO  BSP server: Failed to download https://oss.sonatype.org/content/repositories/snapshots/com/eed3si9n/shaded-apache-httpclient5/0.9.3/shaded-apache-httpclient5-0.9.3.pom.sha1
2026.01.17 05:53:18 INFO  BSP server: Downloading https://s01.oss.sonatype.org/content/repositories/snapshots/org/typelevel/cats-macros_2.12/2.1.1/cats-macros_2.12-2.1.1.pom
2026.01.17 05:53:18 INFO  BSP server: Failed to download https://oss.sonatype.org/content/repositories/snapshots/org/scala-sbt/core-macros_2.12/1.11.6/core-macros_2.12-1.11.6.pom.sha1
2026.01.17 05:53:18 INFO  BSP server: Downloading https://s01.oss.sonatype.org/content/repositories/snapshots/org/typelevel/cats-kernel_2.12/2.1.1/cats-kernel_2.12-2.1.1.pom
2026.01.17 05:53:18 INFO  BSP server: Failed to download https://s01.oss.sonatype.org/content/repositories/snapshots/com/eed3si9n/gigahorse-core_2.12/0.9.3/gigahorse-core_2.12-0.9.3.pom
2026.01.17 05:53:18 INFO  BSP server: Failed to download https://s01.oss.sonatype.org/content/repositories/snapshots/org/scala-sbt/compiler-bridge_2.12/1.11.0/compiler-bridge_2.12-1.11.0.pom
2026.01.17 05:53:18 INFO  BSP server: Failed to download https://s01.oss.sonatype.org/content/repositories/snapshots/org/scala-sbt/util-interface/1.11.6/util-interface-1.11.6.pom
2026.01.17 05:53:18 INFO  BSP server: Downloading https://s01.oss.sonatype.org/content/repositories/snapshots/com/eed3si9n/sjson-new-murmurhash_2.12/0.10.1/sjson-new-murmurhash_2.12-0.10.1.pom
2026.01.17 05:53:18 INFO  BSP server: Downloading https://s01.oss.sonatype.org/content/repositories/snapshots/com/eed3si9n/gigahorse-core_2.12/0.9.3/gigahorse-core_2.12-0.9.3.pom.sha1
2026.01.17 05:53:18 INFO  BSP server: Downloading https://s01.oss.sonatype.org/content/repositories/snapshots/org/scala-sbt/compiler-bridge_2.12/1.11.0/compiler-bridge_2.12-1.11.0.pom.sha1
2026.01.17 05:53:18 INFO  BSP server: Failed to download https://s01.oss.sonatype.org/content/repositories/snapshots/org/typelevel/cats-macros_2.12/2.1.1/cats-macros_2.12-2.1.1.pom
2026.01.17 05:53:18 INFO  BSP server: Failed to download https://s01.oss.sonatype.org/content/repositories/snapshots/com/lmax/disruptor/3.4.2/disruptor-3.4.2.pom
2026.01.17 05:53:18 INFO  BSP server: Downloading https://s01.oss.sonatype.org/content/repositories/snapshots/org/scala-sbt/util-interface/1.11.6/util-interface-1.11.6.pom.sha1
2026.01.17 05:53:18 INFO  BSP server: Downloading https://s01.oss.sonatype.org/content/repositories/snapshots/com/eed3si9n/sjson-new-scalajson_2.12/0.10.1/sjson-new-scalajson_2.12-0.10.1.pom
2026.01.17 05:53:18 INFO  BSP server: Failed to download https://s01.oss.sonatype.org/content/repositories/snapshots/org/scala-sbt/compiler-bridge_2.12/1.11.0/compiler-bridge_2.12-1.11.0.pom.sha1
2026.01.17 05:53:18 INFO  BSP server: Failed to download https://s01.oss.sonatype.org/content/repositories/snapshots/com/eed3si9n/sjson-new-scalajson_2.12/0.10.1/sjson-new-scalajson_2.12-0.10.1.pom
2026.01.17 05:53:18 INFO  BSP server: Failed to download https://s01.oss.sonatype.org/content/repositories/snapshots/com/eed3si9n/gigahorse-core_2.12/0.9.3/gigahorse-core_2.12-0.9.3.pom.sha1
2026.01.17 05:53:18 INFO  BSP server: Downloading https://s01.oss.sonatype.org/content/repositories/snapshots/org/scala-sbt/jline/jline/2.14.7-sbt-9a88bc413e2b34a4580c001c654d1a7f4f65bf18/jline-2.14.7-sbt-9a88bc413e2b34a4580c001c654d1a7f4f65bf18.pom
2026.01.17 05:53:18 INFO  BSP server: Downloading https://s01.oss.sonatype.org/content/repositories/snapshots/org/scala-sbt/collections_2.12/1.11.6/collections_2.12-1.11.6.pom
2026.01.17 05:53:18 INFO  BSP server: Failed to download https://s01.oss.sonatype.org/content/repositories/snapshots/org/scala-sbt/util-interface/1.11.6/util-interface-1.11.6.pom.sha1
2026.01.17 05:53:18 INFO  BSP server: Downloading https://s01.oss.sonatype.org/content/repositories/snapshots/com/eed3si9n/shaded-apache-httpclient5/0.9.3/shaded-apache-httpclient5-0.9.3.pom
2026.01.17 05:53:18 INFO  BSP server: Downloading https://s01.oss.sonatype.org/content/repositories/snapshots/org/scala-sbt/core-macros_2.12/1.11.6/core-macros_2.12-1.11.6.pom
2026.01.17 05:53:18 INFO  BSP server: Failed to download https://s01.oss.sonatype.org/content/repositories/snapshots/org/typelevel/cats-kernel_2.12/2.1.1/cats-kernel_2.12-2.1.1.pom
2026.01.17 05:53:18 INFO  BSP server: Downloading https://s01.oss.sonatype.org/content/repositories/snapshots/org/typelevel/cats-macros_2.12/2.1.1/cats-macros_2.12-2.1.1.pom.sha1
2026.01.17 05:53:18 INFO  BSP server: Failed to download https://s01.oss.sonatype.org/content/repositories/snapshots/com/eed3si9n/sjson-new-murmurhash_2.12/0.10.1/sjson-new-murmurhash_2.12-0.10.1.pom
2026.01.17 05:53:18 INFO  BSP server: Downloading https://s01.oss.sonatype.org/content/repositories/snapshots/com/lmax/disruptor/3.4.2/disruptor-3.4.2.pom.sha1
2026.01.17 05:53:18 INFO  BSP server: Failed to download https://s01.oss.sonatype.org/content/repositories/snapshots/com/eed3si9n/shaded-apache-httpclient5/0.9.3/shaded-apache-httpclient5-0.9.3.pom
2026.01.17 05:53:18 INFO  BSP server: Downloading https://s01.oss.sonatype.org/content/repositories/snapshots/com/eed3si9n/sjson-new-scalajson_2.12/0.10.1/sjson-new-scalajson_2.12-0.10.1.pom.sha1
2026.01.17 05:53:18 INFO  BSP server: Failed to download https://s01.oss.sonatype.org/content/repositories/snapshots/org/scala-sbt/collections_2.12/1.11.6/collections_2.12-1.11.6.pom
2026.01.17 05:53:18 INFO  BSP server: Downloading https://s01.oss.sonatype.org/content/repositories/snapshots/org/typelevel/cats-kernel_2.12/2.1.1/cats-kernel_2.12-2.1.1.pom.sha1
2026.01.17 05:53:18 INFO  BSP server: Failed to download https://s01.oss.sonatype.org/content/repositories/snapshots/org/scala-sbt/jline/jline/2.14.7-sbt-9a88bc413e2b34a4580c001c654d1a7f4f65bf18/jline-2.14.7-sbt-9a88bc413e2b34a4580c001c654d1a7f4f65bf18.pom
2026.01.17 05:53:18 INFO  BSP server: Downloading https://s01.oss.sonatype.org/content/repositories/snapshots/com/eed3si9n/sjson-new-murmurhash_2.12/0.10.1/sjson-new-murmurhash_2.12-0.10.1.pom.sha1
2026.01.17 05:53:18 INFO  BSP server: Failed to download https://s01.oss.sonatype.org/content/repositories/snapshots/org/scala-sbt/core-macros_2.12/1.11.6/core-macros_2.12-1.11.6.pom
2026.01.17 05:53:18 INFO  BSP server: Downloading https://s01.oss.sonatype.org/content/repositories/snapshots/com/eed3si9n/shaded-apache-httpclient5/0.9.3/shaded-apache-httpclient5-0.9.3.pom.sha1
2026.01.17 05:53:19 INFO  BSP server: Failed to download https://s01.oss.sonatype.org/content/repositories/snapshots/org/typelevel/cats-macros_2.12/2.1.1/cats-macros_2.12-2.1.1.pom.sha1
2026.01.17 05:53:19 INFO  BSP server: Downloading https://s01.oss.sonatype.org/content/repositories/snapshots/org/scala-sbt/collections_2.12/1.11.6/collections_2.12-1.11.6.pom.sha1
2026.01.17 05:53:19 INFO  BSP server: Failed to download https://s01.oss.sonatype.org/content/repositories/snapshots/com/eed3si9n/sjson-new-scalajson_2.12/0.10.1/sjson-new-scalajson_2.12-0.10.1.pom.sha1
2026.01.17 05:53:19 INFO  BSP server: Downloading https://s01.oss.sonatype.org/content/repositories/snapshots/org/scala-sbt/jline/jline/2.14.7-sbt-9a88bc413e2b34a4580c001c654d1a7f4f65bf18/jline-2.14.7-sbt-9a88bc413e2b34a4580c001c654d1a7f4f65bf18.pom.sha1
2026.01.17 05:53:19 INFO  BSP server: Failed to download https://s01.oss.sonatype.org/content/repositories/snapshots/com/eed3si9n/shaded-apache-httpclient5/0.9.3/shaded-apache-httpclient5-0.9.3.pom.sha1
2026.01.17 05:53:19 INFO  BSP server: Failed to download https://s01.oss.sonatype.org/content/repositories/snapshots/com/eed3si9n/sjson-new-murmurhash_2.12/0.10.1/sjson-new-murmurhash_2.12-0.10.1.pom.sha1
2026.01.17 05:53:19 INFO  BSP server: Downloading https://s01.oss.sonatype.org/content/repositories/snapshots/org/scala-sbt/core-macros_2.12/1.11.6/core-macros_2.12-1.11.6.pom.sha1
2026.01.17 05:53:19 INFO  BSP server: Failed to download https://s01.oss.sonatype.org/content/repositories/snapshots/org/typelevel/cats-kernel_2.12/2.1.1/cats-kernel_2.12-2.1.1.pom.sha1
2026.01.17 05:53:19 INFO  BSP server: Downloading https://central.sonatype.com/repository/maven-snapshots/com/eed3si9n/gigahorse-core_2.12/0.9.3/gigahorse-core_2.12-0.9.3.pom
2026.01.17 05:53:19 INFO  BSP server: Downloading https://central.sonatype.com/repository/maven-snapshots/org/scala-sbt/compiler-bridge_2.12/1.11.0/compiler-bridge_2.12-1.11.0.pom
2026.01.17 05:53:19 INFO  BSP server: Failed to download https://s01.oss.sonatype.org/content/repositories/snapshots/com/lmax/disruptor/3.4.2/disruptor-3.4.2.pom.sha1
2026.01.17 05:53:19 INFO  BSP server: Downloading https://central.sonatype.com/repository/maven-snapshots/org/scala-sbt/util-interface/1.11.6/util-interface-1.11.6.pom
2026.01.17 05:53:19 INFO  BSP server: Failed to download https://s01.oss.sonatype.org/content/repositories/snapshots/org/scala-sbt/collections_2.12/1.11.6/collections_2.12-1.11.6.pom.sha1
2026.01.17 05:53:19 INFO  BSP server: Downloading https://central.sonatype.com/repository/maven-snapshots/org/typelevel/cats-macros_2.12/2.1.1/cats-macros_2.12-2.1.1.pom
2026.01.17 05:53:19 INFO  BSP server: Failed to download https://s01.oss.sonatype.org/content/repositories/snapshots/org/scala-sbt/jline/jline/2.14.7-sbt-9a88bc413e2b34a4580c001c654d1a7f4f65bf18/jline-2.14.7-sbt-9a88bc413e2b34a4580c001c654d1a7f4f65bf18.pom.sha1
2026.01.17 05:53:19 INFO  BSP server: Downloading https://central.sonatype.com/repository/maven-snapshots/com/eed3si9n/sjson-new-scalajson_2.12/0.10.1/sjson-new-scalajson_2.12-0.10.1.pom
2026.01.17 05:53:19 INFO  BSP server: Failed to download https://central.sonatype.com/repository/maven-snapshots/org/scala-sbt/compiler-bridge_2.12/1.11.0/compiler-bridge_2.12-1.11.0.pom
2026.01.17 05:53:19 INFO  BSP server: Downloading https://central.sonatype.com/repository/maven-snapshots/com/eed3si9n/shaded-apache-httpclient5/0.9.3/shaded-apache-httpclient5-0.9.3.pom
2026.01.17 05:53:19 INFO  BSP server: Failed to download https://s01.oss.sonatype.org/content/repositories/snapshots/org/scala-sbt/core-macros_2.12/1.11.6/core-macros_2.12-1.11.6.pom.sha1
2026.01.17 05:53:19 INFO  BSP server: Downloading https://central.sonatype.com/repository/maven-snapshots/com/eed3si9n/sjson-new-murmurhash_2.12/0.10.1/sjson-new-murmurhash_2.12-0.10.1.pom
2026.01.17 05:53:19 INFO  BSP server: Failed to download https://central.sonatype.com/repository/maven-snapshots/org/scala-sbt/util-interface/1.11.6/util-interface-1.11.6.pom
2026.01.17 05:53:19 INFO  BSP server: Downloading https://central.sonatype.com/repository/maven-snapshots/org/typelevel/cats-kernel_2.12/2.1.1/cats-kernel_2.12-2.1.1.pom
2026.01.17 05:53:19 INFO  BSP server: Failed to download https://central.sonatype.com/repository/maven-snapshots/org/typelevel/cats-macros_2.12/2.1.1/cats-macros_2.12-2.1.1.pom
2026.01.17 05:53:19 INFO  BSP server: Failed to download https://central.sonatype.com/repository/maven-snapshots/com/eed3si9n/gigahorse-core_2.12/0.9.3/gigahorse-core_2.12-0.9.3.pom
2026.01.17 05:53:19 INFO  BSP server: Downloading https://central.sonatype.com/repository/maven-snapshots/com/lmax/disruptor/3.4.2/disruptor-3.4.2.pom
2026.01.17 05:53:19 INFO  BSP server: Downloading https://central.sonatype.com/repository/maven-snapshots/org/scala-sbt/compiler-bridge_2.12/1.11.0/compiler-bridge_2.12-1.11.0.pom.sha1
2026.01.17 05:53:19 INFO  BSP server: Failed to download https://central.sonatype.com/repository/maven-snapshots/com/eed3si9n/sjson-new-scalajson_2.12/0.10.1/sjson-new-scalajson_2.12-0.10.1.pom
2026.01.17 05:53:19 INFO  BSP server: Downloading https://central.sonatype.com/repository/maven-snapshots/org/scala-sbt/collections_2.12/1.11.6/collections_2.12-1.11.6.pom
2026.01.17 05:53:19 INFO  BSP server: Failed to download https://central.sonatype.com/repository/maven-snapshots/com/eed3si9n/shaded-apache-httpclient5/0.9.3/shaded-apache-httpclient5-0.9.3.pom
2026.01.17 05:53:19 INFO  BSP server: Downloading https://central.sonatype.com/repository/maven-snapshots/org/scala-sbt/util-interface/1.11.6/util-interface-1.11.6.pom.sha1
2026.01.17 05:53:19 INFO  BSP server: Failed to download https://central.sonatype.com/repository/maven-snapshots/com/lmax/disruptor/3.4.2/disruptor-3.4.2.pom
2026.01.17 05:53:19 INFO  BSP server: Downloading https://central.sonatype.com/repository/maven-snapshots/org/typelevel/cats-macros_2.12/2.1.1/cats-macros_2.12-2.1.1.pom.sha1
2026.01.17 05:53:19 INFO  BSP server: Failed to download https://central.sonatype.com/repository/maven-snapshots/com/eed3si9n/sjson-new-murmurhash_2.12/0.10.1/sjson-new-murmurhash_2.12-0.10.1.pom
2026.01.17 05:53:19 INFO  BSP server: Downloading https://central.sonatype.com/repository/maven-snapshots/com/eed3si9n/gigahorse-core_2.12/0.9.3/gigahorse-core_2.12-0.9.3.pom.sha1
2026.01.17 05:53:19 INFO  BSP server: Failed to download https://central.sonatype.com/repository/maven-snapshots/org/scala-sbt/compiler-bridge_2.12/1.11.0/compiler-bridge_2.12-1.11.0.pom.sha1
2026.01.17 05:53:19 INFO  BSP server: Failed to download https://central.sonatype.com/repository/maven-snapshots/org/typelevel/cats-kernel_2.12/2.1.1/cats-kernel_2.12-2.1.1.pom
2026.01.17 05:53:19 INFO  BSP server: Downloading https://central.sonatype.com/repository/maven-snapshots/com/eed3si9n/sjson-new-scalajson_2.12/0.10.1/sjson-new-scalajson_2.12-0.10.1.pom.sha1
2026.01.17 05:53:19 INFO  BSP server: Downloading https://central.sonatype.com/repository/maven-snapshots/org/scala-sbt/jline/jline/2.14.7-sbt-9a88bc413e2b34a4580c001c654d1a7f4f65bf18/jline-2.14.7-sbt-9a88bc413e2b34a4580c001c654d1a7f4f65bf18.pom
2026.01.17 05:53:19 INFO  BSP server: Failed to download https://central.sonatype.com/repository/maven-snapshots/org/scala-sbt/collections_2.12/1.11.6/collections_2.12-1.11.6.pom
2026.01.17 05:53:19 INFO  BSP server: Downloading https://central.sonatype.com/repository/maven-snapshots/com/eed3si9n/shaded-apache-httpclient5/0.9.3/shaded-apache-httpclient5-0.9.3.pom.sha1
2026.01.17 05:53:19 INFO  BSP server: Failed to download https://central.sonatype.com/repository/maven-snapshots/org/scala-sbt/util-interface/1.11.6/util-interface-1.11.6.pom.sha1
2026.01.17 05:53:19 INFO  BSP server: Downloading https://central.sonatype.com/repository/maven-snapshots/com/eed3si9n/sjson-new-murmurhash_2.12/0.10.1/sjson-new-murmurhash_2.12-0.10.1.pom.sha1
2026.01.17 05:53:19 INFO  BSP server: Failed to download https://central.sonatype.com/repository/maven-snapshots/org/scala-sbt/jline/jline/2.14.7-sbt-9a88bc413e2b34a4580c001c654d1a7f4f65bf18/jline-2.14.7-sbt-9a88bc413e2b34a4580c001c654d1a7f4f65bf18.pom
2026.01.17 05:53:19 INFO  BSP server: Downloading https://central.sonatype.com/repository/maven-snapshots/com/lmax/disruptor/3.4.2/disruptor-3.4.2.pom.sha1
2026.01.17 05:53:19 INFO  BSP server: Failed to download https://central.sonatype.com/repository/maven-snapshots/com/eed3si9n/sjson-new-scalajson_2.12/0.10.1/sjson-new-scalajson_2.12-0.10.1.pom.sha1
2026.01.17 05:53:19 INFO  BSP server: Downloading https://central.sonatype.com/repository/maven-snapshots/org/typelevel/cats-kernel_2.12/2.1.1/cats-kernel_2.12-2.1.1.pom.sha1
2026.01.17 05:53:19 INFO  BSP server: Failed to download https://central.sonatype.com/repository/maven-snapshots/com/eed3si9n/gigahorse-core_2.12/0.9.3/gigahorse-core_2.12-0.9.3.pom.sha1
2026.01.17 05:53:19 INFO  BSP server: Downloading https://central.sonatype.com/repository/maven-snapshots/org/scala-sbt/core-macros_2.12/1.11.6/core-macros_2.12-1.11.6.pom
2026.01.17 05:53:19 INFO  BSP server: Failed to download https://central.sonatype.com/repository/maven-snapshots/org/typelevel/cats-macros_2.12/2.1.1/cats-macros_2.12-2.1.1.pom.sha1
2026.01.17 05:53:19 INFO  BSP server: Downloading https://central.sonatype.com/repository/maven-snapshots/org/scala-sbt/collections_2.12/1.11.6/collections_2.12-1.11.6.pom.sha1
2026.01.17 05:53:19 INFO  BSP server: Failed to download https://central.sonatype.com/repository/maven-snapshots/com/eed3si9n/shaded-apache-httpclient5/0.9.3/shaded-apache-httpclient5-0.9.3.pom.sha1
2026.01.17 05:53:19 INFO  BSP server: Downloading https://central.sonatype.com/repository/maven-snapshots/org/scala-sbt/jline/jline/2.14.7-sbt-9a88bc413e2b34a4580c001c654d1a7f4f65bf18/jline-2.14.7-sbt-9a88bc413e2b34a4580c001c654d1a7f4f65bf18.pom.sha1
2026.01.17 05:53:19 INFO  BSP server: Failed to download https://central.sonatype.com/repository/maven-snapshots/com/eed3si9n/sjson-new-murmurhash_2.12/0.10.1/sjson-new-murmurhash_2.12-0.10.1.pom.sha1
2026.01.17 05:53:19 INFO  BSP server: Downloading https://repo.scala-lang.org/artifactory/maven-nightlies/org/scala-sbt/compiler-bridge_2.12/1.11.0/compiler-bridge_2.12-1.11.0.pom
2026.01.17 05:53:20 INFO  BSP server: Failed to download https://central.sonatype.com/repository/maven-snapshots/com/lmax/disruptor/3.4.2/disruptor-3.4.2.pom.sha1
2026.01.17 05:53:20 INFO  BSP server: Failed to download https://central.sonatype.com/repository/maven-snapshots/org/scala-sbt/collections_2.12/1.11.6/collections_2.12-1.11.6.pom.sha1
2026.01.17 05:53:20 INFO  BSP server: Downloading https://repo.scala-lang.org/artifactory/maven-nightlies/com/eed3si9n/sjson-new-scalajson_2.12/0.10.1/sjson-new-scalajson_2.12-0.10.1.pom
2026.01.17 05:53:20 INFO  BSP server: Downloading https://repo.scala-lang.org/artifactory/maven-nightlies/org/scala-sbt/util-interface/1.11.6/util-interface-1.11.6.pom
2026.01.17 05:53:20 INFO  BSP server: Failed to download https://central.sonatype.com/repository/maven-snapshots/org/typelevel/cats-kernel_2.12/2.1.1/cats-kernel_2.12-2.1.1.pom.sha1
2026.01.17 05:53:20 INFO  BSP server: Downloading https://repo.scala-lang.org/artifactory/maven-nightlies/org/typelevel/cats-macros_2.12/2.1.1/cats-macros_2.12-2.1.1.pom
2026.01.17 05:53:20 INFO  BSP server: Failed to download https://central.sonatype.com/repository/maven-snapshots/org/scala-sbt/core-macros_2.12/1.11.6/core-macros_2.12-1.11.6.pom
2026.01.17 05:53:20 INFO  BSP server: Downloading https://repo.scala-lang.org/artifactory/maven-nightlies/com/eed3si9n/shaded-apache-httpclient5/0.9.3/shaded-apache-httpclient5-0.9.3.pom
2026.01.17 05:53:20 INFO  BSP server: Failed to download https://central.sonatype.com/repository/maven-snapshots/org/scala-sbt/jline/jline/2.14.7-sbt-9a88bc413e2b34a4580c001c654d1a7f4f65bf18/jline-2.14.7-sbt-9a88bc413e2b34a4580c001c654d1a7f4f65bf18.pom.sha1
2026.01.17 05:53:20 INFO  BSP server: Downloading https://repo.scala-lang.org/artifactory/maven-nightlies/com/eed3si9n/sjson-new-murmurhash_2.12/0.10.1/sjson-new-murmurhash_2.12-0.10.1.pom
2026.01.17 05:53:20 INFO  BSP server: Downloaded https://repo.scala-lang.org/artifactory/maven-nightlies/org/scala-sbt/compiler-bridge_2.12/1.11.0/compiler-bridge_2.12-1.11.0.pom
2026.01.17 05:53:20 INFO  BSP server: Downloading https://repo.scala-lang.org/artifactory/maven-nightlies/com/eed3si9n/gigahorse-core_2.12/0.9.3/gigahorse-core_2.12-0.9.3.pom.sha1
2026.01.17 05:53:20 INFO  BSP server: Downloaded https://repo.scala-lang.org/artifactory/maven-nightlies/com/eed3si9n/sjson-new-scalajson_2.12/0.10.1/sjson-new-scalajson_2.12-0.10.1.pom
2026.01.17 05:53:20 INFO  BSP server: Downloading https://central.sonatype.com/repository/maven-snapshots/org/scala-sbt/core-macros_2.12/1.11.6/core-macros_2.12-1.11.6.pom.sha1
2026.01.17 05:53:20 INFO  BSP server: Downloaded https://repo.scala-lang.org/artifactory/maven-nightlies/org/scala-sbt/util-interface/1.11.6/util-interface-1.11.6.pom
2026.01.17 05:53:20 INFO  BSP server: Downloading https://repo.scala-lang.org/artifactory/maven-nightlies/com/lmax/disruptor/3.4.2/disruptor-3.4.2.pom
2026.01.17 05:53:20 INFO  BSP server: Downloaded https://repo.scala-lang.org/artifactory/maven-nightlies/com/eed3si9n/shaded-apache-httpclient5/0.9.3/shaded-apache-httpclient5-0.9.3.pom
2026.01.17 05:53:20 INFO  BSP server: Downloading https://repo.scala-lang.org/artifactory/maven-nightlies/org/scala-sbt/collections_2.12/1.11.6/collections_2.12-1.11.6.pom
2026.01.17 05:53:20 INFO  BSP server: Failed to download https://central.sonatype.com/repository/maven-snapshots/org/scala-sbt/core-macros_2.12/1.11.6/core-macros_2.12-1.11.6.pom.sha1
2026.01.17 05:53:20 INFO  BSP server: Downloading https://repo.scala-lang.org/artifactory/maven-nightlies/org/scala-sbt/compiler-bridge_2.12/1.11.0/compiler-bridge_2.12-1.11.0.pom.sha1
2026.01.17 05:53:20 INFO  BSP server: (watching) Downloaded https://repo.scala-lang.org/artifactory/maven-nightlies/com/eed3si9n/gigahorse-core_2.12/0.9.3/gigahorse-core_2.12-0.9.3.pom.sha1
2026.01.17 05:53:20 INFO  BSP server: Downloading https://repo.scala-lang.org/artifactory/maven-nightlies/com/eed3si9n/sjson-new-scalajson_2.12/0.10.1/sjson-new-scalajson_2.12-0.10.1.pom.sha1
2026.01.17 05:53:20 INFO  BSP server: Downloaded https://repo.scala-lang.org/artifactory/maven-nightlies/org/typelevel/cats-macros_2.12/2.1.1/cats-macros_2.12-2.1.1.pom
2026.01.17 05:53:20 INFO  BSP server: Downloading https://repo.scala-lang.org/artifactory/maven-nightlies/org/scala-sbt/util-interface/1.11.6/util-interface-1.11.6.pom.sha1
2026.01.17 05:53:20 INFO  BSP server: Downloaded https://repo.scala-lang.org/artifactory/maven-nightlies/com/lmax/disruptor/3.4.2/disruptor-3.4.2.pom
2026.01.17 05:53:20 INFO  BSP server: Downloading https://repo.scala-lang.org/artifactory/maven-nightlies/org/typelevel/cats-kernel_2.12/2.1.1/cats-kernel_2.12-2.1.1.pom
2026.01.17 05:53:20 INFO  BSP server: Downloaded https://repo.scala-lang.org/artifactory/maven-nightlies/org/scala-sbt/collections_2.12/1.11.6/collections_2.12-1.11.6.pom
2026.01.17 05:53:20 INFO  BSP server: Downloading https://repo.scala-lang.org/artifactory/maven-nightlies/com/eed3si9n/shaded-apache-httpclient5/0.9.3/shaded-apache-httpclient5-0.9.3.pom.sha1
2026.01.17 05:53:20 INFO  BSP server: Downloaded https://repo.scala-lang.org/artifactory/maven-nightlies/com/eed3si9n/sjson-new-murmurhash_2.12/0.10.1/sjson-new-murmurhash_2.12-0.10.1.pom
2026.01.17 05:53:20 INFO  BSP server: Downloading https://repo.scala-lang.org/artifactory/maven-nightlies/org/scala-sbt/jline/jline/2.14.7-sbt-9a88bc413e2b34a4580c001c654d1a7f4f65bf18/jline-2.14.7-sbt-9a88bc413e2b34a4580c001c654d1a7f4f65bf18.pom
2026.01.17 05:53:20 INFO  BSP server: Downloaded https://repo.scala-lang.org/artifactory/maven-nightlies/org/scala-sbt/compiler-bridge_2.12/1.11.0/compiler-bridge_2.12-1.11.0.pom.sha1
2026.01.17 05:53:20 INFO  BSP server: Downloading https://repo.scala-lang.org/artifactory/maven-nightlies/org/typelevel/cats-macros_2.12/2.1.1/cats-macros_2.12-2.1.1.pom.sha1
2026.01.17 05:53:20 INFO  BSP server: (watching) Downloaded https://repo.scala-lang.org/artifactory/maven-nightlies/com/eed3si9n/sjson-new-scalajson_2.12/0.10.1/sjson-new-scalajson_2.12-0.10.1.pom.sha1
2026.01.17 05:53:20 INFO  BSP server: Downloading https://repo.scala-lang.org/artifactory/maven-nightlies/org/scala-sbt/core-macros_2.12/1.11.6/core-macros_2.12-1.11.6.pom
2026.01.17 05:53:20 INFO  BSP server: Downloaded https://repo.scala-lang.org/artifactory/maven-nightlies/org/typelevel/cats-kernel_2.12/2.1.1/cats-kernel_2.12-2.1.1.pom
2026.01.17 05:53:20 INFO  BSP server: Downloading https://repo.scala-lang.org/artifactory/maven-nightlies/com/lmax/disruptor/3.4.2/disruptor-3.4.2.pom.sha1
2026.01.17 05:53:20 INFO  BSP server: Downloaded https://repo.scala-lang.org/artifactory/maven-nightlies/org/scala-sbt/util-interface/1.11.6/util-interface-1.11.6.pom.sha1
2026.01.17 05:53:20 INFO  BSP server: Downloading https://repo.scala-lang.org/artifactory/maven-nightlies/org/scala-sbt/collections_2.12/1.11.6/collections_2.12-1.11.6.pom.sha1
2026.01.17 05:53:20 INFO  BSP server: (watching) Downloaded https://repo.scala-lang.org/artifactory/maven-nightlies/com/eed3si9n/shaded-apache-httpclient5/0.9.3/shaded-apache-httpclient5-0.9.3.pom.sha1
2026.01.17 05:53:20 INFO  BSP server: Downloading https://repo.scala-lang.org/artifactory/maven-nightlies/com/eed3si9n/sjson-new-murmurhash_2.12/0.10.1/sjson-new-murmurhash_2.12-0.10.1.pom.sha1
2026.01.17 05:53:20 INFO  BSP server: Downloaded https://repo.scala-lang.org/artifactory/maven-nightlies/org/scala-sbt/jline/jline/2.14.7-sbt-9a88bc413e2b34a4580c001c654d1a7f4f65bf18/jline-2.14.7-sbt-9a88bc413e2b34a4580c001c654d1a7f4f65bf18.pom
2026.01.17 05:53:20 INFO  BSP server: Downloading https://repo.scala-lang.org/artifactory/maven-nightlies/org/typelevel/cats-kernel_2.12/2.1.1/cats-kernel_2.12-2.1.1.pom.sha1
2026.01.17 05:53:21 INFO  BSP server: (watching) Downloaded https://repo.scala-lang.org/artifactory/maven-nightlies/org/typelevel/cats-macros_2.12/2.1.1/cats-macros_2.12-2.1.1.pom.sha1
2026.01.17 05:53:21 INFO  BSP server: Downloading https://repo.scala-lang.org/artifactory/maven-nightlies/org/scala-sbt/jline/jline/2.14.7-sbt-9a88bc413e2b34a4580c001c654d1a7f4f65bf18/jline-2.14.7-sbt-9a88bc413e2b34a4580c001c654d1a7f4f65bf18.pom.sha1
2026.01.17 05:53:21 INFO  BSP server: Downloaded https://repo.scala-lang.org/artifactory/maven-nightlies/org/scala-sbt/core-macros_2.12/1.11.6/core-macros_2.12-1.11.6.pom
2026.01.17 05:53:21 INFO  BSP server: Downloading https://repo.scala-lang.org/artifactory/maven-nightlies/org/scala-sbt/core-macros_2.12/1.11.6/core-macros_2.12-1.11.6.pom.sha1
2026.01.17 05:53:21 INFO  BSP server: (watching) Downloaded https://repo.scala-lang.org/artifactory/maven-nightlies/com/lmax/disruptor/3.4.2/disruptor-3.4.2.pom.sha1
2026.01.17 05:53:21 INFO  BSP server: Downloaded https://repo.scala-lang.org/artifactory/maven-nightlies/org/scala-sbt/collections_2.12/1.11.6/collections_2.12-1.11.6.pom.sha1
2026.01.17 05:53:21 INFO  BSP server: (watching) Downloaded https://repo.scala-lang.org/artifactory/maven-nightlies/com/eed3si9n/sjson-new-murmurhash_2.12/0.10.1/sjson-new-murmurhash_2.12-0.10.1.pom.sha1
2026.01.17 05:53:21 INFO  BSP server: (watching) Downloaded https://repo.scala-lang.org/artifactory/maven-nightlies/org/typelevel/cats-kernel_2.12/2.1.1/cats-kernel_2.12-2.1.1.pom.sha1
2026.01.17 05:53:21 INFO  BSP server: (watching) Downloaded https://repo.scala-lang.org/artifactory/maven-nightlies/org/scala-sbt/jline/jline/2.14.7-sbt-9a88bc413e2b34a4580c001c654d1a7f4f65bf18/jline-2.14.7-sbt-9a88bc413e2b34a4580c001c654d1a7f4f65bf18.pom.sha1
2026.01.17 05:53:21 INFO  BSP server: Downloaded https://repo.scala-lang.org/artifactory/maven-nightlies/org/scala-sbt/core-macros_2.12/1.11.6/core-macros_2.12-1.11.6.pom.sha1
2026.01.17 05:53:21 INFO  BSP server: Downloading https://oss.sonatype.org/content/repositories/snapshots/com/eed3si9n/shaded-scalajson_2.12/1.0.0-M4/shaded-scalajson_2.12-1.0.0-M4.pom
2026.01.17 05:53:21 INFO  BSP server: Downloading https://oss.sonatype.org/content/repositories/snapshots/com/typesafe/ssl-config-core_2.12/0.6.1/ssl-config-core_2.12-0.6.1.pom
2026.01.17 05:53:21 INFO  BSP server: Downloading https://oss.sonatype.org/content/repositories/snapshots/com/eed3si9n/shaded-jawn-parser_2.12/1.3.2/shaded-jawn-parser_2.12-1.3.2.pom
2026.01.17 05:53:21 INFO  BSP server: (watching) Failed to download https://oss.sonatype.org/content/repositories/snapshots/com/eed3si9n/shaded-jawn-parser_2.12/1.3.2/shaded-jawn-parser_2.12-1.3.2.pom
2026.01.17 05:53:21 INFO  BSP server: Downloading https://oss.sonatype.org/content/repositories/snapshots/com/eed3si9n/shaded-jawn-parser_2.12/1.3.2/shaded-jawn-parser_2.12-1.3.2.pom.sha1
2026.01.17 05:53:21 INFO  BSP server: (watching) Failed to download https://oss.sonatype.org/content/repositories/snapshots/com/typesafe/ssl-config-core_2.12/0.6.1/ssl-config-core_2.12-0.6.1.pom
2026.01.17 05:53:21 INFO  BSP server: Downloading https://oss.sonatype.org/content/repositories/snapshots/com/typesafe/ssl-config-core_2.12/0.6.1/ssl-config-core_2.12-0.6.1.pom.sha1
2026.01.17 05:53:21 INFO  BSP server: (watching) Failed to download https://oss.sonatype.org/content/repositories/snapshots/com/eed3si9n/shaded-scalajson_2.12/1.0.0-M4/shaded-scalajson_2.12-1.0.0-M4.pom
2026.01.17 05:53:21 INFO  BSP server: Downloading https://oss.sonatype.org/content/repositories/snapshots/com/eed3si9n/shaded-scalajson_2.12/1.0.0-M4/shaded-scalajson_2.12-1.0.0-M4.pom.sha1
2026.01.17 05:53:21 INFO  BSP server: Failed to download https://oss.sonatype.org/content/repositories/snapshots/com/eed3si9n/shaded-jawn-parser_2.12/1.3.2/shaded-jawn-parser_2.12-1.3.2.pom.sha1
2026.01.17 05:53:21 INFO  BSP server: Downloading https://s01.oss.sonatype.org/content/repositories/snapshots/com/eed3si9n/shaded-jawn-parser_2.12/1.3.2/shaded-jawn-parser_2.12-1.3.2.pom
2026.01.17 05:53:21 INFO  BSP server: Failed to download https://oss.sonatype.org/content/repositories/snapshots/com/typesafe/ssl-config-core_2.12/0.6.1/ssl-config-core_2.12-0.6.1.pom.sha1
2026.01.17 05:53:21 INFO  BSP server: Failed to download https://oss.sonatype.org/content/repositories/snapshots/com/eed3si9n/shaded-scalajson_2.12/1.0.0-M4/shaded-scalajson_2.12-1.0.0-M4.pom.sha1
2026.01.17 05:53:21 INFO  BSP server: Downloading https://s01.oss.sonatype.org/content/repositories/snapshots/com/typesafe/ssl-config-core_2.12/0.6.1/ssl-config-core_2.12-0.6.1.pom
2026.01.17 05:53:21 INFO  BSP server: Downloading https://s01.oss.sonatype.org/content/repositories/snapshots/com/eed3si9n/shaded-scalajson_2.12/1.0.0-M4/shaded-scalajson_2.12-1.0.0-M4.pom
2026.01.17 05:53:21 INFO  BSP server: Failed to download https://s01.oss.sonatype.org/content/repositories/snapshots/com/eed3si9n/shaded-jawn-parser_2.12/1.3.2/shaded-jawn-parser_2.12-1.3.2.pom
2026.01.17 05:53:21 INFO  BSP server: Failed to download https://s01.oss.sonatype.org/content/repositories/snapshots/com/eed3si9n/shaded-scalajson_2.12/1.0.0-M4/shaded-scalajson_2.12-1.0.0-M4.pom
2026.01.17 05:53:21 INFO  BSP server: Failed to download https://s01.oss.sonatype.org/content/repositories/snapshots/com/typesafe/ssl-config-core_2.12/0.6.1/ssl-config-core_2.12-0.6.1.pom
2026.01.17 05:53:21 INFO  BSP server: Downloading https://s01.oss.sonatype.org/content/repositories/snapshots/com/eed3si9n/shaded-jawn-parser_2.12/1.3.2/shaded-jawn-parser_2.12-1.3.2.pom.sha1
2026.01.17 05:53:21 INFO  BSP server: Downloading https://s01.oss.sonatype.org/content/repositories/snapshots/com/eed3si9n/shaded-scalajson_2.12/1.0.0-M4/shaded-scalajson_2.12-1.0.0-M4.pom.sha1
2026.01.17 05:53:21 INFO  BSP server: Downloading https://s01.oss.sonatype.org/content/repositories/snapshots/com/typesafe/ssl-config-core_2.12/0.6.1/ssl-config-core_2.12-0.6.1.pom.sha1
2026.01.17 05:53:22 INFO  BSP server: Failed to download https://s01.oss.sonatype.org/content/repositories/snapshots/com/typesafe/ssl-config-core_2.12/0.6.1/ssl-config-core_2.12-0.6.1.pom.sha1
2026.01.17 05:53:22 INFO  BSP server: Failed to download https://s01.oss.sonatype.org/content/repositories/snapshots/com/eed3si9n/shaded-scalajson_2.12/1.0.0-M4/shaded-scalajson_2.12-1.0.0-M4.pom.sha1
2026.01.17 05:53:22 INFO  BSP server: Failed to download https://s01.oss.sonatype.org/content/repositories/snapshots/com/eed3si9n/shaded-jawn-parser_2.12/1.3.2/shaded-jawn-parser_2.12-1.3.2.pom.sha1
2026.01.17 05:53:22 INFO  BSP server: Downloading https://central.sonatype.com/repository/maven-snapshots/com/eed3si9n/shaded-scalajson_2.12/1.0.0-M4/shaded-scalajson_2.12-1.0.0-M4.pom
2026.01.17 05:53:22 INFO  BSP server: Downloading https://central.sonatype.com/repository/maven-snapshots/com/typesafe/ssl-config-core_2.12/0.6.1/ssl-config-core_2.12-0.6.1.pom
2026.01.17 05:53:22 INFO  BSP server: Downloading https://central.sonatype.com/repository/maven-snapshots/com/eed3si9n/shaded-jawn-parser_2.12/1.3.2/shaded-jawn-parser_2.12-1.3.2.pom
2026.01.17 05:53:22 INFO  BSP server: Failed to download https://central.sonatype.com/repository/maven-snapshots/com/eed3si9n/shaded-jawn-parser_2.12/1.3.2/shaded-jawn-parser_2.12-1.3.2.pom
2026.01.17 05:53:22 INFO  BSP server: Failed to download https://central.sonatype.com/repository/maven-snapshots/com/eed3si9n/shaded-scalajson_2.12/1.0.0-M4/shaded-scalajson_2.12-1.0.0-M4.pom
2026.01.17 05:53:22 INFO  BSP server: Downloading https://central.sonatype.com/repository/maven-snapshots/com/eed3si9n/shaded-jawn-parser_2.12/1.3.2/shaded-jawn-parser_2.12-1.3.2.pom.sha1
2026.01.17 05:53:22 INFO  BSP server: Failed to download https://central.sonatype.com/repository/maven-snapshots/com/typesafe/ssl-config-core_2.12/0.6.1/ssl-config-core_2.12-0.6.1.pom
2026.01.17 05:53:22 INFO  BSP server: Downloading https://central.sonatype.com/repository/maven-snapshots/com/typesafe/ssl-config-core_2.12/0.6.1/ssl-config-core_2.12-0.6.1.pom.sha1
2026.01.17 05:53:22 INFO  BSP server: Downloading https://central.sonatype.com/repository/maven-snapshots/com/eed3si9n/shaded-scalajson_2.12/1.0.0-M4/shaded-scalajson_2.12-1.0.0-M4.pom.sha1
2026.01.17 05:53:22 INFO  BSP server: Failed to download https://central.sonatype.com/repository/maven-snapshots/com/eed3si9n/shaded-scalajson_2.12/1.0.0-M4/shaded-scalajson_2.12-1.0.0-M4.pom.sha1
2026.01.17 05:53:22 INFO  BSP server: Failed to download https://central.sonatype.com/repository/maven-snapshots/com/eed3si9n/shaded-jawn-parser_2.12/1.3.2/shaded-jawn-parser_2.12-1.3.2.pom.sha1
2026.01.17 05:53:22 INFO  BSP server: Failed to download https://central.sonatype.com/repository/maven-snapshots/com/typesafe/ssl-config-core_2.12/0.6.1/ssl-config-core_2.12-0.6.1.pom.sha1
2026.01.17 05:53:22 INFO  BSP server: Downloading https://repo.scala-lang.org/artifactory/maven-nightlies/com/eed3si9n/shaded-jawn-parser_2.12/1.3.2/shaded-jawn-parser_2.12-1.3.2.pom.sha1
2026.01.17 05:53:22 INFO  BSP server: Downloading https://repo.scala-lang.org/artifactory/maven-nightlies/com/eed3si9n/shaded-scalajson_2.12/1.0.0-M4/shaded-scalajson_2.12-1.0.0-M4.pom.sha1
2026.01.17 05:53:22 INFO  BSP server: Downloading https://repo.scala-lang.org/artifactory/maven-nightlies/com/typesafe/ssl-config-core_2.12/0.6.1/ssl-config-core_2.12-0.6.1.pom.sha1
2026.01.17 05:53:22 INFO  BSP server: (watching) Downloaded https://repo.scala-lang.org/artifactory/maven-nightlies/com/eed3si9n/shaded-jawn-parser_2.12/1.3.2/shaded-jawn-parser_2.12-1.3.2.pom.sha1
2026.01.17 05:53:22 INFO  BSP server: (watching) Downloaded https://repo.scala-lang.org/artifactory/maven-nightlies/com/eed3si9n/shaded-scalajson_2.12/1.0.0-M4/shaded-scalajson_2.12-1.0.0-M4.pom.sha1
2026.01.17 05:53:22 INFO  BSP server: (watching) Downloaded https://repo.scala-lang.org/artifactory/maven-nightlies/com/typesafe/ssl-config-core_2.12/0.6.1/ssl-config-core_2.12-0.6.1.pom.sha1
2026.01.17 05:53:22 INFO  BSP server: Downloading https://oss.sonatype.org/content/repositories/snapshots/com/typesafe/config/1.4.2/config-1.4.2.pom
2026.01.17 05:53:23 INFO  BSP server: (watching) Failed to download https://oss.sonatype.org/content/repositories/snapshots/com/typesafe/config/1.4.2/config-1.4.2.pom
2026.01.17 05:53:23 INFO  BSP server: Downloading https://oss.sonatype.org/content/repositories/snapshots/com/typesafe/config/1.4.2/config-1.4.2.pom.sha1
2026.01.17 05:53:23 INFO  BSP server: Failed to download https://oss.sonatype.org/content/repositories/snapshots/com/typesafe/config/1.4.2/config-1.4.2.pom.sha1
2026.01.17 05:53:23 INFO  BSP server: Downloading https://s01.oss.sonatype.org/content/repositories/snapshots/com/typesafe/config/1.4.2/config-1.4.2.pom
2026.01.17 05:53:23 INFO  BSP server: Failed to download https://s01.oss.sonatype.org/content/repositories/snapshots/com/typesafe/config/1.4.2/config-1.4.2.pom
2026.01.17 05:53:23 INFO  BSP server: Downloading https://s01.oss.sonatype.org/content/repositories/snapshots/com/typesafe/config/1.4.2/config-1.4.2.pom.sha1
2026.01.17 05:53:23 INFO  BSP server: Failed to download https://s01.oss.sonatype.org/content/repositories/snapshots/com/typesafe/config/1.4.2/config-1.4.2.pom.sha1
2026.01.17 05:53:23 INFO  BSP server: Downloading https://central.sonatype.com/repository/maven-snapshots/com/typesafe/config/1.4.2/config-1.4.2.pom
2026.01.17 05:53:23 INFO  BSP server: Failed to download https://central.sonatype.com/repository/maven-snapshots/com/typesafe/config/1.4.2/config-1.4.2.pom
2026.01.17 05:53:23 INFO  BSP server: Downloading https://central.sonatype.com/repository/maven-snapshots/com/typesafe/config/1.4.2/config-1.4.2.pom.sha1
2026.01.17 05:53:23 INFO  BSP server: Failed to download https://central.sonatype.com/repository/maven-snapshots/com/typesafe/config/1.4.2/config-1.4.2.pom.sha1
2026.01.17 05:53:23 INFO  BSP server: Downloading https://repo.scala-lang.org/artifactory/maven-nightlies/com/typesafe/config/1.4.2/config-1.4.2.pom.sha1
2026.01.17 05:53:24 INFO  BSP server: (watching) Downloaded https://repo.scala-lang.org/artifactory/maven-nightlies/com/typesafe/config/1.4.2/config-1.4.2.pom.sha1
2026.01.17 05:53:24 INFO  BSP server: Downloading https://repo.scala-lang.org/artifactory/maven-nightlies/com/typesafe/config/1.4.2/config-1.4.2.jar
2026.01.17 05:53:24 INFO  BSP server: Downloading https://repo.scala-lang.org/artifactory/maven-nightlies/org/scala-lang/modules/scala-parser-combinators_2.12/1.1.2/scala-parser-combinators_2.12-1.1.2.jar
2026.01.17 05:53:24 INFO  BSP server: Downloading https://repo.scala-lang.org/artifactory/maven-nightlies/com/eed3si9n/gigahorse-core_2.12/0.9.3/gigahorse-core_2.12-0.9.3.jar
2026.01.17 05:53:24 INFO  BSP server: Downloading https://repo.scala-lang.org/artifactory/maven-nightlies/org/scala-sbt/io_2.12/1.10.5/io_2.12-1.10.5.jar
2026.01.17 05:53:24 INFO  BSP server: Downloading https://repo.scala-lang.org/artifactory/maven-nightlies/io/zipkin/zipkin2/zipkin/2.27.0/zipkin-2.27.0.jar
2026.01.17 05:53:24 INFO  BSP server: Downloading https://repo.scala-lang.org/artifactory/maven-nightlies/com/lihaoyi/unroll-annotation_2.12/0.1.12/unroll-annotation_2.12-0.1.12.jar
2026.01.17 05:53:24 INFO  BSP server: Downloaded https://repo.scala-lang.org/artifactory/maven-nightlies/com/lihaoyi/unroll-annotation_2.12/0.1.12/unroll-annotation_2.12-0.1.12.jar
2026.01.17 05:53:24 INFO  BSP server: Downloading https://repo.scala-lang.org/artifactory/maven-nightlies/net/java/dev/jna/jna-platform/4.4.0/jna-platform-4.4.0.jar
2026.01.17 05:53:24 INFO  BSP server: Downloaded https://repo.scala-lang.org/artifactory/maven-nightlies/com/eed3si9n/gigahorse-core_2.12/0.9.3/gigahorse-core_2.12-0.9.3.jar
2026.01.17 05:53:24 INFO  BSP server: Downloading https://repo.scala-lang.org/artifactory/maven-nightlies/org/scala-sbt/librarymanagement-ivy_2.12/1.11.6/librarymanagement-ivy_2.12-1.11.6.jar
2026.01.17 05:53:26 INFO  BSP server: Downloaded https://repo.scala-lang.org/artifactory/maven-nightlies/io/zipkin/zipkin2/zipkin/2.27.0/zipkin-2.27.0.jar
2026.01.17 05:53:26 INFO  BSP server: Downloading https://repo.scala-lang.org/artifactory/maven-nightlies/org/scala-sbt/collections_2.12/1.11.6/collections_2.12-1.11.6.jar
2026.01.17 05:53:26 INFO  BSP server: Downloaded https://repo.scala-lang.org/artifactory/maven-nightlies/org/scala-lang/modules/scala-parser-combinators_2.12/1.1.2/scala-parser-combinators_2.12-1.1.2.jar
2026.01.17 05:53:26 INFO  BSP server: Downloading https://repo.scala-lang.org/artifactory/maven-nightlies/com/lihaoyi/fansi_2.12/0.5.1/fansi_2.12-0.5.1.jar
2026.01.17 05:53:26 INFO  BSP server: Downloaded https://repo.scala-lang.org/artifactory/maven-nightlies/com/typesafe/config/1.4.2/config-1.4.2.jar
2026.01.17 05:53:26 INFO  BSP server: Downloading https://repo.scala-lang.org/artifactory/maven-nightlies/io/monix/monix-java_2.12/3.2.0/monix-java_2.12-3.2.0.jar
2026.01.17 05:53:26 INFO  BSP server: Downloaded https://repo.scala-lang.org/artifactory/maven-nightlies/org/scala-sbt/io_2.12/1.10.5/io_2.12-1.10.5.jar
2026.01.17 05:53:26 INFO  BSP server: Downloading https://repo.scala-lang.org/artifactory/maven-nightlies/org/scala-sbt/compiler-interface/1.11.0/compiler-interface-1.11.0.jar
2026.01.17 05:53:26 INFO  BSP server: Downloaded https://repo.scala-lang.org/artifactory/maven-nightlies/com/lihaoyi/fansi_2.12/0.5.1/fansi_2.12-0.5.1.jar
2026.01.17 05:53:26 INFO  BSP server: Downloading https://repo.scala-lang.org/artifactory/maven-nightlies/org/ow2/asm/asm-tree/9.9/asm-tree-9.9.jar
2026.01.17 05:53:26 INFO  BSP server: Downloaded https://repo.scala-lang.org/artifactory/maven-nightlies/org/scala-sbt/collections_2.12/1.11.6/collections_2.12-1.11.6.jar
2026.01.17 05:53:26 INFO  BSP server: Downloading https://repo.scala-lang.org/artifactory/maven-nightlies/com/outr/perfolation_2.12/1.2.8/perfolation_2.12-1.2.8.jar
2026.01.17 05:53:26 INFO  BSP server: Downloaded https://repo.scala-lang.org/artifactory/maven-nightlies/org/scala-sbt/librarymanagement-ivy_2.12/1.11.6/librarymanagement-ivy_2.12-1.11.6.jar
2026.01.17 05:53:26 INFO  BSP server: Downloading https://repo.scala-lang.org/artifactory/maven-nightlies/org/jctools/jctools-core/2.1.2/jctools-core-2.1.2.jar
2026.01.17 05:53:26 INFO  BSP server: Downloaded https://repo.scala-lang.org/artifactory/maven-nightlies/org/scala-sbt/compiler-interface/1.11.0/compiler-interface-1.11.0.jar
2026.01.17 05:53:26 INFO  BSP server: Downloading https://repo.scala-lang.org/artifactory/maven-nightlies/org/typelevel/cats-effect_2.12/2.1.3/cats-effect_2.12-2.1.3.jar
2026.01.17 05:53:26 INFO  BSP server: Downloaded https://repo.scala-lang.org/artifactory/maven-nightlies/org/ow2/asm/asm-tree/9.9/asm-tree-9.9.jar
2026.01.17 05:53:26 INFO  BSP server: Downloading https://repo.scala-lang.org/artifactory/maven-nightlies/com/lihaoyi/sourcecode_2.12/0.4.4/sourcecode_2.12-0.4.4.jar
2026.01.17 05:53:26 INFO  BSP server: (watching) Downloaded https://repo.scala-lang.org/artifactory/maven-nightlies/io/monix/monix-java_2.12/3.2.0/monix-java_2.12-3.2.0.jar
2026.01.17 05:53:26 INFO  BSP server: Downloading https://repo.scala-lang.org/artifactory/maven-nightlies/com/google/errorprone/error_prone_annotations/2.38.0/error_prone_annotations-2.38.0.jar
2026.01.17 05:53:26 INFO  BSP server: Downloaded https://repo.scala-lang.org/artifactory/maven-nightlies/com/google/errorprone/error_prone_annotations/2.38.0/error_prone_annotations-2.38.0.jar
2026.01.17 05:53:26 INFO  BSP server: Downloading https://repo.scala-lang.org/artifactory/maven-nightlies/org/scala-sbt/zinc_2.12/1.11.0/zinc_2.12-1.11.0.jar
2026.01.17 05:53:26 INFO  BSP server: Downloaded https://repo.scala-lang.org/artifactory/maven-nightlies/com/outr/perfolation_2.12/1.2.8/perfolation_2.12-1.2.8.jar
2026.01.17 05:53:26 INFO  BSP server: Downloading https://repo.scala-lang.org/artifactory/maven-nightlies/com/outr/scribe_2.12/3.5.5/scribe_2.12-3.5.5.jar
2026.01.17 05:53:26 INFO  BSP server: Downloaded https://repo.scala-lang.org/artifactory/maven-nightlies/com/lihaoyi/sourcecode_2.12/0.4.4/sourcecode_2.12-0.4.4.jar
2026.01.17 05:53:26 INFO  BSP server: Downloading https://repo.scala-lang.org/artifactory/maven-nightlies/io/github/alexarchambault/bleep/nailgun-server/1.0.7/nailgun-server-1.0.7.jar
2026.01.17 05:53:26 INFO  BSP server: Downloaded https://repo.scala-lang.org/artifactory/maven-nightlies/org/scala-sbt/zinc_2.12/1.11.0/zinc_2.12-1.11.0.jar
2026.01.17 05:53:26 INFO  BSP server: Downloading https://repo.scala-lang.org/artifactory/maven-nightlies/com/github/alexarchambault/case-app-annotations_2.12/2.0.6/case-app-annotations_2.12-2.0.6.jar
2026.01.17 05:53:27 INFO  BSP server: Downloaded https://repo.scala-lang.org/artifactory/maven-nightlies/com/outr/scribe_2.12/3.5.5/scribe_2.12-3.5.5.jar
2026.01.17 05:53:27 INFO  BSP server: Downloading https://repo.scala-lang.org/artifactory/maven-nightlies/org/scala-sbt/zinc-core_2.12/1.11.0/zinc-core_2.12-1.11.0.jar
2026.01.17 05:53:27 INFO  BSP server: Downloaded https://repo.scala-lang.org/artifactory/maven-nightlies/io/github/alexarchambault/bleep/nailgun-server/1.0.7/nailgun-server-1.0.7.jar
2026.01.17 05:53:27 INFO  BSP server: Downloading https://repo.scala-lang.org/artifactory/maven-nightlies/org/scalaz/scalaz-core_2.12/7.3.8/scalaz-core_2.12-7.3.8.jar
2026.01.17 05:53:27 INFO  BSP server: Downloaded https://repo.scala-lang.org/artifactory/maven-nightlies/com/github/alexarchambault/case-app-annotations_2.12/2.0.6/case-app-annotations_2.12-2.0.6.jar
2026.01.17 05:53:27 INFO  BSP server: Downloading https://repo.scala-lang.org/artifactory/maven-nightlies/io/monix/monix_2.12/3.2.0/monix_2.12-3.2.0.jar
2026.01.17 05:53:27 INFO  BSP server: Downloaded https://repo.scala-lang.org/artifactory/maven-nightlies/org/scala-sbt/zinc-core_2.12/1.11.0/zinc-core_2.12-1.11.0.jar
2026.01.17 05:53:27 INFO  BSP server: Downloading https://repo.scala-lang.org/artifactory/maven-nightlies/org/scala-sbt/util-control_2.12/1.11.5/util-control_2.12-1.11.5.jar
2026.01.17 05:53:27 INFO  BSP server: Downloaded https://repo.scala-lang.org/artifactory/maven-nightlies/io/monix/monix_2.12/3.2.0/monix_2.12-3.2.0.jar
2026.01.17 05:53:27 INFO  BSP server: Downloading https://repo.scala-lang.org/artifactory/maven-nightlies/org/scala-sbt/compiler-bridge_2.12/1.11.0/compiler-bridge_2.12-1.11.0.jar
2026.01.17 05:53:27 INFO  BSP server: (watching) Downloaded https://repo.scala-lang.org/artifactory/maven-nightlies/org/jctools/jctools-core/2.1.2/jctools-core-2.1.2.jar
2026.01.17 05:53:27 INFO  BSP server: Downloading https://repo.scala-lang.org/artifactory/maven-nightlies/com/github/alexarchambault/case-app-util_2.12/2.0.6/case-app-util_2.12-2.0.6.jar
2026.01.17 05:53:27 INFO  BSP server: Downloaded https://repo.scala-lang.org/artifactory/maven-nightlies/net/java/dev/jna/jna-platform/4.4.0/jna-platform-4.4.0.jar
2026.01.17 05:53:27 INFO  BSP server: Downloading https://repo.scala-lang.org/artifactory/maven-nightlies/org/ow2/asm/asm-analysis/9.9/asm-analysis-9.9.jar
2026.01.17 05:53:27 INFO  BSP server: Downloaded https://repo.scala-lang.org/artifactory/maven-nightlies/org/scala-sbt/util-control_2.12/1.11.5/util-control_2.12-1.11.5.jar
2026.01.17 05:53:27 INFO  BSP server: Downloading https://repo.scala-lang.org/artifactory/maven-nightlies/ch/epfl/scala/bloop-backend_2.12/2.0.17/bloop-backend_2.12-2.0.17.jar
2026.01.17 05:53:27 INFO  BSP server: Downloaded https://repo.scala-lang.org/artifactory/maven-nightlies/com/github/alexarchambault/case-app-util_2.12/2.0.6/case-app-util_2.12-2.0.6.jar
2026.01.17 05:53:27 INFO  BSP server: Downloading https://repo.scala-lang.org/artifactory/maven-nightlies/io/monix/monix-tail_2.12/3.2.0/monix-tail_2.12-3.2.0.jar
2026.01.17 05:53:27 INFO  BSP server: Downloaded https://repo.scala-lang.org/artifactory/maven-nightlies/io/monix/monix-tail_2.12/3.2.0/monix-tail_2.12-3.2.0.jar
2026.01.17 05:53:27 INFO  BSP server: Downloading https://repo.scala-lang.org/artifactory/maven-nightlies/ch/epfl/scala/bloop-frontend_2.12/2.0.17/bloop-frontend_2.12-2.0.17.jar
2026.01.17 05:53:27 INFO  BSP server: Downloaded https://repo.scala-lang.org/artifactory/maven-nightlies/org/ow2/asm/asm-analysis/9.9/asm-analysis-9.9.jar
2026.01.17 05:53:27 INFO  BSP server: Downloading https://repo.scala-lang.org/artifactory/maven-nightlies/org/scala-sbt/test-agent/1.11.7/test-agent-1.11.7.jar
2026.01.17 05:53:27 INFO  BSP server: Downloaded https://repo.scala-lang.org/artifactory/maven-nightlies/org/scala-sbt/compiler-bridge_2.12/1.11.0/compiler-bridge_2.12-1.11.0.jar
2026.01.17 05:53:27 INFO  BSP server: Downloading https://repo.scala-lang.org/artifactory/maven-nightlies/ch/epfl/scala/directory-watcher/0.8.0+6-f651bd93/directory-watcher-0.8.0+6-f651bd93.jar
2026.01.17 05:53:27 INFO  BSP server: Downloaded https://repo.scala-lang.org/artifactory/maven-nightlies/ch/epfl/scala/directory-watcher/0.8.0+6-f651bd93/directory-watcher-0.8.0+6-f651bd93.jar
2026.01.17 05:53:27 INFO  BSP server: Downloading https://repo.scala-lang.org/artifactory/maven-nightlies/org/scala-lang/scala-library/2.12.20/scala-library-2.12.20.jar
2026.01.17 05:53:27 INFO  BSP server: (watching) Downloaded https://repo.scala-lang.org/artifactory/maven-nightlies/org/typelevel/cats-effect_2.12/2.1.3/cats-effect_2.12-2.1.3.jar
2026.01.17 05:53:27 INFO  BSP server: Downloading https://repo.scala-lang.org/artifactory/maven-nightlies/com/eed3si9n/sjson-new-core_2.12/0.10.1/sjson-new-core_2.12-0.10.1.jar
2026.01.17 05:53:27 INFO  BSP server: Downloaded https://repo.scala-lang.org/artifactory/maven-nightlies/com/eed3si9n/sjson-new-core_2.12/0.10.1/sjson-new-core_2.12-0.10.1.jar
2026.01.17 05:53:27 INFO  BSP server: Downloading https://repo.scala-lang.org/artifactory/maven-nightlies/org/typelevel/cats-core_2.12/2.1.1/cats-core_2.12-2.1.1.jar
2026.01.17 05:53:28 INFO  BSP server: Downloaded https://repo.scala-lang.org/artifactory/maven-nightlies/org/scala-sbt/test-agent/1.11.7/test-agent-1.11.7.jar
2026.01.17 05:53:28 INFO  BSP server: Downloading https://repo.scala-lang.org/artifactory/maven-nightlies/net/jpountz/lz4/lz4/1.3.0/lz4-1.3.0.jar
2026.01.17 05:53:28 INFO  BSP server: Downloaded https://repo.scala-lang.org/artifactory/maven-nightlies/net/jpountz/lz4/lz4/1.3.0/lz4-1.3.0.jar
2026.01.17 05:53:28 INFO  BSP server: Downloading https://repo.scala-lang.org/artifactory/maven-nightlies/org/scala-sbt/util-relation_2.12/1.11.5/util-relation_2.12-1.11.5.jar
2026.01.17 05:53:28 INFO  BSP server: Downloaded https://repo.scala-lang.org/artifactory/maven-nightlies/ch/epfl/scala/bloop-backend_2.12/2.0.17/bloop-backend_2.12-2.0.17.jar
2026.01.17 05:53:28 INFO  BSP server: Downloading https://repo.scala-lang.org/artifactory/maven-nightlies/io/zipkin/brave/brave/5.18.1/brave-5.18.1.jar
2026.01.17 05:53:28 INFO  BSP server: Downloaded https://repo.scala-lang.org/artifactory/maven-nightlies/ch/epfl/scala/bloop-frontend_2.12/2.0.17/bloop-frontend_2.12-2.0.17.jar
2026.01.17 05:53:28 INFO  BSP server: Downloading https://repo.scala-lang.org/artifactory/maven-nightlies/io/monix/monix-execution_2.12/3.2.0/monix-execution_2.12-3.2.0.jar
2026.01.17 05:53:28 INFO  BSP server: Downloaded https://repo.scala-lang.org/artifactory/maven-nightlies/io/monix/monix-execution_2.12/3.2.0/monix-execution_2.12-3.2.0.jar
2026.01.17 05:53:28 INFO  BSP server: Downloading https://repo.scala-lang.org/artifactory/maven-nightlies/com/eed3si9n/shaded-jawn-parser_2.12/1.3.2/shaded-jawn-parser_2.12-1.3.2.jar
2026.01.17 05:53:28 INFO  BSP server: Downloaded https://repo.scala-lang.org/artifactory/maven-nightlies/org/scala-sbt/util-relation_2.12/1.11.5/util-relation_2.12-1.11.5.jar
2026.01.17 05:53:28 INFO  BSP server: Downloading https://repo.scala-lang.org/artifactory/maven-nightlies/org/scala-sbt/sbinary_2.12/0.5.1/sbinary_2.12-0.5.1.jar
2026.01.17 05:53:28 INFO  BSP server: Downloaded https://repo.scala-lang.org/artifactory/maven-nightlies/io/zipkin/brave/brave/5.18.1/brave-5.18.1.jar
2026.01.17 05:53:28 INFO  BSP server: Downloading https://repo.scala-lang.org/artifactory/maven-nightlies/org/scala-sbt/zinc-classfile_2.12/1.11.0/zinc-classfile_2.12-1.11.0.jar
2026.01.17 05:53:28 INFO  BSP server: Downloaded https://repo.scala-lang.org/artifactory/maven-nightlies/com/eed3si9n/shaded-jawn-parser_2.12/1.3.2/shaded-jawn-parser_2.12-1.3.2.jar
2026.01.17 05:53:28 INFO  BSP server: Downloading https://repo.scala-lang.org/artifactory/maven-nightlies/org/scala-sbt/librarymanagement-core_2.12/1.11.6/librarymanagement-core_2.12-1.11.6.jar
2026.01.17 05:53:28 INFO  BSP server: Downloaded https://repo.scala-lang.org/artifactory/maven-nightlies/org/scala-sbt/sbinary_2.12/0.5.1/sbinary_2.12-0.5.1.jar
2026.01.17 05:53:28 INFO  BSP server: Downloading https://repo.scala-lang.org/artifactory/maven-nightlies/org/zeroturnaround/zt-zip/1.17/zt-zip-1.17.jar
2026.01.17 05:53:28 INFO  BSP server: Downloaded https://repo.scala-lang.org/artifactory/maven-nightlies/org/zeroturnaround/zt-zip/1.17/zt-zip-1.17.jar
2026.01.17 05:53:28 INFO  BSP server: Downloading https://repo.scala-lang.org/artifactory/maven-nightlies/org/scala-sbt/jline/jline/2.14.7-sbt-9a88bc413e2b34a4580c001c654d1a7f4f65bf18/jline-2.14.7-sbt-9a88bc413e2b34a4580c001c654d1a7f4f65bf18.jar
2026.01.17 05:53:28 INFO  BSP server: Downloaded https://repo.scala-lang.org/artifactory/maven-nightlies/org/scala-sbt/zinc-classfile_2.12/1.11.0/zinc-classfile_2.12-1.11.0.jar
2026.01.17 05:53:28 INFO  BSP server: Downloading https://repo.scala-lang.org/artifactory/maven-nightlies/com/github/plokhotnyuk/jsoniter-scala/jsoniter-scala-macros_2.12/2.13.3.2/jsoniter-scala-macros_2.12-2.13.3.2.jar
2026.01.17 05:53:28 INFO  BSP server: Downloaded https://repo.scala-lang.org/artifactory/maven-nightlies/org/scala-sbt/librarymanagement-core_2.12/1.11.6/librarymanagement-core_2.12-1.11.6.jar
2026.01.17 05:53:28 INFO  BSP server: Downloading https://repo.scala-lang.org/artifactory/maven-nightlies/net/openhft/zero-allocation-hashing/0.16/zero-allocation-hashing-0.16.jar
2026.01.17 05:53:28 INFO  BSP server: Downloaded https://repo.scala-lang.org/artifactory/maven-nightlies/net/openhft/zero-allocation-hashing/0.16/zero-allocation-hashing-0.16.jar
2026.01.17 05:53:28 INFO  BSP server: Downloading https://repo.scala-lang.org/artifactory/maven-nightlies/org/scala-sbt/util-logging_2.12/1.11.6/util-logging_2.12-1.11.6.jar
2026.01.17 05:53:28 INFO  BSP server: Downloaded https://repo.scala-lang.org/artifactory/maven-nightlies/org/typelevel/cats-core_2.12/2.1.1/cats-core_2.12-2.1.1.jar
2026.01.17 05:53:28 INFO  BSP server: Downloading https://repo.scala-lang.org/artifactory/maven-nightlies/org/scala-sbt/zinc-compile-core_2.12/1.11.0/zinc-compile-core_2.12-1.11.0.jar
2026.01.17 05:53:28 INFO  BSP server: Downloaded https://repo.scala-lang.org/artifactory/maven-nightlies/org/scala-sbt/jline/jline/2.14.7-sbt-9a88bc413e2b34a4580c001c654d1a7f4f65bf18/jline-2.14.7-sbt-9a88bc413e2b34a4580c001c654d1a7f4f65bf18.jar
2026.01.17 05:53:28 INFO  BSP server: Downloading https://repo.scala-lang.org/artifactory/maven-nightlies/io/monix/implicitbox_2.12/0.2.0/implicitbox_2.12-0.2.0.jar
2026.01.17 05:53:28 INFO  BSP server: (watching) Downloaded https://repo.scala-lang.org/artifactory/maven-nightlies/com/github/plokhotnyuk/jsoniter-scala/jsoniter-scala-macros_2.12/2.13.3.2/jsoniter-scala-macros_2.12-2.13.3.2.jar
2026.01.17 05:53:28 INFO  BSP server: Downloading https://repo.scala-lang.org/artifactory/maven-nightlies/org/scala-sbt/core-macros_2.12/1.11.6/core-macros_2.12-1.11.6.jar
2026.01.17 05:53:29 INFO  BSP server: Downloaded https://repo.scala-lang.org/artifactory/maven-nightlies/org/scala-sbt/util-logging_2.12/1.11.6/util-logging_2.12-1.11.6.jar
2026.01.17 05:53:29 INFO  BSP server: Downloading https://repo.scala-lang.org/artifactory/maven-nightlies/org/scala-sbt/util-cache_2.12/1.11.6/util-cache_2.12-1.11.6.jar
2026.01.17 05:53:29 INFO  BSP server: Downloaded https://repo.scala-lang.org/artifactory/maven-nightlies/org/scala-sbt/zinc-compile-core_2.12/1.11.0/zinc-compile-core_2.12-1.11.0.jar
2026.01.17 05:53:29 INFO  BSP server: Downloading https://repo.scala-lang.org/artifactory/maven-nightlies/org/scala-sbt/launcher-interface/1.5.1/launcher-interface-1.5.1.jar
2026.01.17 05:53:29 INFO  BSP server: Downloaded https://repo.scala-lang.org/artifactory/maven-nightlies/io/monix/implicitbox_2.12/0.2.0/implicitbox_2.12-0.2.0.jar
2026.01.17 05:53:29 INFO  BSP server: Downloading https://repo.scala-lang.org/artifactory/maven-nightlies/org/scalameta/parsers_2.12/4.13.8/parsers_2.12-4.13.8.jar
2026.01.17 05:53:29 INFO  BSP server: Downloaded https://repo.scala-lang.org/artifactory/maven-nightlies/org/scala-lang/scala-library/2.12.20/scala-library-2.12.20.jar
2026.01.17 05:53:29 INFO  BSP server: Downloading https://repo.scala-lang.org/artifactory/maven-nightlies/ch/epfl/scala/bloop-config_2.12/2.3.3/bloop-config_2.12-2.3.3.jar
2026.01.17 05:53:29 INFO  BSP server: Downloaded https://repo.scala-lang.org/artifactory/maven-nightlies/org/scala-sbt/core-macros_2.12/1.11.6/core-macros_2.12-1.11.6.jar
2026.01.17 05:53:29 INFO  BSP server: Downloading https://repo.scala-lang.org/artifactory/maven-nightlies/org/scalameta/common_2.12/4.13.8/common_2.12-4.13.8.jar
2026.01.17 05:53:29 INFO  BSP server: Downloaded https://repo.scala-lang.org/artifactory/maven-nightlies/org/scala-sbt/launcher-interface/1.5.1/launcher-interface-1.5.1.jar
2026.01.17 05:53:29 INFO  BSP server: Downloading https://repo.scala-lang.org/artifactory/maven-nightlies/org/scala-sbt/ivy/ivy/2.3.0-sbt-77cc781d727b367d3761f097d89f5a4762771d41/ivy-2.3.0-sbt-77cc781d727b367d3761f097d89f5a4762771d41.jar
2026.01.17 05:53:29 INFO  BSP server: Downloaded https://repo.scala-lang.org/artifactory/maven-nightlies/org/scala-sbt/util-cache_2.12/1.11.6/util-cache_2.12-1.11.6.jar
2026.01.17 05:53:29 INFO  BSP server: Downloading https://repo.scala-lang.org/artifactory/maven-nightlies/org/apache/logging/log4j/log4j-api/2.23.0/log4j-api-2.23.0.jar
2026.01.17 05:53:29 INFO  BSP server: Downloaded https://repo.scala-lang.org/artifactory/maven-nightlies/ch/epfl/scala/bloop-config_2.12/2.3.3/bloop-config_2.12-2.3.3.jar
2026.01.17 05:53:29 INFO  BSP server: Downloading https://repo.scala-lang.org/artifactory/maven-nightlies/com/eed3si9n/sjson-new-murmurhash_2.12/0.10.1/sjson-new-murmurhash_2.12-0.10.1.jar
2026.01.17 05:53:29 INFO  BSP server: Downloaded https://repo.scala-lang.org/artifactory/maven-nightlies/org/scalameta/common_2.12/4.13.8/common_2.12-4.13.8.jar
2026.01.17 05:53:29 INFO  BSP server: Downloading https://repo.scala-lang.org/artifactory/maven-nightlies/org/scala-lang/scala-compiler/2.12.20/scala-compiler-2.12.20.jar
2026.01.17 05:53:29 INFO  BSP server: Downloaded https://repo.scala-lang.org/artifactory/maven-nightlies/org/scalameta/parsers_2.12/4.13.8/parsers_2.12-4.13.8.jar
2026.01.17 05:53:29 INFO  BSP server: Downloading https://repo.scala-lang.org/artifactory/maven-nightlies/ch/epfl/scala/bloop-shared_2.12/2.0.17/bloop-shared_2.12-2.0.17.jar
2026.01.17 05:53:29 INFO  BSP server: (watching) Downloaded https://repo.scala-lang.org/artifactory/maven-nightlies/org/apache/logging/log4j/log4j-api/2.23.0/log4j-api-2.23.0.jar
2026.01.17 05:53:29 INFO  BSP server: Downloading https://repo.scala-lang.org/artifactory/maven-nightlies/com/eed3si9n/gigahorse-apache-http_2.12/0.9.3/gigahorse-apache-http_2.12-0.9.3.jar
2026.01.17 05:53:29 INFO  BSP server: Downloaded https://repo.scala-lang.org/artifactory/maven-nightlies/org/scala-sbt/ivy/ivy/2.3.0-sbt-77cc781d727b367d3761f097d89f5a4762771d41/ivy-2.3.0-sbt-77cc781d727b367d3761f097d89f5a4762771d41.jar
2026.01.17 05:53:29 INFO  BSP server: Downloading https://repo.scala-lang.org/artifactory/maven-nightlies/org/scala-sbt/zinc-classpath_2.12/1.11.0/zinc-classpath_2.12-1.11.0.jar
2026.01.17 05:53:29 INFO  BSP server: (watching) Downloaded https://repo.scala-lang.org/artifactory/maven-nightlies/com/eed3si9n/sjson-new-murmurhash_2.12/0.10.1/sjson-new-murmurhash_2.12-0.10.1.jar
2026.01.17 05:53:29 INFO  BSP server: Downloading https://repo.scala-lang.org/artifactory/maven-nightlies/org/ow2/asm/asm-util/9.9/asm-util-9.9.jar
2026.01.17 05:53:29 INFO  BSP server: Downloaded https://repo.scala-lang.org/artifactory/maven-nightlies/ch/epfl/scala/bloop-shared_2.12/2.0.17/bloop-shared_2.12-2.0.17.jar
2026.01.17 05:53:29 INFO  BSP server: Downloading https://repo.scala-lang.org/artifactory/maven-nightlies/com/chuusai/shapeless_2.12/2.3.3/shapeless_2.12-2.3.3.jar
2026.01.17 05:53:29 INFO  BSP server: Downloaded https://repo.scala-lang.org/artifactory/maven-nightlies/com/eed3si9n/gigahorse-apache-http_2.12/0.9.3/gigahorse-apache-http_2.12-0.9.3.jar
2026.01.17 05:53:29 INFO  BSP server: Downloading https://repo.scala-lang.org/artifactory/maven-nightlies/net/java/dev/jna/jna/5.18.1/jna-5.18.1.jar
2026.01.17 05:53:29 INFO  BSP server: Downloaded https://repo.scala-lang.org/artifactory/maven-nightlies/org/scala-sbt/zinc-classpath_2.12/1.11.0/zinc-classpath_2.12-1.11.0.jar
2026.01.17 05:53:29 INFO  BSP server: Downloading https://repo.scala-lang.org/artifactory/maven-nightlies/org/typelevel/macro-compat_2.12/1.1.1/macro-compat_2.12-1.1.1.jar
2026.01.17 05:53:29 INFO  BSP server: Downloaded https://repo.scala-lang.org/artifactory/maven-nightlies/org/ow2/asm/asm-util/9.9/asm-util-9.9.jar
2026.01.17 05:53:29 INFO  BSP server: Downloading https://repo.scala-lang.org/artifactory/maven-nightlies/org/typelevel/cats-kernel_2.12/2.1.1/cats-kernel_2.12-2.1.1.jar
2026.01.17 05:53:30 INFO  BSP server: Downloaded https://repo.scala-lang.org/artifactory/maven-nightlies/org/typelevel/macro-compat_2.12/1.1.1/macro-compat_2.12-1.1.1.jar
2026.01.17 05:53:30 INFO  BSP server: Downloading https://repo.scala-lang.org/artifactory/maven-nightlies/io/monix/monix-eval_2.12/3.2.0/monix-eval_2.12-3.2.0.jar
2026.01.17 05:53:30 INFO  BSP server: Downloaded https://repo.scala-lang.org/artifactory/maven-nightlies/net/java/dev/jna/jna/5.18.1/jna-5.18.1.jar
2026.01.17 05:53:30 INFO  BSP server: Downloading https://repo.scala-lang.org/artifactory/maven-nightlies/com/lihaoyi/pprint_2.12/0.9.4/pprint_2.12-0.9.4.jar
2026.01.17 05:53:30 INFO  BSP server: Downloaded https://repo.scala-lang.org/artifactory/maven-nightlies/org/typelevel/cats-kernel_2.12/2.1.1/cats-kernel_2.12-2.1.1.jar
2026.01.17 05:53:30 INFO  BSP server: Downloading https://repo.scala-lang.org/artifactory/maven-nightlies/ch/epfl/scala/bsp4s_2.12/2.1.1/bsp4s_2.12-2.1.1.jar
2026.01.17 05:53:30 INFO  BSP server: Downloaded https://repo.scala-lang.org/artifactory/maven-nightlies/ch/epfl/scala/bsp4s_2.12/2.1.1/bsp4s_2.12-2.1.1.jar
2026.01.17 05:53:30 INFO  BSP server: Downloading https://repo.scala-lang.org/artifactory/maven-nightlies/org/scala-sbt/zinc-apiinfo_2.12/1.11.0/zinc-apiinfo_2.12-1.11.0.jar
2026.01.17 05:53:30 INFO  BSP server: Downloaded https://repo.scala-lang.org/artifactory/maven-nightlies/org/scalaz/scalaz-core_2.12/7.3.8/scalaz-core_2.12-7.3.8.jar
2026.01.17 05:53:30 INFO  BSP server: Downloading https://repo.scala-lang.org/artifactory/maven-nightlies/io/get-coursier/util/directories-jni/0.1.2/directories-jni-0.1.2.jar
2026.01.17 05:53:30 INFO  BSP server: Downloaded https://repo.scala-lang.org/artifactory/maven-nightlies/io/monix/monix-eval_2.12/3.2.0/monix-eval_2.12-3.2.0.jar
2026.01.17 05:53:30 INFO  BSP server: Downloading https://repo.scala-lang.org/artifactory/maven-nightlies/io/get-coursier/util/directories/0.1.2/directories-0.1.2.jar
2026.01.17 05:53:30 INFO  BSP server: Downloaded https://repo.scala-lang.org/artifactory/maven-nightlies/com/lihaoyi/pprint_2.12/0.9.4/pprint_2.12-0.9.4.jar
2026.01.17 05:53:30 INFO  BSP server: Downloading https://repo.scala-lang.org/artifactory/maven-nightlies/ch/qos/logback/logback-classic/1.5.21/logback-classic-1.5.21.jar
2026.01.17 05:53:30 INFO  BSP server: Downloaded https://repo.scala-lang.org/artifactory/maven-nightlies/org/scala-sbt/zinc-apiinfo_2.12/1.11.0/zinc-apiinfo_2.12-1.11.0.jar
2026.01.17 05:53:30 INFO  BSP server: Downloading https://repo.scala-lang.org/artifactory/maven-nightlies/com/eed3si9n/sjson-new-scalajson_2.12/0.10.1/sjson-new-scalajson_2.12-0.10.1.jar
2026.01.17 05:53:30 INFO  BSP server: Downloaded https://repo.scala-lang.org/artifactory/maven-nightlies/io/get-coursier/util/directories-jni/0.1.2/directories-jni-0.1.2.jar
2026.01.17 05:53:30 INFO  BSP server: Downloading https://repo.scala-lang.org/artifactory/maven-nightlies/io/monix/monix-reactive_2.12/3.2.0/monix-reactive_2.12-3.2.0.jar
2026.01.17 05:53:30 INFO  BSP server: Downloaded https://repo.scala-lang.org/artifactory/maven-nightlies/ch/qos/logback/logback-classic/1.5.21/logback-classic-1.5.21.jar
2026.01.17 05:53:30 INFO  BSP server: Downloading https://repo.scala-lang.org/artifactory/maven-nightlies/ch/qos/logback/logback-core/1.5.21/logback-core-1.5.21.jar
2026.01.17 05:53:30 INFO  BSP server: Downloaded https://repo.scala-lang.org/artifactory/maven-nightlies/io/get-coursier/util/directories/0.1.2/directories-0.1.2.jar
2026.01.17 05:53:30 INFO  BSP server: Downloading https://repo.scala-lang.org/artifactory/maven-nightlies/org/apache/logging/log4j/log4j-core/2.23.0/log4j-core-2.23.0.jar
2026.01.17 05:53:30 INFO  BSP server: Downloaded https://repo.scala-lang.org/artifactory/maven-nightlies/com/chuusai/shapeless_2.12/2.3.3/shapeless_2.12-2.3.3.jar
2026.01.17 05:53:30 INFO  BSP server: Downloading https://repo.scala-lang.org/artifactory/maven-nightlies/com/github/plokhotnyuk/jsoniter-scala/jsoniter-scala-core_2.12/2.13.5.2/jsoniter-scala-core_2.12-2.13.5.2.jar
2026.01.17 05:53:30 INFO  BSP server: Downloaded https://repo.scala-lang.org/artifactory/maven-nightlies/org/apache/logging/log4j/log4j-core/2.23.0/log4j-core-2.23.0.jar
2026.01.17 05:53:30 INFO  BSP server: Downloading https://repo.scala-lang.org/artifactory/maven-nightlies/com/typesafe/ssl-config-core_2.12/0.6.1/ssl-config-core_2.12-0.6.1.jar
2026.01.17 05:53:30 INFO  BSP server: Downloaded https://repo.scala-lang.org/artifactory/maven-nightlies/com/github/plokhotnyuk/jsoniter-scala/jsoniter-scala-core_2.12/2.13.5.2/jsoniter-scala-core_2.12-2.13.5.2.jar
2026.01.17 05:53:30 INFO  BSP server: Downloading https://repo.scala-lang.org/artifactory/maven-nightlies/com/github/alexarchambault/case-app_2.12/2.0.6/case-app_2.12-2.0.6.jar
2026.01.17 05:53:30 INFO  BSP server: Downloaded https://repo.scala-lang.org/artifactory/maven-nightlies/com/typesafe/ssl-config-core_2.12/0.6.1/ssl-config-core_2.12-0.6.1.jar
2026.01.17 05:53:30 INFO  BSP server: Downloading https://repo.scala-lang.org/artifactory/maven-nightlies/org/scala-sbt/zinc-persist_2.12/1.11.0/zinc-persist_2.12-1.11.0.jar
2026.01.17 05:53:30 INFO  BSP server: Downloaded https://repo.scala-lang.org/artifactory/maven-nightlies/com/eed3si9n/sjson-new-scalajson_2.12/0.10.1/sjson-new-scalajson_2.12-0.10.1.jar
2026.01.17 05:53:30 INFO  BSP server: Downloading https://repo.scala-lang.org/artifactory/maven-nightlies/ch/epfl/scala/scala-debug-adapter_2.12/4.2.8/scala-debug-adapter_2.12-4.2.8.jar
2026.01.17 05:53:31 INFO  BSP server: (watching) Downloaded https://repo.scala-lang.org/artifactory/maven-nightlies/io/monix/monix-reactive_2.12/3.2.0/monix-reactive_2.12-3.2.0.jar
2026.01.17 05:53:31 INFO  BSP server: Downloading https://repo.scala-lang.org/artifactory/maven-nightlies/org/typelevel/cats-macros_2.12/2.1.1/cats-macros_2.12-2.1.1.jar
2026.01.17 05:53:31 INFO  BSP server: (watching) Downloaded https://repo.scala-lang.org/artifactory/maven-nightlies/ch/epfl/scala/scala-debug-adapter_2.12/4.2.8/scala-debug-adapter_2.12-4.2.8.jar
2026.01.17 05:53:31 INFO  BSP server: Downloading https://repo.scala-lang.org/artifactory/maven-nightlies/io/zipkin/reporter2/zipkin-reporter-brave/2.17.2/zipkin-reporter-brave-2.17.2.jar
2026.01.17 05:53:31 INFO  BSP server: Downloaded https://repo.scala-lang.org/artifactory/maven-nightlies/com/github/alexarchambault/case-app_2.12/2.0.6/case-app_2.12-2.0.6.jar
2026.01.17 05:53:31 INFO  BSP server: Downloaded https://repo.scala-lang.org/artifactory/maven-nightlies/ch/qos/logback/logback-core/1.5.21/logback-core-1.5.21.jar
2026.01.17 05:53:31 INFO  BSP server: Downloading https://repo.scala-lang.org/artifactory/maven-nightlies/com/lmax/disruptor/3.4.2/disruptor-3.4.2.jar
2026.01.17 05:53:31 INFO  BSP server: Downloaded https://repo.scala-lang.org/artifactory/maven-nightlies/com/lmax/disruptor/3.4.2/disruptor-3.4.2.jar
2026.01.17 05:53:31 INFO  BSP server: Downloading https://repo.scala-lang.org/artifactory/maven-nightlies/io/github/alexarchambault/bleep/jsonrpc4s_2.12/0.1.1/jsonrpc4s_2.12-0.1.1.jar
2026.01.17 05:53:31 INFO  BSP server: Downloaded https://repo.scala-lang.org/artifactory/maven-nightlies/org/scala-sbt/zinc-persist_2.12/1.11.0/zinc-persist_2.12-1.11.0.jar
2026.01.17 05:53:31 INFO  BSP server: Downloading https://repo.scala-lang.org/artifactory/maven-nightlies/org/scala-lang/scala-reflect/2.12.20/scala-reflect-2.12.20.jar
2026.01.17 05:53:31 INFO  BSP server: Downloaded https://repo.scala-lang.org/artifactory/maven-nightlies/org/scala-lang/scala-reflect/2.12.20/scala-reflect-2.12.20.jar
2026.01.17 05:53:31 INFO  BSP server: Downloading https://repo.scala-lang.org/artifactory/maven-nightlies/com/github/mwiede/jsch/0.2.23/jsch-0.2.23.jar
2026.01.17 05:53:31 INFO  BSP server: Downloaded https://repo.scala-lang.org/artifactory/maven-nightlies/com/github/mwiede/jsch/0.2.23/jsch-0.2.23.jar
2026.01.17 05:53:31 INFO  BSP server: Downloading https://repo.scala-lang.org/artifactory/maven-nightlies/org/scala-sbt/util-interface/1.11.6/util-interface-1.11.6.jar
2026.01.17 05:53:31 INFO  BSP server: Downloading https://repo.scala-lang.org/artifactory/maven-nightlies/org/scala-lang/modules/scala-collection-compat_2.12/2.13.0/scala-collection-compat_2.12-2.13.0.jar
2026.01.17 05:53:31 INFO  BSP server: Downloaded https://repo.scala-lang.org/artifactory/maven-nightlies/org/scala-lang/modules/scala-collection-compat_2.12/2.13.0/scala-collection-compat_2.12-2.13.0.jar
2026.01.17 05:53:31 INFO  BSP server: Downloading https://repo.scala-lang.org/artifactory/maven-nightlies/org/scala-sbt/util-position_2.12/1.11.6/util-position_2.12-1.11.6.jar
2026.01.17 05:53:31 INFO  BSP server: (watching) Downloaded https://repo.scala-lang.org/artifactory/maven-nightlies/org/typelevel/cats-macros_2.12/2.1.1/cats-macros_2.12-2.1.1.jar
2026.01.17 05:53:31 INFO  BSP server: Downloading https://repo.scala-lang.org/artifactory/maven-nightlies/io/zipkin/reporter2/zipkin-reporter/2.17.2/zipkin-reporter-2.17.2.jar
2026.01.17 05:53:31 INFO  BSP server: Downloaded https://repo.scala-lang.org/artifactory/maven-nightlies/io/zipkin/reporter2/zipkin-reporter/2.17.2/zipkin-reporter-2.17.2.jar
2026.01.17 05:53:31 INFO  BSP server: Downloading https://repo.scala-lang.org/artifactory/maven-nightlies/com/eed3si9n/shaded-scalajson_2.12/1.0.0-M4/shaded-scalajson_2.12-1.0.0-M4.jar
2026.01.17 05:53:31 INFO  BSP server: Downloaded https://repo.scala-lang.org/artifactory/maven-nightlies/org/scala-lang/scala-compiler/2.12.20/scala-compiler-2.12.20.jar
2026.01.17 05:53:31 INFO  BSP server: Downloading https://repo.scala-lang.org/artifactory/maven-nightlies/ch/epfl/scala/libdaemon_2.12/0.0.12/libdaemon_2.12-0.0.12.jar
2026.01.17 05:53:31 INFO  BSP server: Downloaded https://repo.scala-lang.org/artifactory/maven-nightlies/io/zipkin/reporter2/zipkin-reporter-brave/2.17.2/zipkin-reporter-brave-2.17.2.jar
2026.01.17 05:53:31 INFO  BSP server: Downloading https://repo.scala-lang.org/artifactory/maven-nightlies/io/zipkin/reporter2/zipkin-sender-urlconnection/2.17.2/zipkin-sender-urlconnection-2.17.2.jar
2026.01.17 05:53:31 INFO  BSP server: Downloaded https://repo.scala-lang.org/artifactory/maven-nightlies/io/zipkin/reporter2/zipkin-sender-urlconnection/2.17.2/zipkin-sender-urlconnection-2.17.2.jar
2026.01.17 05:53:31 INFO  BSP server: Downloading https://repo.scala-lang.org/artifactory/maven-nightlies/com/outr/moduload_2.12/1.1.5/moduload_2.12-1.1.5.jar
2026.01.17 05:53:31 INFO  BSP server: Downloaded https://repo.scala-lang.org/artifactory/maven-nightlies/com/outr/moduload_2.12/1.1.5/moduload_2.12-1.1.5.jar
2026.01.17 05:53:31 INFO  BSP server: Downloading https://repo.scala-lang.org/artifactory/maven-nightlies/org/scalameta/trees_2.12/4.13.8/trees_2.12-4.13.8.jar
2026.01.17 05:53:31 INFO  BSP server: Downloaded https://repo.scala-lang.org/artifactory/maven-nightlies/org/scalameta/trees_2.12/4.13.8/trees_2.12-4.13.8.jar
2026.01.17 05:53:31 INFO  BSP server: Downloading https://repo.scala-lang.org/artifactory/maven-nightlies/org/scala-sbt/zinc-persist-core-assembly/1.11.0/zinc-persist-core-assembly-1.11.0.jar
2026.01.17 05:53:31 INFO  BSP server: (watching) Downloaded https://repo.scala-lang.org/artifactory/maven-nightlies/io/github/alexarchambault/bleep/jsonrpc4s_2.12/0.1.1/jsonrpc4s_2.12-0.1.1.jar
2026.01.17 05:53:31 INFO  BSP server: Downloading https://repo.scala-lang.org/artifactory/maven-nightlies/com/eed3si9n/shaded-apache-httpclient5/0.9.3/shaded-apache-httpclient5-0.9.3.jar
2026.01.17 05:53:31 INFO  BSP server: Downloaded https://repo.scala-lang.org/artifactory/maven-nightlies/com/eed3si9n/shaded-apache-httpclient5/0.9.3/shaded-apache-httpclient5-0.9.3.jar
2026.01.17 05:53:31 INFO  BSP server: Downloading https://repo.scala-lang.org/artifactory/maven-nightlies/org/scalameta/io_2.12/4.13.8/io_2.12-4.13.8.jar
2026.01.17 05:53:31 INFO  BSP server: Downloaded https://repo.scala-lang.org/artifactory/maven-nightlies/org/scalameta/io_2.12/4.13.8/io_2.12-4.13.8.jar
2026.01.17 05:53:31 INFO  BSP server: Downloading https://repo.scala-lang.org/artifactory/maven-nightlies/io/monix/monix-catnap_2.12/3.2.0/monix-catnap_2.12-3.2.0.jar
2026.01.17 05:53:31 INFO  BSP server: Downloaded https://repo.scala-lang.org/artifactory/maven-nightlies/org/scala-sbt/util-interface/1.11.6/util-interface-1.11.6.jar
2026.01.17 05:53:31 INFO  BSP server: Downloading https://repo.scala-lang.org/artifactory/maven-nightlies/org/scala-lang/modules/scala-xml_2.12/2.3.0/scala-xml_2.12-2.3.0.jar
2026.01.17 05:53:31 INFO  BSP server: Downloaded https://repo.scala-lang.org/artifactory/maven-nightlies/org/scala-sbt/util-position_2.12/1.11.6/util-position_2.12-1.11.6.jar
2026.01.17 05:53:31 INFO  BSP server: Downloading https://repo.scala-lang.org/artifactory/maven-nightlies/com/lihaoyi/unroll-annotation_2.12/0.1.12/unroll-annotation_2.12-0.1.12.jar.sha1
2026.01.17 05:53:31 INFO  BSP server: Downloaded https://repo.scala-lang.org/artifactory/maven-nightlies/com/eed3si9n/shaded-scalajson_2.12/1.0.0-M4/shaded-scalajson_2.12-1.0.0-M4.jar
2026.01.17 05:53:31 INFO  BSP server: Downloading https://repo.scala-lang.org/artifactory/maven-nightlies/com/eed3si9n/gigahorse-core_2.12/0.9.3/gigahorse-core_2.12-0.9.3.jar.sha1
2026.01.17 05:53:31 INFO  BSP server: Downloaded https://repo.scala-lang.org/artifactory/maven-nightlies/ch/epfl/scala/libdaemon_2.12/0.0.12/libdaemon_2.12-0.0.12.jar
2026.01.17 05:53:31 INFO  BSP server: Downloading https://repo.scala-lang.org/artifactory/maven-nightlies/io/zipkin/zipkin2/zipkin/2.27.0/zipkin-2.27.0.jar.sha1
2026.01.17 05:53:31 INFO  BSP server: (watching) Downloaded https://repo.scala-lang.org/artifactory/maven-nightlies/org/scala-lang/modules/scala-xml_2.12/2.3.0/scala-xml_2.12-2.3.0.jar
2026.01.17 05:53:31 INFO  BSP server: Downloading https://repo.scala-lang.org/artifactory/maven-nightlies/org/scala-lang/modules/scala-parser-combinators_2.12/1.1.2/scala-parser-combinators_2.12-1.1.2.jar.sha1
2026.01.17 05:53:31 INFO  BSP server: Downloaded https://repo.scala-lang.org/artifactory/maven-nightlies/io/monix/monix-catnap_2.12/3.2.0/monix-catnap_2.12-3.2.0.jar
2026.01.17 05:53:31 INFO  BSP server: Downloading https://repo.scala-lang.org/artifactory/maven-nightlies/com/typesafe/config/1.4.2/config-1.4.2.jar.sha1
2026.01.17 05:53:31 INFO  BSP server: Downloaded https://repo.scala-lang.org/artifactory/maven-nightlies/com/lihaoyi/unroll-annotation_2.12/0.1.12/unroll-annotation_2.12-0.1.12.jar.sha1
2026.01.17 05:53:31 INFO  BSP server: Downloading https://repo.scala-lang.org/artifactory/maven-nightlies/org/scala-sbt/io_2.12/1.10.5/io_2.12-1.10.5.jar.sha1
2026.01.17 05:53:31 INFO  BSP server: Downloaded https://repo.scala-lang.org/artifactory/maven-nightlies/com/eed3si9n/gigahorse-core_2.12/0.9.3/gigahorse-core_2.12-0.9.3.jar.sha1
2026.01.17 05:53:31 INFO  BSP server: Downloading https://repo.scala-lang.org/artifactory/maven-nightlies/com/lihaoyi/fansi_2.12/0.5.1/fansi_2.12-0.5.1.jar.sha1
2026.01.17 05:53:31 INFO  BSP server: Downloaded https://repo.scala-lang.org/artifactory/maven-nightlies/io/zipkin/zipkin2/zipkin/2.27.0/zipkin-2.27.0.jar.sha1
2026.01.17 05:53:31 INFO  BSP server: Downloading https://repo.scala-lang.org/artifactory/maven-nightlies/org/scala-sbt/collections_2.12/1.11.6/collections_2.12-1.11.6.jar.sha1
2026.01.17 05:53:31 INFO  BSP server: Downloaded https://repo.scala-lang.org/artifactory/maven-nightlies/org/scala-lang/modules/scala-parser-combinators_2.12/1.1.2/scala-parser-combinators_2.12-1.1.2.jar.sha1
2026.01.17 05:53:31 INFO  BSP server: Downloading https://repo.scala-lang.org/artifactory/maven-nightlies/org/scala-sbt/librarymanagement-ivy_2.12/1.11.6/librarymanagement-ivy_2.12-1.11.6.jar.sha1
2026.01.17 05:53:31 INFO  BSP server: Downloaded https://repo.scala-lang.org/artifactory/maven-nightlies/org/scala-sbt/io_2.12/1.10.5/io_2.12-1.10.5.jar.sha1
2026.01.17 05:53:31 INFO  BSP server: Downloading https://repo.scala-lang.org/artifactory/maven-nightlies/org/scala-sbt/compiler-interface/1.11.0/compiler-interface-1.11.0.jar.sha1
2026.01.17 05:53:31 INFO  BSP server: Downloaded https://repo.scala-lang.org/artifactory/maven-nightlies/com/typesafe/config/1.4.2/config-1.4.2.jar.sha1
2026.01.17 05:53:31 INFO  BSP server: Downloading https://repo.scala-lang.org/artifactory/maven-nightlies/org/ow2/asm/asm-tree/9.9/asm-tree-9.9.jar.sha1
2026.01.17 05:53:32 INFO  BSP server: Downloaded https://repo.scala-lang.org/artifactory/maven-nightlies/org/scala-sbt/zinc-persist-core-assembly/1.11.0/zinc-persist-core-assembly-1.11.0.jar
2026.01.17 05:53:32 INFO  BSP server: Downloading https://repo.scala-lang.org/artifactory/maven-nightlies/io/monix/monix-java_2.12/3.2.0/monix-java_2.12-3.2.0.jar.sha1
2026.01.17 05:53:32 INFO  BSP server: Downloaded https://repo.scala-lang.org/artifactory/maven-nightlies/com/lihaoyi/fansi_2.12/0.5.1/fansi_2.12-0.5.1.jar.sha1
2026.01.17 05:53:32 INFO  BSP server: Downloading https://repo.scala-lang.org/artifactory/maven-nightlies/com/google/errorprone/error_prone_annotations/2.38.0/error_prone_annotations-2.38.0.jar.sha1
2026.01.17 05:53:32 INFO  BSP server: Downloaded https://repo.scala-lang.org/artifactory/maven-nightlies/org/scala-sbt/librarymanagement-ivy_2.12/1.11.6/librarymanagement-ivy_2.12-1.11.6.jar.sha1
2026.01.17 05:53:32 INFO  BSP server: Downloading https://repo.scala-lang.org/artifactory/maven-nightlies/com/outr/perfolation_2.12/1.2.8/perfolation_2.12-1.2.8.jar.sha1
2026.01.17 05:53:32 INFO  BSP server: Downloaded https://repo.scala-lang.org/artifactory/maven-nightlies/org/scala-sbt/collections_2.12/1.11.6/collections_2.12-1.11.6.jar.sha1
2026.01.17 05:53:32 INFO  BSP server: Downloading https://repo.scala-lang.org/artifactory/maven-nightlies/com/lihaoyi/sourcecode_2.12/0.4.4/sourcecode_2.12-0.4.4.jar.sha1
2026.01.17 05:53:32 INFO  BSP server: Downloaded https://repo.scala-lang.org/artifactory/maven-nightlies/org/ow2/asm/asm-tree/9.9/asm-tree-9.9.jar.sha1
2026.01.17 05:53:32 INFO  BSP server: Downloading https://repo.scala-lang.org/artifactory/maven-nightlies/org/scala-sbt/zinc_2.12/1.11.0/zinc_2.12-1.11.0.jar.sha1
2026.01.17 05:53:32 INFO  BSP server: Downloaded https://repo.scala-lang.org/artifactory/maven-nightlies/org/scala-sbt/compiler-interface/1.11.0/compiler-interface-1.11.0.jar.sha1
2026.01.17 05:53:32 INFO  BSP server: Downloading https://repo.scala-lang.org/artifactory/maven-nightlies/com/outr/scribe_2.12/3.5.5/scribe_2.12-3.5.5.jar.sha1
2026.01.17 05:53:32 INFO  BSP server: (watching) Downloaded https://repo.scala-lang.org/artifactory/maven-nightlies/io/monix/monix-java_2.12/3.2.0/monix-java_2.12-3.2.0.jar.sha1
2026.01.17 05:53:32 INFO  BSP server: Downloading https://repo.scala-lang.org/artifactory/maven-nightlies/io/github/alexarchambault/bleep/nailgun-server/1.0.7/nailgun-server-1.0.7.jar.sha1
2026.01.17 05:53:32 INFO  BSP server: (watching) Downloaded https://repo.scala-lang.org/artifactory/maven-nightlies/com/google/errorprone/error_prone_annotations/2.38.0/error_prone_annotations-2.38.0.jar.sha1
2026.01.17 05:53:32 INFO  BSP server: Downloading https://repo.scala-lang.org/artifactory/maven-nightlies/com/github/alexarchambault/case-app-annotations_2.12/2.0.6/case-app-annotations_2.12-2.0.6.jar.sha1
2026.01.17 05:53:32 INFO  BSP server: Downloaded https://repo.scala-lang.org/artifactory/maven-nightlies/com/outr/perfolation_2.12/1.2.8/perfolation_2.12-1.2.8.jar.sha1
2026.01.17 05:53:32 INFO  BSP server: Downloading https://repo.scala-lang.org/artifactory/maven-nightlies/org/scala-sbt/zinc-core_2.12/1.11.0/zinc-core_2.12-1.11.0.jar.sha1
2026.01.17 05:53:32 INFO  BSP server: Downloaded https://repo.scala-lang.org/artifactory/maven-nightlies/com/lihaoyi/sourcecode_2.12/0.4.4/sourcecode_2.12-0.4.4.jar.sha1
2026.01.17 05:53:32 INFO  BSP server: Downloading https://repo.scala-lang.org/artifactory/maven-nightlies/io/monix/monix_2.12/3.2.0/monix_2.12-3.2.0.jar.sha1
2026.01.17 05:53:32 INFO  BSP server: Downloaded https://repo.scala-lang.org/artifactory/maven-nightlies/com/outr/scribe_2.12/3.5.5/scribe_2.12-3.5.5.jar.sha1
2026.01.17 05:53:32 INFO  BSP server: Downloading https://repo.scala-lang.org/artifactory/maven-nightlies/org/jctools/jctools-core/2.1.2/jctools-core-2.1.2.jar.sha1
2026.01.17 05:53:32 INFO  BSP server: Downloaded https://repo.scala-lang.org/artifactory/maven-nightlies/org/scala-sbt/zinc_2.12/1.11.0/zinc_2.12-1.11.0.jar.sha1
2026.01.17 05:53:32 INFO  BSP server: Downloading https://repo.scala-lang.org/artifactory/maven-nightlies/net/java/dev/jna/jna-platform/4.4.0/jna-platform-4.4.0.jar.sha1
2026.01.17 05:53:32 INFO  BSP server: Downloaded https://repo.scala-lang.org/artifactory/maven-nightlies/io/github/alexarchambault/bleep/nailgun-server/1.0.7/nailgun-server-1.0.7.jar.sha1
2026.01.17 05:53:32 INFO  BSP server: Downloading https://repo.scala-lang.org/artifactory/maven-nightlies/org/scala-sbt/util-control_2.12/1.11.5/util-control_2.12-1.11.5.jar.sha1
2026.01.17 05:53:32 INFO  BSP server: Downloaded https://repo.scala-lang.org/artifactory/maven-nightlies/com/github/alexarchambault/case-app-annotations_2.12/2.0.6/case-app-annotations_2.12-2.0.6.jar.sha1
2026.01.17 05:53:32 INFO  BSP server: Downloading https://repo.scala-lang.org/artifactory/maven-nightlies/com/github/alexarchambault/case-app-util_2.12/2.0.6/case-app-util_2.12-2.0.6.jar.sha1
2026.01.17 05:53:32 INFO  BSP server: Downloaded https://repo.scala-lang.org/artifactory/maven-nightlies/org/scala-sbt/zinc-core_2.12/1.11.0/zinc-core_2.12-1.11.0.jar.sha1
2026.01.17 05:53:32 INFO  BSP server: Downloading https://repo.scala-lang.org/artifactory/maven-nightlies/io/monix/monix-tail_2.12/3.2.0/monix-tail_2.12-3.2.0.jar.sha1
2026.01.17 05:53:32 INFO  BSP server: Downloaded https://repo.scala-lang.org/artifactory/maven-nightlies/io/monix/monix-tail_2.12/3.2.0/monix-tail_2.12-3.2.0.jar.sha1
2026.01.17 05:53:32 INFO  BSP server: Downloading https://repo.scala-lang.org/artifactory/maven-nightlies/org/ow2/asm/asm-analysis/9.9/asm-analysis-9.9.jar.sha1
2026.01.17 05:53:32 INFO  BSP server: Downloaded https://repo.scala-lang.org/artifactory/maven-nightlies/io/monix/monix_2.12/3.2.0/monix_2.12-3.2.0.jar.sha1
2026.01.17 05:53:32 INFO  BSP server: Downloading https://repo.scala-lang.org/artifactory/maven-nightlies/org/scala-sbt/compiler-bridge_2.12/1.11.0/compiler-bridge_2.12-1.11.0.jar.sha1
2026.01.17 05:53:32 INFO  BSP server: (watching) Downloaded https://repo.scala-lang.org/artifactory/maven-nightlies/org/jctools/jctools-core/2.1.2/jctools-core-2.1.2.jar.sha1
2026.01.17 05:53:32 INFO  BSP server: Downloading https://repo.scala-lang.org/artifactory/maven-nightlies/ch/epfl/scala/directory-watcher/0.8.0+6-f651bd93/directory-watcher-0.8.0+6-f651bd93.jar.sha1
2026.01.17 05:53:32 INFO  BSP server: (watching) Downloaded https://repo.scala-lang.org/artifactory/maven-nightlies/net/java/dev/jna/jna-platform/4.4.0/jna-platform-4.4.0.jar.sha1
2026.01.17 05:53:32 INFO  BSP server: Downloading https://repo.scala-lang.org/artifactory/maven-nightlies/org/typelevel/cats-effect_2.12/2.1.3/cats-effect_2.12-2.1.3.jar.sha1
2026.01.17 05:53:32 INFO  BSP server: Downloaded https://repo.scala-lang.org/artifactory/maven-nightlies/org/scala-sbt/util-control_2.12/1.11.5/util-control_2.12-1.11.5.jar.sha1
2026.01.17 05:53:32 INFO  BSP server: Downloading https://repo.scala-lang.org/artifactory/maven-nightlies/com/eed3si9n/sjson-new-core_2.12/0.10.1/sjson-new-core_2.12-0.10.1.jar.sha1
2026.01.17 05:53:32 INFO  BSP server: Downloaded https://repo.scala-lang.org/artifactory/maven-nightlies/com/github/alexarchambault/case-app-util_2.12/2.0.6/case-app-util_2.12-2.0.6.jar.sha1
2026.01.17 05:53:32 INFO  BSP server: Downloading https://repo.scala-lang.org/artifactory/maven-nightlies/org/scala-sbt/test-agent/1.11.7/test-agent-1.11.7.jar.sha1
2026.01.17 05:53:32 INFO  BSP server: Downloaded https://repo.scala-lang.org/artifactory/maven-nightlies/org/ow2/asm/asm-analysis/9.9/asm-analysis-9.9.jar.sha1
2026.01.17 05:53:32 INFO  BSP server: Downloading https://repo.scala-lang.org/artifactory/maven-nightlies/net/jpountz/lz4/lz4/1.3.0/lz4-1.3.0.jar.sha1
2026.01.17 05:53:32 INFO  BSP server: Downloaded https://repo.scala-lang.org/artifactory/maven-nightlies/net/jpountz/lz4/lz4/1.3.0/lz4-1.3.0.jar.sha1
2026.01.17 05:53:32 INFO  BSP server: Downloading https://repo.scala-lang.org/artifactory/maven-nightlies/ch/epfl/scala/bloop-backend_2.12/2.0.17/bloop-backend_2.12-2.0.17.jar.sha1
2026.01.17 05:53:32 INFO  BSP server: (watching) Downloaded https://repo.scala-lang.org/artifactory/maven-nightlies/ch/epfl/scala/directory-watcher/0.8.0+6-f651bd93/directory-watcher-0.8.0+6-f651bd93.jar.sha1
2026.01.17 05:53:32 INFO  BSP server: Downloading https://repo.scala-lang.org/artifactory/maven-nightlies/ch/epfl/scala/bloop-frontend_2.12/2.0.17/bloop-frontend_2.12-2.0.17.jar.sha1
2026.01.17 05:53:32 INFO  BSP server: (watching) Downloaded https://repo.scala-lang.org/artifactory/maven-nightlies/org/typelevel/cats-effect_2.12/2.1.3/cats-effect_2.12-2.1.3.jar.sha1
2026.01.17 05:53:32 INFO  BSP server: Downloading https://repo.scala-lang.org/artifactory/maven-nightlies/io/monix/monix-execution_2.12/3.2.0/monix-execution_2.12-3.2.0.jar.sha1
2026.01.17 05:53:32 INFO  BSP server: Downloaded https://repo.scala-lang.org/artifactory/maven-nightlies/org/scala-sbt/compiler-bridge_2.12/1.11.0/compiler-bridge_2.12-1.11.0.jar.sha1
2026.01.17 05:53:32 INFO  BSP server: Downloading https://repo.scala-lang.org/artifactory/maven-nightlies/org/scala-sbt/util-relation_2.12/1.11.5/util-relation_2.12-1.11.5.jar.sha1
2026.01.17 05:53:33 INFO  BSP server: (watching) Downloaded https://repo.scala-lang.org/artifactory/maven-nightlies/com/eed3si9n/sjson-new-core_2.12/0.10.1/sjson-new-core_2.12-0.10.1.jar.sha1
2026.01.17 05:53:33 INFO  BSP server: Downloading https://repo.scala-lang.org/artifactory/maven-nightlies/io/zipkin/brave/brave/5.18.1/brave-5.18.1.jar.sha1
2026.01.17 05:53:33 INFO  BSP server: Downloaded https://repo.scala-lang.org/artifactory/maven-nightlies/org/scala-sbt/test-agent/1.11.7/test-agent-1.11.7.jar.sha1
2026.01.17 05:53:33 INFO  BSP server: Downloading https://repo.scala-lang.org/artifactory/maven-nightlies/com/eed3si9n/shaded-jawn-parser_2.12/1.3.2/shaded-jawn-parser_2.12-1.3.2.jar.sha1
2026.01.17 05:53:33 INFO  BSP server: Downloaded https://repo.scala-lang.org/artifactory/maven-nightlies/ch/epfl/scala/bloop-backend_2.12/2.0.17/bloop-backend_2.12-2.0.17.jar.sha1
2026.01.17 05:53:33 INFO  BSP server: Downloading https://repo.scala-lang.org/artifactory/maven-nightlies/org/scala-sbt/sbinary_2.12/0.5.1/sbinary_2.12-0.5.1.jar.sha1
2026.01.17 05:53:33 INFO  BSP server: (watching) Downloaded https://repo.scala-lang.org/artifactory/maven-nightlies/io/monix/monix-execution_2.12/3.2.0/monix-execution_2.12-3.2.0.jar.sha1
2026.01.17 05:53:33 INFO  BSP server: Downloaded https://repo.scala-lang.org/artifactory/maven-nightlies/ch/epfl/scala/bloop-frontend_2.12/2.0.17/bloop-frontend_2.12-2.0.17.jar.sha1
2026.01.17 05:53:33 INFO  BSP server: Downloading https://repo.scala-lang.org/artifactory/maven-nightlies/org/zeroturnaround/zt-zip/1.17/zt-zip-1.17.jar.sha1
2026.01.17 05:53:33 INFO  BSP server: Downloading https://repo.scala-lang.org/artifactory/maven-nightlies/org/scala-sbt/zinc-classfile_2.12/1.11.0/zinc-classfile_2.12-1.11.0.jar.sha1
2026.01.17 05:53:33 INFO  BSP server: Downloaded https://repo.scala-lang.org/artifactory/maven-nightlies/org/zeroturnaround/zt-zip/1.17/zt-zip-1.17.jar.sha1
2026.01.17 05:53:33 INFO  BSP server: Downloading https://repo.scala-lang.org/artifactory/maven-nightlies/org/scala-sbt/librarymanagement-core_2.12/1.11.6/librarymanagement-core_2.12-1.11.6.jar.sha1
2026.01.17 05:53:33 INFO  BSP server: Downloaded https://repo.scala-lang.org/artifactory/maven-nightlies/org/scala-sbt/util-relation_2.12/1.11.5/util-relation_2.12-1.11.5.jar.sha1
2026.01.17 05:53:33 INFO  BSP server: Downloading https://repo.scala-lang.org/artifactory/maven-nightlies/net/openhft/zero-allocation-hashing/0.16/zero-allocation-hashing-0.16.jar.sha1
2026.01.17 05:53:33 INFO  BSP server: Downloaded https://repo.scala-lang.org/artifactory/maven-nightlies/io/zipkin/brave/brave/5.18.1/brave-5.18.1.jar.sha1
2026.01.17 05:53:33 INFO  BSP server: Downloading https://repo.scala-lang.org/artifactory/maven-nightlies/org/typelevel/cats-core_2.12/2.1.1/cats-core_2.12-2.1.1.jar.sha1
2026.01.17 05:53:33 INFO  BSP server: Downloaded https://repo.scala-lang.org/artifactory/maven-nightlies/com/eed3si9n/shaded-jawn-parser_2.12/1.3.2/shaded-jawn-parser_2.12-1.3.2.jar.sha1
2026.01.17 05:53:33 INFO  BSP server: Downloading https://repo.scala-lang.org/artifactory/maven-nightlies/org/scala-sbt/jline/jline/2.14.7-sbt-9a88bc413e2b34a4580c001c654d1a7f4f65bf18/jline-2.14.7-sbt-9a88bc413e2b34a4580c001c654d1a7f4f65bf18.jar.sha1
2026.01.17 05:53:33 INFO  BSP server: (watching) Downloaded https://repo.scala-lang.org/artifactory/maven-nightlies/org/scala-sbt/sbinary_2.12/0.5.1/sbinary_2.12-0.5.1.jar.sha1
2026.01.17 05:53:33 INFO  BSP server: Downloading https://repo.scala-lang.org/artifactory/maven-nightlies/com/github/plokhotnyuk/jsoniter-scala/jsoniter-scala-macros_2.12/2.13.3.2/jsoniter-scala-macros_2.12-2.13.3.2.jar.sha1
2026.01.17 05:53:33 INFO  BSP server: (watching) Downloaded https://repo.scala-lang.org/artifactory/maven-nightlies/net/openhft/zero-allocation-hashing/0.16/zero-allocation-hashing-0.16.jar.sha1
2026.01.17 05:53:33 INFO  BSP server: Downloading https://repo.scala-lang.org/artifactory/maven-nightlies/org/scala-sbt/util-logging_2.12/1.11.6/util-logging_2.12-1.11.6.jar.sha1
2026.01.17 05:53:33 INFO  BSP server: Downloaded https://repo.scala-lang.org/artifactory/maven-nightlies/org/scala-sbt/librarymanagement-core_2.12/1.11.6/librarymanagement-core_2.12-1.11.6.jar.sha1
2026.01.17 05:53:33 INFO  BSP server: Downloading https://repo.scala-lang.org/artifactory/maven-nightlies/org/scala-sbt/zinc-compile-core_2.12/1.11.0/zinc-compile-core_2.12-1.11.0.jar.sha1
2026.01.17 05:53:33 INFO  BSP server: Downloaded https://repo.scala-lang.org/artifactory/maven-nightlies/org/scala-sbt/zinc-classfile_2.12/1.11.0/zinc-classfile_2.12-1.11.0.jar.sha1
2026.01.17 05:53:33 INFO  BSP server: Downloading https://repo.scala-lang.org/artifactory/maven-nightlies/io/monix/implicitbox_2.12/0.2.0/implicitbox_2.12-0.2.0.jar.sha1
2026.01.17 05:53:33 INFO  BSP server: (watching) Downloaded https://repo.scala-lang.org/artifactory/maven-nightlies/org/typelevel/cats-core_2.12/2.1.1/cats-core_2.12-2.1.1.jar.sha1
2026.01.17 05:53:33 INFO  BSP server: Downloading https://repo.scala-lang.org/artifactory/maven-nightlies/org/scala-lang/scala-library/2.12.20/scala-library-2.12.20.jar.sha1
2026.01.17 05:53:33 INFO  BSP server: (watching) Downloaded https://repo.scala-lang.org/artifactory/maven-nightlies/org/scala-sbt/jline/jline/2.14.7-sbt-9a88bc413e2b34a4580c001c654d1a7f4f65bf18/jline-2.14.7-sbt-9a88bc413e2b34a4580c001c654d1a7f4f65bf18.jar.sha1
2026.01.17 05:53:33 INFO  BSP server: Downloading https://repo.scala-lang.org/artifactory/maven-nightlies/org/scala-sbt/core-macros_2.12/1.11.6/core-macros_2.12-1.11.6.jar.sha1
2026.01.17 05:53:33 INFO  BSP server: (watching) Downloaded https://repo.scala-lang.org/artifactory/maven-nightlies/com/github/plokhotnyuk/jsoniter-scala/jsoniter-scala-macros_2.12/2.13.3.2/jsoniter-scala-macros_2.12-2.13.3.2.jar.sha1
2026.01.17 05:53:33 INFO  BSP server: Downloading https://repo.scala-lang.org/artifactory/maven-nightlies/org/scala-sbt/launcher-interface/1.5.1/launcher-interface-1.5.1.jar.sha1
2026.01.17 05:53:33 INFO  BSP server: Downloaded https://repo.scala-lang.org/artifactory/maven-nightlies/org/scala-sbt/util-logging_2.12/1.11.6/util-logging_2.12-1.11.6.jar.sha1
2026.01.17 05:53:33 INFO  BSP server: Downloading https://repo.scala-lang.org/artifactory/maven-nightlies/org/scala-sbt/util-cache_2.12/1.11.6/util-cache_2.12-1.11.6.jar.sha1
2026.01.17 05:53:33 INFO  BSP server: Downloaded https://repo.scala-lang.org/artifactory/maven-nightlies/org/scala-sbt/zinc-compile-core_2.12/1.11.0/zinc-compile-core_2.12-1.11.0.jar.sha1
2026.01.17 05:53:33 INFO  BSP server: Downloading https://repo.scala-lang.org/artifactory/maven-nightlies/ch/epfl/scala/bloop-config_2.12/2.3.3/bloop-config_2.12-2.3.3.jar.sha1
2026.01.17 05:53:33 INFO  BSP server: Downloaded https://repo.scala-lang.org/artifactory/maven-nightlies/io/monix/implicitbox_2.12/0.2.0/implicitbox_2.12-0.2.0.jar.sha1
2026.01.17 05:53:33 INFO  BSP server: Downloading https://repo.scala-lang.org/artifactory/maven-nightlies/org/scalameta/common_2.12/4.13.8/common_2.12-4.13.8.jar.sha1
2026.01.17 05:53:33 INFO  BSP server: Downloaded https://repo.scala-lang.org/artifactory/maven-nightlies/org/scala-lang/scala-library/2.12.20/scala-library-2.12.20.jar.sha1
2026.01.17 05:53:33 INFO  BSP server: Downloading https://repo.scala-lang.org/artifactory/maven-nightlies/org/scalameta/parsers_2.12/4.13.8/parsers_2.12-4.13.8.jar.sha1
2026.01.17 05:53:33 INFO  BSP server: Downloaded https://repo.scala-lang.org/artifactory/maven-nightlies/org/scala-sbt/core-macros_2.12/1.11.6/core-macros_2.12-1.11.6.jar.sha1
2026.01.17 05:53:33 INFO  BSP server: Downloading https://repo.scala-lang.org/artifactory/maven-nightlies/org/apache/logging/log4j/log4j-api/2.23.0/log4j-api-2.23.0.jar.sha1
2026.01.17 05:53:33 INFO  BSP server: Downloaded https://repo.scala-lang.org/artifactory/maven-nightlies/org/scala-sbt/launcher-interface/1.5.1/launcher-interface-1.5.1.jar.sha1
2026.01.17 05:53:33 INFO  BSP server: Downloading https://repo.scala-lang.org/artifactory/maven-nightlies/org/scala-sbt/ivy/ivy/2.3.0-sbt-77cc781d727b367d3761f097d89f5a4762771d41/ivy-2.3.0-sbt-77cc781d727b367d3761f097d89f5a4762771d41.jar.sha1
2026.01.17 05:53:33 INFO  BSP server: Downloaded https://repo.scala-lang.org/artifactory/maven-nightlies/org/scala-sbt/util-cache_2.12/1.11.6/util-cache_2.12-1.11.6.jar.sha1
2026.01.17 05:53:33 INFO  BSP server: Downloading https://repo.scala-lang.org/artifactory/maven-nightlies/com/eed3si9n/sjson-new-murmurhash_2.12/0.10.1/sjson-new-murmurhash_2.12-0.10.1.jar.sha1
2026.01.17 05:53:33 INFO  BSP server: Downloaded https://repo.scala-lang.org/artifactory/maven-nightlies/ch/epfl/scala/bloop-config_2.12/2.3.3/bloop-config_2.12-2.3.3.jar.sha1
2026.01.17 05:53:33 INFO  BSP server: Downloading https://repo.scala-lang.org/artifactory/maven-nightlies/ch/epfl/scala/bloop-shared_2.12/2.0.17/bloop-shared_2.12-2.0.17.jar.sha1
2026.01.17 05:53:34 INFO  BSP server: Downloaded https://repo.scala-lang.org/artifactory/maven-nightlies/org/scalameta/common_2.12/4.13.8/common_2.12-4.13.8.jar.sha1
2026.01.17 05:53:34 INFO  BSP server: Downloading https://repo.scala-lang.org/artifactory/maven-nightlies/com/eed3si9n/gigahorse-apache-http_2.12/0.9.3/gigahorse-apache-http_2.12-0.9.3.jar.sha1
2026.01.17 05:53:34 INFO  BSP server: Downloaded https://repo.scala-lang.org/artifactory/maven-nightlies/org/scalameta/parsers_2.12/4.13.8/parsers_2.12-4.13.8.jar.sha1
2026.01.17 05:53:34 INFO  BSP server: Downloading https://repo.scala-lang.org/artifactory/maven-nightlies/org/scala-sbt/zinc-classpath_2.12/1.11.0/zinc-classpath_2.12-1.11.0.jar.sha1
2026.01.17 05:53:34 INFO  BSP server: (watching) Downloaded https://repo.scala-lang.org/artifactory/maven-nightlies/org/apache/logging/log4j/log4j-api/2.23.0/log4j-api-2.23.0.jar.sha1
2026.01.17 05:53:34 INFO  BSP server: Downloading https://repo.scala-lang.org/artifactory/maven-nightlies/org/ow2/asm/asm-util/9.9/asm-util-9.9.jar.sha1
2026.01.17 05:53:34 INFO  BSP server: Downloaded https://repo.scala-lang.org/artifactory/maven-nightlies/org/scala-sbt/ivy/ivy/2.3.0-sbt-77cc781d727b367d3761f097d89f5a4762771d41/ivy-2.3.0-sbt-77cc781d727b367d3761f097d89f5a4762771d41.jar.sha1
2026.01.17 05:53:34 INFO  BSP server: Downloading https://repo.scala-lang.org/artifactory/maven-nightlies/org/typelevel/macro-compat_2.12/1.1.1/macro-compat_2.12-1.1.1.jar.sha1
2026.01.17 05:53:34 INFO  BSP server: (watching) Downloaded https://repo.scala-lang.org/artifactory/maven-nightlies/com/eed3si9n/sjson-new-murmurhash_2.12/0.10.1/sjson-new-murmurhash_2.12-0.10.1.jar.sha1
2026.01.17 05:53:34 INFO  BSP server: Downloading https://repo.scala-lang.org/artifactory/maven-nightlies/net/java/dev/jna/jna/5.18.1/jna-5.18.1.jar.sha1
2026.01.17 05:53:34 INFO  BSP server: Downloaded https://repo.scala-lang.org/artifactory/maven-nightlies/ch/epfl/scala/bloop-shared_2.12/2.0.17/bloop-shared_2.12-2.0.17.jar.sha1
2026.01.17 05:53:34 INFO  BSP server: Downloading https://repo.scala-lang.org/artifactory/maven-nightlies/org/typelevel/cats-kernel_2.12/2.1.1/cats-kernel_2.12-2.1.1.jar.sha1
2026.01.17 05:53:34 INFO  BSP server: Downloaded https://repo.scala-lang.org/artifactory/maven-nightlies/com/eed3si9n/gigahorse-apache-http_2.12/0.9.3/gigahorse-apache-http_2.12-0.9.3.jar.sha1
2026.01.17 05:53:34 INFO  BSP server: Downloading https://repo.scala-lang.org/artifactory/maven-nightlies/ch/epfl/scala/bsp4s_2.12/2.1.1/bsp4s_2.12-2.1.1.jar.sha1
2026.01.17 05:53:34 INFO  BSP server: Downloaded https://repo.scala-lang.org/artifactory/maven-nightlies/ch/epfl/scala/bsp4s_2.12/2.1.1/bsp4s_2.12-2.1.1.jar.sha1
2026.01.17 05:53:34 INFO  BSP server: Downloading https://repo.scala-lang.org/artifactory/maven-nightlies/org/scalaz/scalaz-core_2.12/7.3.8/scalaz-core_2.12-7.3.8.jar.sha1
2026.01.17 05:53:34 INFO  BSP server: Downloaded https://repo.scala-lang.org/artifactory/maven-nightlies/org/scala-sbt/zinc-classpath_2.12/1.11.0/zinc-classpath_2.12-1.11.0.jar.sha1
2026.01.17 05:53:34 INFO  BSP server: Downloading https://repo.scala-lang.org/artifactory/maven-nightlies/io/monix/monix-eval_2.12/3.2.0/monix-eval_2.12-3.2.0.jar.sha1
2026.01.17 05:53:34 INFO  BSP server: Downloaded https://repo.scala-lang.org/artifactory/maven-nightlies/org/ow2/asm/asm-util/9.9/asm-util-9.9.jar.sha1
2026.01.17 05:53:34 INFO  BSP server: Downloading https://repo.scala-lang.org/artifactory/maven-nightlies/com/lihaoyi/pprint_2.12/0.9.4/pprint_2.12-0.9.4.jar.sha1
2026.01.17 05:53:34 INFO  BSP server: Downloaded https://repo.scala-lang.org/artifactory/maven-nightlies/net/java/dev/jna/jna/5.18.1/jna-5.18.1.jar.sha1
2026.01.17 05:53:34 INFO  BSP server: Downloading https://repo.scala-lang.org/artifactory/maven-nightlies/org/scala-sbt/zinc-apiinfo_2.12/1.11.0/zinc-apiinfo_2.12-1.11.0.jar.sha1
2026.01.17 05:53:34 INFO  BSP server: Downloaded https://repo.scala-lang.org/artifactory/maven-nightlies/org/typelevel/macro-compat_2.12/1.1.1/macro-compat_2.12-1.1.1.jar.sha1
2026.01.17 05:53:34 INFO  BSP server: Downloading https://repo.scala-lang.org/artifactory/maven-nightlies/io/get-coursier/util/directories-jni/0.1.2/directories-jni-0.1.2.jar.sha1
2026.01.17 05:53:34 INFO  BSP server: Downloaded https://repo.scala-lang.org/artifactory/maven-nightlies/org/scalaz/scalaz-core_2.12/7.3.8/scalaz-core_2.12-7.3.8.jar.sha1
2026.01.17 05:53:34 INFO  BSP server: Downloading https://repo.scala-lang.org/artifactory/maven-nightlies/ch/qos/logback/logback-classic/1.5.21/logback-classic-1.5.21.jar.sha1
2026.01.17 05:53:34 INFO  BSP server: Downloaded https://repo.scala-lang.org/artifactory/maven-nightlies/org/typelevel/cats-kernel_2.12/2.1.1/cats-kernel_2.12-2.1.1.jar.sha1
2026.01.17 05:53:34 INFO  BSP server: Downloading https://repo.scala-lang.org/artifactory/maven-nightlies/io/get-coursier/util/directories/0.1.2/directories-0.1.2.jar.sha1
2026.01.17 05:53:34 INFO  BSP server: Downloaded https://repo.scala-lang.org/artifactory/maven-nightlies/io/monix/monix-eval_2.12/3.2.0/monix-eval_2.12-3.2.0.jar.sha1
2026.01.17 05:53:34 INFO  BSP server: Downloading https://repo.scala-lang.org/artifactory/maven-nightlies/com/chuusai/shapeless_2.12/2.3.3/shapeless_2.12-2.3.3.jar.sha1
2026.01.17 05:53:34 INFO  BSP server: Downloaded https://repo.scala-lang.org/artifactory/maven-nightlies/com/lihaoyi/pprint_2.12/0.9.4/pprint_2.12-0.9.4.jar.sha1
2026.01.17 05:53:34 INFO  BSP server: Downloading https://repo.scala-lang.org/artifactory/maven-nightlies/org/apache/logging/log4j/log4j-core/2.23.0/log4j-core-2.23.0.jar.sha1
2026.01.17 05:53:34 INFO  BSP server: Downloaded https://repo.scala-lang.org/artifactory/maven-nightlies/org/apache/logging/log4j/log4j-core/2.23.0/log4j-core-2.23.0.jar.sha1
2026.01.17 05:53:34 INFO  BSP server: Downloading https://repo.scala-lang.org/artifactory/maven-nightlies/com/github/plokhotnyuk/jsoniter-scala/jsoniter-scala-core_2.12/2.13.5.2/jsoniter-scala-core_2.12-2.13.5.2.jar.sha1
2026.01.17 05:53:34 INFO  BSP server: Downloaded https://repo.scala-lang.org/artifactory/maven-nightlies/com/github/plokhotnyuk/jsoniter-scala/jsoniter-scala-core_2.12/2.13.5.2/jsoniter-scala-core_2.12-2.13.5.2.jar.sha1
2026.01.17 05:53:34 INFO  BSP server: Downloading https://repo.scala-lang.org/artifactory/maven-nightlies/com/typesafe/ssl-config-core_2.12/0.6.1/ssl-config-core_2.12-0.6.1.jar.sha1
2026.01.17 05:53:34 INFO  BSP server: Downloaded https://repo.scala-lang.org/artifactory/maven-nightlies/com/typesafe/ssl-config-core_2.12/0.6.1/ssl-config-core_2.12-0.6.1.jar.sha1
2026.01.17 05:53:34 INFO  BSP server: Downloading https://repo.scala-lang.org/artifactory/maven-nightlies/com/eed3si9n/sjson-new-scalajson_2.12/0.10.1/sjson-new-scalajson_2.12-0.10.1.jar.sha1
2026.01.17 05:53:34 INFO  BSP server: Downloaded https://repo.scala-lang.org/artifactory/maven-nightlies/io/get-coursier/util/directories-jni/0.1.2/directories-jni-0.1.2.jar.sha1
2026.01.17 05:53:34 INFO  BSP server: Downloading https://repo.scala-lang.org/artifactory/maven-nightlies/io/monix/monix-reactive_2.12/3.2.0/monix-reactive_2.12-3.2.0.jar.sha1
2026.01.17 05:53:34 INFO  BSP server: Downloaded https://repo.scala-lang.org/artifactory/maven-nightlies/org/scala-sbt/zinc-apiinfo_2.12/1.11.0/zinc-apiinfo_2.12-1.11.0.jar.sha1
2026.01.17 05:53:34 INFO  BSP server: Downloading https://repo.scala-lang.org/artifactory/maven-nightlies/ch/epfl/scala/scala-debug-adapter_2.12/4.2.8/scala-debug-adapter_2.12-4.2.8.jar.sha1
2026.01.17 05:53:34 INFO  BSP server: Downloaded https://repo.scala-lang.org/artifactory/maven-nightlies/ch/qos/logback/logback-classic/1.5.21/logback-classic-1.5.21.jar.sha1
2026.01.17 05:53:34 INFO  BSP server: Downloading https://repo.scala-lang.org/artifactory/maven-nightlies/com/github/alexarchambault/case-app_2.12/2.0.6/case-app_2.12-2.0.6.jar.sha1
2026.01.17 05:53:34 INFO  BSP server: Downloaded https://repo.scala-lang.org/artifactory/maven-nightlies/io/get-coursier/util/directories/0.1.2/directories-0.1.2.jar.sha1
2026.01.17 05:53:34 INFO  BSP server: Downloading https://repo.scala-lang.org/artifactory/maven-nightlies/ch/qos/logback/logback-core/1.5.21/logback-core-1.5.21.jar.sha1
2026.01.17 05:53:34 INFO  BSP server: (watching) Downloaded https://repo.scala-lang.org/artifactory/maven-nightlies/com/chuusai/shapeless_2.12/2.3.3/shapeless_2.12-2.3.3.jar.sha1
2026.01.17 05:53:34 INFO  BSP server: Downloading https://repo.scala-lang.org/artifactory/maven-nightlies/com/lmax/disruptor/3.4.2/disruptor-3.4.2.jar.sha1
2026.01.17 05:53:34 INFO  BSP server: Downloaded https://repo.scala-lang.org/artifactory/maven-nightlies/com/lmax/disruptor/3.4.2/disruptor-3.4.2.jar.sha1
2026.01.17 05:53:34 INFO  BSP server: Downloading https://repo.scala-lang.org/artifactory/maven-nightlies/org/scala-sbt/zinc-persist_2.12/1.11.0/zinc-persist_2.12-1.11.0.jar.sha1
2026.01.17 05:53:34 INFO  BSP server: Downloaded https://repo.scala-lang.org/artifactory/maven-nightlies/com/eed3si9n/sjson-new-scalajson_2.12/0.10.1/sjson-new-scalajson_2.12-0.10.1.jar.sha1
2026.01.17 05:53:34 INFO  BSP server: Downloading https://repo.scala-lang.org/artifactory/maven-nightlies/org/scala-lang/scala-reflect/2.12.20/scala-reflect-2.12.20.jar.sha1
2026.01.17 05:53:34 INFO  BSP server: Downloaded https://repo.scala-lang.org/artifactory/maven-nightlies/org/scala-lang/scala-reflect/2.12.20/scala-reflect-2.12.20.jar.sha1
2026.01.17 05:53:34 INFO  BSP server: Downloading https://repo.scala-lang.org/artifactory/maven-nightlies/com/github/mwiede/jsch/0.2.23/jsch-0.2.23.jar.sha1
2026.01.17 05:53:34 INFO  BSP server: Downloaded https://repo.scala-lang.org/artifactory/maven-nightlies/com/github/mwiede/jsch/0.2.23/jsch-0.2.23.jar.sha1
2026.01.17 05:53:34 INFO  BSP server: Downloading https://repo.scala-lang.org/artifactory/maven-nightlies/org/scala-lang/modules/scala-collection-compat_2.12/2.13.0/scala-collection-compat_2.12-2.13.0.jar.sha1
2026.01.17 05:53:34 INFO  BSP server: Downloaded https://repo.scala-lang.org/artifactory/maven-nightlies/org/scala-lang/modules/scala-collection-compat_2.12/2.13.0/scala-collection-compat_2.12-2.13.0.jar.sha1
2026.01.17 05:53:34 INFO  BSP server: Downloading https://repo.scala-lang.org/artifactory/maven-nightlies/org/typelevel/cats-macros_2.12/2.1.1/cats-macros_2.12-2.1.1.jar.sha1
2026.01.17 05:53:35 INFO  BSP server: (watching) Downloaded https://repo.scala-lang.org/artifactory/maven-nightlies/io/monix/monix-reactive_2.12/3.2.0/monix-reactive_2.12-3.2.0.jar.sha1
2026.01.17 05:53:35 INFO  BSP server: Downloading https://repo.scala-lang.org/artifactory/maven-nightlies/io/zipkin/reporter2/zipkin-reporter/2.17.2/zipkin-reporter-2.17.2.jar.sha1
2026.01.17 05:53:35 INFO  BSP server: Downloaded https://repo.scala-lang.org/artifactory/maven-nightlies/io/zipkin/reporter2/zipkin-reporter/2.17.2/zipkin-reporter-2.17.2.jar.sha1
2026.01.17 05:53:35 INFO  BSP server: Downloading https://repo.scala-lang.org/artifactory/maven-nightlies/org/scala-lang/scala-compiler/2.12.20/scala-compiler-2.12.20.jar.sha1
2026.01.17 05:53:35 INFO  BSP server: (watching) Downloaded https://repo.scala-lang.org/artifactory/maven-nightlies/ch/epfl/scala/scala-debug-adapter_2.12/4.2.8/scala-debug-adapter_2.12-4.2.8.jar.sha1
2026.01.17 05:53:35 INFO  BSP server: Downloading https://repo.scala-lang.org/artifactory/maven-nightlies/io/zipkin/reporter2/zipkin-reporter-brave/2.17.2/zipkin-reporter-brave-2.17.2.jar.sha1
2026.01.17 05:53:35 INFO  BSP server: Downloaded https://repo.scala-lang.org/artifactory/maven-nightlies/com/github/alexarchambault/case-app_2.12/2.0.6/case-app_2.12-2.0.6.jar.sha1
2026.01.17 05:53:35 INFO  BSP server: Downloading https://repo.scala-lang.org/artifactory/maven-nightlies/io/zipkin/reporter2/zipkin-sender-urlconnection/2.17.2/zipkin-sender-urlconnection-2.17.2.jar.sha1
2026.01.17 05:53:35 INFO  BSP server: Downloaded https://repo.scala-lang.org/artifactory/maven-nightlies/io/zipkin/reporter2/zipkin-sender-urlconnection/2.17.2/zipkin-sender-urlconnection-2.17.2.jar.sha1
2026.01.17 05:53:35 INFO  BSP server: Downloading https://repo.scala-lang.org/artifactory/maven-nightlies/com/outr/moduload_2.12/1.1.5/moduload_2.12-1.1.5.jar.sha1
2026.01.17 05:53:35 INFO  BSP server: Downloaded https://repo.scala-lang.org/artifactory/maven-nightlies/com/outr/moduload_2.12/1.1.5/moduload_2.12-1.1.5.jar.sha1
2026.01.17 05:53:35 INFO  BSP server: Downloading https://repo.scala-lang.org/artifactory/maven-nightlies/org/scalameta/trees_2.12/4.13.8/trees_2.12-4.13.8.jar.sha1
2026.01.17 05:53:35 INFO  BSP server: Downloaded https://repo.scala-lang.org/artifactory/maven-nightlies/org/scalameta/trees_2.12/4.13.8/trees_2.12-4.13.8.jar.sha1
2026.01.17 05:53:35 INFO  BSP server: Downloading https://repo.scala-lang.org/artifactory/maven-nightlies/io/github/alexarchambault/bleep/jsonrpc4s_2.12/0.1.1/jsonrpc4s_2.12-0.1.1.jar.sha1
2026.01.17 05:53:35 INFO  BSP server: Downloaded https://repo.scala-lang.org/artifactory/maven-nightlies/ch/qos/logback/logback-core/1.5.21/logback-core-1.5.21.jar.sha1
2026.01.17 05:53:35 INFO  BSP server: Downloading https://repo.scala-lang.org/artifactory/maven-nightlies/com/eed3si9n/shaded-apache-httpclient5/0.9.3/shaded-apache-httpclient5-0.9.3.jar.sha1
2026.01.17 05:53:35 INFO  BSP server: Downloaded https://repo.scala-lang.org/artifactory/maven-nightlies/com/eed3si9n/shaded-apache-httpclient5/0.9.3/shaded-apache-httpclient5-0.9.3.jar.sha1
2026.01.17 05:53:35 INFO  BSP server: Downloading https://repo.scala-lang.org/artifactory/maven-nightlies/org/scalameta/io_2.12/4.13.8/io_2.12-4.13.8.jar.sha1
2026.01.17 05:53:35 INFO  BSP server: Downloaded https://repo.scala-lang.org/artifactory/maven-nightlies/org/scalameta/io_2.12/4.13.8/io_2.12-4.13.8.jar.sha1
2026.01.17 05:53:35 INFO  BSP server: Downloading https://repo.scala-lang.org/artifactory/maven-nightlies/org/scala-sbt/util-interface/1.11.6/util-interface-1.11.6.jar.sha1
2026.01.17 05:53:35 INFO  BSP server: Downloaded https://repo.scala-lang.org/artifactory/maven-nightlies/org/scala-sbt/zinc-persist_2.12/1.11.0/zinc-persist_2.12-1.11.0.jar.sha1
2026.01.17 05:53:35 INFO  BSP server: Downloading https://repo.scala-lang.org/artifactory/maven-nightlies/org/scala-sbt/util-position_2.12/1.11.6/util-position_2.12-1.11.6.jar.sha1
2026.01.17 05:53:35 INFO  BSP server: (watching) Downloaded https://repo.scala-lang.org/artifactory/maven-nightlies/org/typelevel/cats-macros_2.12/2.1.1/cats-macros_2.12-2.1.1.jar.sha1
2026.01.17 05:53:35 INFO  BSP server: Downloaded https://repo.scala-lang.org/artifactory/maven-nightlies/org/scala-lang/scala-compiler/2.12.20/scala-compiler-2.12.20.jar.sha1
2026.01.17 05:53:35 INFO  BSP server: Downloaded https://repo.scala-lang.org/artifactory/maven-nightlies/io/zipkin/reporter2/zipkin-reporter-brave/2.17.2/zipkin-reporter-brave-2.17.2.jar.sha1
2026.01.17 05:53:35 INFO  BSP server: (watching) Downloaded https://repo.scala-lang.org/artifactory/maven-nightlies/io/github/alexarchambault/bleep/jsonrpc4s_2.12/0.1.1/jsonrpc4s_2.12-0.1.1.jar.sha1
2026.01.17 05:53:35 INFO  BSP server: Downloaded https://repo.scala-lang.org/artifactory/maven-nightlies/org/scala-sbt/util-position_2.12/1.11.6/util-position_2.12-1.11.6.jar.sha1
2026.01.17 05:53:35 INFO  BSP server: Downloaded https://repo.scala-lang.org/artifactory/maven-nightlies/org/scala-sbt/util-interface/1.11.6/util-interface-1.11.6.jar.sha1
2026.01.17 05:53:35 INFO  BSP server: Downloading https://repo.scala-lang.org/artifactory/maven-nightlies/com/eed3si9n/shaded-scalajson_2.12/1.0.0-M4/shaded-scalajson_2.12-1.0.0-M4.jar.sha1
2026.01.17 05:53:35 INFO  BSP server: Downloading https://repo.scala-lang.org/artifactory/maven-nightlies/ch/epfl/scala/libdaemon_2.12/0.0.12/libdaemon_2.12-0.0.12.jar.sha1
2026.01.17 05:53:35 INFO  BSP server: Downloading https://repo.scala-lang.org/artifactory/maven-nightlies/io/monix/monix-catnap_2.12/3.2.0/monix-catnap_2.12-3.2.0.jar.sha1
2026.01.17 05:53:35 INFO  BSP server: Downloading https://repo.scala-lang.org/artifactory/maven-nightlies/org/scala-sbt/zinc-persist-core-assembly/1.11.0/zinc-persist-core-assembly-1.11.0.jar.sha1
2026.01.17 05:53:35 INFO  BSP server: Downloaded https://repo.scala-lang.org/artifactory/maven-nightlies/ch/epfl/scala/libdaemon_2.12/0.0.12/libdaemon_2.12-0.0.12.jar.sha1
2026.01.17 05:53:35 INFO  BSP server: (watching) Downloaded https://repo.scala-lang.org/artifactory/maven-nightlies/com/eed3si9n/shaded-scalajson_2.12/1.0.0-M4/shaded-scalajson_2.12-1.0.0-M4.jar.sha1
2026.01.17 05:53:35 INFO  BSP server: Downloaded https://repo.scala-lang.org/artifactory/maven-nightlies/io/monix/monix-catnap_2.12/3.2.0/monix-catnap_2.12-3.2.0.jar.sha1
2026.01.17 05:53:35 INFO  BSP server: Downloaded https://repo.scala-lang.org/artifactory/maven-nightlies/org/scala-sbt/zinc-persist-core-assembly/1.11.0/zinc-persist-core-assembly-1.11.0.jar.sha1
2026.01.17 05:53:35 INFO  BSP server: Starting compilation server
2026.01.17 05:53:39 INFO  BSP server: Error: java.nio.file.AccessDeniedException: C:\Users\werka\AppData\Local\ScalaCli\cache\.bsp-sockets.tmp-31548 -> C:\Users\werka\AppData\Local\ScalaCli\cache\bsp-sockets
2026.01.17 05:53:39 INFO  BSP server: For more details, please see 'D:\SFBU\Spring_semester_2026\CS570\.scala-build\stacktraces\1768658019-7949102225794978666.log'
2026.01.17 05:53:59 WARN  no build target for: D:\SFBU\Spring_semester_2026\CS570\Coursera_course\scala-project\src\main\scala\example\example.worksheet.sc
2026.01.17 05:54:00 INFO  time: evaluated worksheet 'example.worksheet.sc' in 0.71s
2026.01.17 05:54:01 WARN  no build target for: D:\SFBU\Spring_semester_2026\CS570\Coursera_course\scala-project\src\main\scala\example\example.worksheet.sc
2026.01.17 05:54:01 INFO  time: evaluated worksheet 'example.worksheet.sc' in 0.57s
2026.01.17 05:54:08 ERROR Timeout waiting for 'build/initialize' response
2026.01.17 05:54:08 WARN  Retrying connection to the build server scala-cli
2026.01.17 05:54:08 INFO  Running BSP server List(C:\Users\werka\AppData\Local\Coursier\data\bin\.scala-cli.aux.exe, bsp, --json-options, D:\SFBU\Spring_semester_2026\CS570\.scala-build\ide-options-v2.json, --json-launcher-options, D:\SFBU\Spring_semester_2026\CS570\.scala-build\ide-launcher-options.json, --envs-file, D:\SFBU\Spring_semester_2026\CS570\.scala-build\ide-envs.json, D:\SFBU\Spring_semester_2026\CS570)
2026.01.17 05:54:08 INFO  tracing is disabled for protocol BSP, to enable tracing of incoming and outgoing JSON messages create an empty file at D:\SFBU\Spring_semester_2026\CS570\.metals\bsp.trace.json or C:\Users\werka\AppData\Local\scalameta\metals\cache\bsp.trace.json
2026.01.17 05:54:19 INFO  BSP server: Downloading https://repo.scala-lang.org/artifactory/maven-nightlies/org/scala-lang/scala3-sbt-bridge/3.8.0/scala3-sbt-bridge-3.8.0.pom
2026.01.17 05:54:19 INFO  BSP server: Downloaded https://repo.scala-lang.org/artifactory/maven-nightlies/org/scala-lang/scala3-sbt-bridge/3.8.0/scala3-sbt-bridge-3.8.0.pom
2026.01.17 05:54:19 INFO  BSP server: Downloading https://repo.scala-lang.org/artifactory/maven-nightlies/org/scala-lang/scala3-repl_3/3.8.0/scala3-repl_3-3.8.0.pom
2026.01.17 05:54:20 INFO  BSP server: Downloaded https://repo.scala-lang.org/artifactory/maven-nightlies/org/scala-lang/scala3-repl_3/3.8.0/scala3-repl_3-3.8.0.pom
2026.01.17 05:54:20 INFO  BSP server: Downloading https://repo.scala-lang.org/artifactory/maven-nightlies/org/scala-lang/scala3-repl_3/3.8.0/scala3-repl_3-3.8.0.jar
2026.01.17 05:54:20 INFO  BSP server: Downloading https://repo.scala-lang.org/artifactory/maven-nightlies/org/scala-lang/scala3-sbt-bridge/3.8.0/scala3-sbt-bridge-3.8.0.jar
2026.01.17 05:54:21 INFO  BSP server: Downloaded https://repo.scala-lang.org/artifactory/maven-nightlies/org/scala-lang/scala3-sbt-bridge/3.8.0/scala3-sbt-bridge-3.8.0.jar
2026.01.17 05:54:21 INFO  BSP server: Downloading https://repo.scala-lang.org/artifactory/maven-nightlies/org/scala-lang/scala3-sbt-bridge/3.8.0/scala3-sbt-bridge-3.8.0.jar.sha1
2026.01.17 05:54:21 INFO  BSP server: Downloaded https://repo.scala-lang.org/artifactory/maven-nightlies/org/scala-lang/scala3-repl_3/3.8.0/scala3-repl_3-3.8.0.jar
2026.01.17 05:54:21 INFO  BSP server: Downloading https://repo.scala-lang.org/artifactory/maven-nightlies/org/scala-lang/scala3-repl_3/3.8.0/scala3-repl_3-3.8.0.jar.sha1
2026.01.17 05:54:21 INFO  BSP server: Downloaded https://repo.scala-lang.org/artifactory/maven-nightlies/org/scala-lang/scala3-sbt-bridge/3.8.0/scala3-sbt-bridge-3.8.0.jar.sha1
2026.01.17 05:54:21 INFO  BSP server: Downloaded https://repo.scala-lang.org/artifactory/maven-nightlies/org/scala-lang/scala3-repl_3/3.8.0/scala3-repl_3-3.8.0.jar.sha1
2026.01.17 05:54:21 INFO  BSP server: Downloading https://repo1.maven.org/maven2/org/scala-lang/scala-library/3.8.0/scala-library-3.8.0-sources.jar
2026.01.17 05:54:21 INFO  BSP server: Downloading https://repo1.maven.org/maven2/org/scala-lang/scala3-library_3/3.8.0/scala3-library_3-3.8.0-sources.jar
2026.01.17 05:54:21 INFO  BSP server: Downloaded https://repo1.maven.org/maven2/org/scala-lang/scala3-library_3/3.8.0/scala3-library_3-3.8.0-sources.jar
2026.01.17 05:54:21 INFO  BSP server: Downloaded https://repo1.maven.org/maven2/org/scala-lang/scala-library/3.8.0/scala-library-3.8.0-sources.jar
2026.01.17 05:54:21 INFO  BSP server: Downloading https://repo1.maven.org/maven2/com/sourcegraph/semanticdb-javac/0.10.0/semanticdb-javac-0.10.0.pom
2026.01.17 05:54:22 INFO  BSP server: Downloaded https://repo1.maven.org/maven2/com/sourcegraph/semanticdb-javac/0.10.0/semanticdb-javac-0.10.0.pom
2026.01.17 05:54:22 INFO  BSP server: Downloading https://repo1.maven.org/maven2/com/sourcegraph/semanticdb-javac/0.10.0/semanticdb-javac-0.10.0.jar
2026.01.17 05:54:22 INFO  BSP server: Downloaded https://repo1.maven.org/maven2/com/sourcegraph/semanticdb-javac/0.10.0/semanticdb-javac-0.10.0.jar
2026.01.17 05:54:22 INFO  time: Connected to build server in 2m14s
2026.01.17 05:54:22 INFO  Connected to Build server: scala-cli v1.12.0
2026.01.17 05:54:23 INFO  time: Imported build in 0.11s
2026.01.17 05:54:24 INFO  compiling cs570_87a554ef97 (1 scala source)
2026.01.17 05:54:26 INFO  Created report: Optional.empty
2026.01.17 05:54:26 INFO  11 is not a valid choice for -java-output-version (full report at: "D:\SFBU\Spring_semester_2026\CS570\.metals\.reports\bloop\2026-01-17\r_11 is not a valid ch..._05-54-26-314.md")
2026.01.17 05:54:26 INFO  scalac -help  gives more information
2026.01.17 05:54:26 INFO  time: compiled CS570_87a554ef97 in 1.53s
2026.01.17 05:54:26 INFO  compiling cs570_87a554ef97 (1 scala source)
2026.01.17 05:54:26 INFO  11 is not a valid choice for -java-output-version (full report at: "D:\SFBU\Spring_semester_2026\CS570\.metals\.reports\bloop\2026-01-17\r_11 is not a valid ch..._05-54-26-314.md")
2026.01.17 05:54:26 INFO  scalac -help  gives more information
2026.01.17 05:54:26 INFO  time: compiled CS570_87a554ef97 in 23ms
2026.01.17 05:54:28 INFO  compiling cs570_87a554ef97 (1 scala source)
2026.01.17 05:54:28 INFO  11 is not a valid choice for -java-output-version (full report at: "D:\SFBU\Spring_semester_2026\CS570\.metals\.reports\bloop\2026-01-17\r_11 is not a valid ch..._05-54-26-314.md")
2026.01.17 05:54:28 INFO  scalac -help  gives more information
2026.01.17 05:54:28 INFO  time: compiled CS570_87a554ef97 in 22ms
2026.01.17 05:54:29 WARN  Using H2 2.4.240 which is newer than the version Flyway has been verified with. The latest verified version of H2 is 2.3.232.
11 is not a valid choice for -java-output-version
11 is not a valid choice for -java-output-version
  scalac -help  gives more information
  scalac -help  gives more information
Resolving package/object name conflict in favor of package scala.caps. The object will be inaccessible.
2026.01.17 05:54:33 WARN  Could not find semantic tokens for: file:///D:/SFBU/Spring_semester_2026/CS570/Coursera_course/scala-project/src/main/scala/example/example.worksheet.sc
2026.01.17 05:54:33 INFO  Created report: Optional[file:///D:/SFBU/Spring_semester_2026/CS570/Coursera_course/scala-project/src/main/scala/example/example.worksheet.sc]
2026.01.17 05:54:33 INFO  dotty.tools.dotc.ast.Trees$UnAssignedTypeException: type of Number(1,Whole(10)) is not assigned (full report at: "D:\SFBU\Spring_semester_2026\CS570\.metals\.reports\metals-full\2026-01-17\r_compiler-error_(CS570_5f87a554ef97)_05-54-33-413.md")
2026.01.17 05:54:36 INFO  compiling cs570_87a554ef97 (2 scala sources)
2026.01.17 05:54:36 INFO  11 is not a valid choice for -java-output-version (full report at: "D:\SFBU\Spring_semester_2026\CS570\.metals\.reports\bloop\2026-01-17\r_11 is not a valid ch..._05-54-26-314.md")
2026.01.17 05:54:36 INFO  scalac -help  gives more information
2026.01.17 05:54:36 INFO  time: compiled CS570_87a554ef97 in 38ms
2026.01.17 05:54:36 INFO  compiling cs570_87a554ef97 (2 scala sources)
2026.01.17 05:54:36 INFO  11 is not a valid choice for -java-output-version (full report at: "D:\SFBU\Spring_semester_2026\CS570\.metals\.reports\bloop\2026-01-17\r_11 is not a valid ch..._05-54-26-314.md")
2026.01.17 05:54:36 INFO  scalac -help  gives more information
2026.01.17 05:54:36 INFO  time: compiled CS570_87a554ef97 in 48ms
2026.01.17 05:54:39 ERROR worksheet: D:\SFBU\Spring_semester_2026\CS570\Coursera_course\scala-project\src\main\scala\example\example.worksheet.sc
java.lang.ClassCastException: class repl.MdocSession$ cannot be cast to class mdoc.internal.document.DocumentBuilder (repl.MdocSession$ is in unnamed module of loader dotty.tools.repl.AbstractFileClassLoader @2e41c988; mdoc.internal.document.DocumentBuilder is in unnamed module of loader java.net.URLClassLoader @7486e497)
	at mdoc.internal.markdown.MarkdownBuilder$.buildDocument(MarkdownBuilder.scala:44)
	at mdoc.internal.worksheets.WorksheetProvider.evaluateWorksheet(WorksheetProvider.scala:39)
	at mdoc.internal.worksheets.Mdoc.evaluateWorksheet(Mdoc.scala:86)
	at scala.meta.internal.worksheets.WorksheetProvider.scala$meta$internal$worksheets$WorksheetProvider$$evaluateWorksheet(WorksheetProvider.scala:453)
	at scala.meta.internal.worksheets.WorksheetProvider$$anon$1.liftedTree1$1(WorksheetProvider.scala:334)
	at scala.meta.internal.worksheets.WorksheetProvider$$anon$1.run(WorksheetProvider.scala:334)

2026.01.17 05:54:39 INFO  time: evaluated worksheet 'example.worksheet.sc' in 11s
2026.01.17 05:54:39 INFO  compiling cs570_87a554ef97 (1 scala source)
11 is not a valid choice for -java-output-version
  scalac -help  gives more information
2026.01.17 05:54:39 INFO  11 is not a valid choice for -java-output-version (full report at: "D:\SFBU\Spring_semester_2026\CS570\.metals\.reports\bloop\2026-01-17\r_11 is not a valid ch..._05-54-26-314.md")
2026.01.17 05:54:39 INFO  scalac -help  gives more information
2026.01.17 05:54:39 INFO  time: compiled CS570_87a554ef97 in 24ms
Resolving package/object name conflict in favor of package scala.caps. The object will be inaccessible.
2026.01.17 05:54:39 INFO  compiling cs570_87a554ef97 (1 scala source)
2026.01.17 05:54:39 INFO  11 is not a valid choice for -java-output-version (full report at: "D:\SFBU\Spring_semester_2026\CS570\.metals\.reports\bloop\2026-01-17\r_11 is not a valid ch..._05-54-26-314.md")
2026.01.17 05:54:39 INFO  Created report: Optional[file:///D:/SFBU/Spring_semester_2026/CS570/Coursera_course/scala-project/src/main/scala/example/example.worksheet.sc]
2026.01.17 05:54:39 INFO  dotty.tools.dotc.ast.Trees$UnAssignedTypeException: type of Number(1,Whole(10)) is not assigned (full report at: "D:\SFBU\Spring_semester_2026\CS570\.metals\.reports\metals-full\2026-01-17\r_compiler-error_(CS570_5f87a554ef97)_05-54-39-463.md")
2026.01.17 05:54:39 INFO  scalac -help  gives more information
2026.01.17 05:54:39 WARN  Could not find semantic tokens for: file:///D:/SFBU/Spring_semester_2026/CS570/Coursera_course/scala-project/src/main/scala/example/example.worksheet.sc
2026.01.17 05:54:39 INFO  time: compiled CS570_87a554ef97 in 22ms
11 is not a valid choice for -java-output-version
  scalac -help  gives more information
Resolving package/object name conflict in favor of package scala.caps. The object will be inaccessible.
2026.01.17 05:54:46 INFO  Created report: Optional[file:///D:/SFBU/Spring_semester_2026/CS570/Coursera_course/scala-project/src/main/scala/example/example.worksheet.sc]
2026.01.17 05:54:46 INFO  dotty.tools.dotc.ast.Trees$UnAssignedTypeException: type of Number(1,Whole(10)) is not assigned (full report at: "D:\SFBU\Spring_semester_2026\CS570\.metals\.reports\metals-full\2026-01-17\r_compiler-error_(CS570_5f87a554ef97)_05-54-46-451.md")
2026.01.17 05:54:50 INFO  compiling cs570_87a554ef97 (2 scala sources)
2026.01.17 05:54:50 INFO  11 is not a valid choice for -java-output-version (full report at: "D:\SFBU\Spring_semester_2026\CS570\.metals\.reports\bloop\2026-01-17\r_11 is not a valid ch..._05-54-26-314.md")
2026.01.17 05:54:50 INFO  scalac -help  gives more information
2026.01.17 05:54:50 INFO  time: compiled CS570_87a554ef97 in 18ms
2026.01.17 05:54:50 INFO  compiling cs570_87a554ef97 (2 scala sources)
2026.01.17 05:54:50 INFO  11 is not a valid choice for -java-output-version (full report at: "D:\SFBU\Spring_semester_2026\CS570\.metals\.reports\bloop\2026-01-17\r_11 is not a valid ch..._05-54-26-314.md")
2026.01.17 05:54:50 INFO  scalac -help  gives more information
2026.01.17 05:54:50 INFO  time: compiled CS570_87a554ef97 in 15ms
2026.01.17 05:54:52 INFO  compiling cs570_87a554ef97 (1 scala source)
2026.01.17 05:54:52 INFO  11 is not a valid choice for -java-output-version (full report at: "D:\SFBU\Spring_semester_2026\CS570\.metals\.reports\bloop\2026-01-17\r_11 is not a valid ch..._05-54-26-314.md")
2026.01.17 05:54:52 INFO  scalac -help  gives more information
2026.01.17 05:54:52 INFO  time: compiled CS570_87a554ef97 in 21ms
2026.01.17 05:54:52 INFO  compiling cs570_87a554ef97 (1 scala source)
2026.01.17 05:54:52 INFO  11 is not a valid choice for -java-output-version (full report at: "D:\SFBU\Spring_semester_2026\CS570\.metals\.reports\bloop\2026-01-17\r_11 is not a valid ch..._05-54-26-314.md")
2026.01.17 05:54:52 INFO  scalac -help  gives more information
2026.01.17 05:54:52 INFO  time: compiled CS570_87a554ef97 in 18ms
2026.01.17 05:54:54 INFO  time: indexed workspace in 31s
11 is not a valid choice for -java-output-version
  scalac -help  gives more information
2026.01.17 05:54:54 INFO  Created report: Optional[file:///d:/SFBU/Spring_semester_2026/CS570/Main.scala]
2026.01.17 05:54:54 INFO  dotty.tools.dotc.core.UnpicklingError: Could not read definition object Predef in C:\Users\werka\AppData\Local\Coursier\cache\v1\https\repo1.maven.org\maven2\org\scala-lang\scala-library\3.8.0\scala-library-3.8.0.jar(scala/Predef.tasty). Caused by the following exception:
java.lang.AssertionError: assertion failed: `-Xread-docs` enabled, but no `docCtx` is set.

Run with -Ydebug-unpickling to see full stack trace. (full report at: "D:\SFBU\Spring_semester_2026\CS570\.metals\.reports\metals-full\2026-01-17\r_compiler-error_05-54-54-588.md")
2026.01.17 05:54:55 INFO  compiling cs570_87a554ef97 (1 scala source)
2026.01.17 05:54:55 INFO  11 is not a valid choice for -java-output-version (full report at: "D:\SFBU\Spring_semester_2026\CS570\.metals\.reports\bloop\2026-01-17\r_11 is not a valid ch..._05-54-26-314.md")
2026.01.17 05:54:55 INFO  scalac -help  gives more information
2026.01.17 05:54:55 INFO  time: compiled CS570_87a554ef97 in 15ms
2026.01.17 05:54:57 INFO  compiling cs570_87a554ef97 (1 scala source)
2026.01.17 05:54:57 INFO  11 is not a valid choice for -java-output-version (full report at: "D:\SFBU\Spring_semester_2026\CS570\.metals\.reports\bloop\2026-01-17\r_11 is not a valid ch..._05-54-26-314.md")
2026.01.17 05:54:57 INFO  scalac -help  gives more information
2026.01.17 05:54:57 INFO  time: compiled CS570_87a554ef97 in 14ms
2026.01.17 05:54:58 ERROR worksheet: D:\SFBU\Spring_semester_2026\CS570\Coursera_course\scala-project\src\main\scala\example\example.worksheet.sc
java.lang.ClassCastException: class repl.MdocSession$ cannot be cast to class mdoc.internal.document.DocumentBuilder (repl.MdocSession$ is in unnamed module of loader dotty.tools.repl.AbstractFileClassLoader @63a924e3; mdoc.internal.document.DocumentBuilder is in unnamed module of loader java.net.URLClassLoader @7486e497)
	at mdoc.internal.markdown.MarkdownBuilder$.buildDocument(MarkdownBuilder.scala:44)
	at mdoc.internal.worksheets.WorksheetProvider.evaluateWorksheet(WorksheetProvider.scala:39)
	at mdoc.internal.worksheets.Mdoc.evaluateWorksheet(Mdoc.scala:86)
	at scala.meta.internal.worksheets.WorksheetProvider.scala$meta$internal$worksheets$WorksheetProvider$$evaluateWorksheet(WorksheetProvider.scala:453)
	at scala.meta.internal.worksheets.WorksheetProvider$$anon$1.liftedTree1$1(WorksheetProvider.scala:334)
	at scala.meta.internal.worksheets.WorksheetProvider$$anon$1.run(WorksheetProvider.scala:334)

2026.01.17 05:54:58 INFO  time: evaluated worksheet 'example.worksheet.sc' in 1.4s
11 is not a valid choice for -java-output-version
11 is not a valid choice for -java-output-version
  scalac -help  gives more information
  scalac -help  gives more information
Resolving package/object name conflict in favor of package scala.caps. The object will be inaccessible.
2026.01.17 05:54:58 INFO  Created report: Optional[file:///d:/SFBU/Spring_semester_2026/CS570/Main.scala]
2026.01.17 05:54:58 INFO  dotty.tools.dotc.core.UnpicklingError: Could not read definition object Predef in C:\Users\werka\AppData\Local\Coursier\cache\v1\https\repo1.maven.org\maven2\org\scala-lang\scala-library\3.8.0\scala-library-3.8.0.jar(scala/Predef.tasty). Caused by the following exception:
java.lang.AssertionError: assertion failed: `-Xread-docs` enabled, but no `docCtx` is set.

Run with -Ydebug-unpickling to see full stack trace. (full report at: "D:\SFBU\Spring_semester_2026\CS570\.metals\.reports\metals-full\2026-01-17\r_compiler-error_05-54-58-779.md")
2026.01.17 05:54:58 INFO  Created report: Optional[file:///D:/SFBU/Spring_semester_2026/CS570/Coursera_course/scala-project/src/main/scala/example/example.worksheet.sc]
2026.01.17 05:54:58 INFO  dotty.tools.dotc.ast.Trees$UnAssignedTypeException: type of Number(1,Whole(10)) is not assigned (full report at: "D:\SFBU\Spring_semester_2026\CS570\.metals\.reports\metals-full\2026-01-17\r_compiler-error_(CS570_5f87a554ef97)_05-54-58-786.md")
2026.01.17 05:54:58 WARN  Could not find semantic tokens for: file:///D:/SFBU/Spring_semester_2026/CS570/Coursera_course/scala-project/src/main/scala/example/example.worksheet.sc
11 is not a valid choice for -java-output-version
  scalac -help  gives more information
Resolving package/object name conflict in favor of package scala.caps. The object will be inaccessible.
2026.01.17 05:54:58 INFO  Created report: Optional[file:///D:/SFBU/Spring_semester_2026/CS570/Coursera_course/scala-project/src/main/scala/example/example.worksheet.sc]
2026.01.17 05:54:58 INFO  dotty.tools.dotc.core.UnpicklingError: Could not read definition package object collection in C:\Users\werka\AppData\Local\Coursier\cache\v1\https\repo1.maven.org\maven2\org\scala-lang\scala-library\3.8.0\scala-library-3.8.0.jar(scala/collection/package.tasty). Caused by the following exception:
java.lang.AssertionError: assertion failed: `-Xread-docs` enabled, but no `docCtx` is set.

Run with -Ydebug-unpickling to see full stack trace. (full report at: "D:\SFBU\Spring_semester_2026\CS570\.metals\.reports\metals-full\2026-01-17\r_compiler-error_(CS570_5f87a554ef97)_05-54-59-289.md")
2026.01.17 05:55:00 ERROR worksheet: D:\SFBU\Spring_semester_2026\CS570\Coursera_course\scala-project\src\main\scala\example\example.worksheet.sc
java.lang.ClassCastException: class repl.MdocSession$ cannot be cast to class mdoc.internal.document.DocumentBuilder (repl.MdocSession$ is in unnamed module of loader dotty.tools.repl.AbstractFileClassLoader @4541f1cf; mdoc.internal.document.DocumentBuilder is in unnamed module of loader java.net.URLClassLoader @7486e497)
	at mdoc.internal.markdown.MarkdownBuilder$.buildDocument(MarkdownBuilder.scala:44)
	at mdoc.internal.worksheets.WorksheetProvider.evaluateWorksheet(WorksheetProvider.scala:39)
	at mdoc.internal.worksheets.Mdoc.evaluateWorksheet(Mdoc.scala:86)
	at scala.meta.internal.worksheets.WorksheetProvider.scala$meta$internal$worksheets$WorksheetProvider$$evaluateWorksheet(WorksheetProvider.scala:453)
	at scala.meta.internal.worksheets.WorksheetProvider$$anon$1.liftedTree1$1(WorksheetProvider.scala:334)
	at scala.meta.internal.worksheets.WorksheetProvider$$anon$1.run(WorksheetProvider.scala:334)

2026.01.17 05:55:00 INFO  time: evaluated worksheet 'example.worksheet.sc' in 1.49s
11 is not a valid choice for -java-output-version
  scalac -help  gives more information
2026.01.17 05:55:00 INFO  Created report: Optional[file:///D:/SFBU/Spring_semester_2026/CS570/Coursera_course/scala-project/src/main/scala/example/example.worksheet.sc]
2026.01.17 05:55:00 INFO  dotty.tools.dotc.ast.Trees$UnAssignedTypeException: type of Number(1,Whole(10)) is not assigned (full report at: "D:\SFBU\Spring_semester_2026\CS570\.metals\.reports\metals-full\2026-01-17\r_compiler-error_(CS570_5f87a554ef97)_05-55-00-298.md")
2026.01.17 05:55:00 WARN  Could not find semantic tokens for: file:///D:/SFBU/Spring_semester_2026/CS570/Coursera_course/scala-project/src/main/scala/example/example.worksheet.sc
2026.01.17 05:55:00 INFO  compiling cs570_87a554ef97 (1 scala source)
2026.01.17 05:55:00 INFO  11 is not a valid choice for -java-output-version (full report at: "D:\SFBU\Spring_semester_2026\CS570\.metals\.reports\bloop\2026-01-17\r_11 is not a valid ch..._05-54-26-314.md")
2026.01.17 05:55:00 INFO  scalac -help  gives more information
2026.01.17 05:55:00 INFO  time: compiled CS570_87a554ef97 in 21ms
11 is not a valid choice for -java-output-version
  scalac -help  gives more information
Resolving package/object name conflict in favor of package scala.caps. The object will be inaccessible.
2026.01.17 05:55:02 INFO  Created report: Optional[file:///D:/SFBU/Spring_semester_2026/CS570/Coursera_course/scala-project/src/main/scala/example/example.worksheet.sc]
2026.01.17 05:55:02 INFO  dotty.tools.dotc.core.UnpicklingError: Could not read definition package object collection in C:\Users\werka\AppData\Local\Coursier\cache\v1\https\repo1.maven.org\maven2\org\scala-lang\scala-library\3.8.0\scala-library-3.8.0.jar(scala/collection/package.tasty). Caused by the following exception:
java.lang.AssertionError: assertion failed: `-Xread-docs` enabled, but no `docCtx` is set.

Run with -Ydebug-unpickling to see full stack trace. (full report at: "D:\SFBU\Spring_semester_2026\CS570\.metals\.reports\metals-full\2026-01-17\r_compiler-error_(CS570_5f87a554ef97)_05-55-01-993.md")
11 is not a valid choice for -java-output-version
  scalac -help  gives more information
Resolving package/object name conflict in favor of package scala.caps. The object will be inaccessible.
2026.01.17 05:55:02 INFO  time: code lens generation in 3.37s
2026.01.17 05:55:02 INFO  Created report: Optional[file:///D:/SFBU/Spring_semester_2026/CS570/Coursera_course/scala-project/src/main/scala/example/example.worksheet.sc]
2026.01.17 05:55:02 INFO  dotty.tools.dotc.core.UnpicklingError: Could not read definition package object collection in C:\Users\werka\AppData\Local\Coursier\cache\v1\https\repo1.maven.org\maven2\org\scala-lang\scala-library\3.8.0\scala-library-3.8.0.jar(scala/collection/package.tasty). Caused by the following exception:
java.lang.AssertionError: assertion failed: `-Xread-docs` enabled, but no `docCtx` is set.

Run with -Ydebug-unpickling to see full stack trace. (full report at: "D:\SFBU\Spring_semester_2026\CS570\.metals\.reports\metals-full\2026-01-17\r_compiler-error_(CS570_5f87a554ef97)_05-55-02-109.md")
2026.01.17 05:55:02 INFO  time: code lens generation in 3.45s
11 is not a valid choice for -java-output-version
  scalac -help  gives more information
Resolving package/object name conflict in favor of package scala.caps. The object will be inaccessible.
2026.01.17 05:55:02 INFO  Created report: Optional[file:///D:/SFBU/Spring_semester_2026/CS570/Coursera_course/scala-project/src/main/scala/example/example.worksheet.sc]
2026.01.17 05:55:02 INFO  dotty.tools.dotc.core.UnpicklingError: Could not read definition package object collection in C:\Users\werka\AppData\Local\Coursier\cache\v1\https\repo1.maven.org\maven2\org\scala-lang\scala-library\3.8.0\scala-library-3.8.0.jar(scala/collection/package.tasty). Caused by the following exception:
java.lang.AssertionError: assertion failed: `-Xread-docs` enabled, but no `docCtx` is set.

Run with -Ydebug-unpickling to see full stack trace. (full report at: "D:\SFBU\Spring_semester_2026\CS570\.metals\.reports\metals-full\2026-01-17\r_compiler-error_(CS570_5f87a554ef97)_05-55-02-215.md")
2026.01.17 05:55:02 INFO  time: code lens generation in 3.56s
11 is not a valid choice for -java-output-version
  scalac -help  gives more information
Resolving package/object name conflict in favor of package scala.caps. The object will be inaccessible.
2026.01.17 05:55:02 ERROR worksheet: D:\SFBU\Spring_semester_2026\CS570\Coursera_course\scala-project\src\main\scala\example\example.worksheet.sc
java.lang.ClassCastException: class repl.MdocSession$ cannot be cast to class mdoc.internal.document.DocumentBuilder (repl.MdocSession$ is in unnamed module of loader dotty.tools.repl.AbstractFileClassLoader @4714b4ea; mdoc.internal.document.DocumentBuilder is in unnamed module of loader java.net.URLClassLoader @7486e497)
	at mdoc.internal.markdown.MarkdownBuilder$.buildDocument(MarkdownBuilder.scala:44)
	at mdoc.internal.worksheets.WorksheetProvider.evaluateWorksheet(WorksheetProvider.scala:39)
	at mdoc.internal.worksheets.Mdoc.evaluateWorksheet(Mdoc.scala:86)
	at scala.meta.internal.worksheets.WorksheetProvider.scala$meta$internal$worksheets$WorksheetProvider$$evaluateWorksheet(WorksheetProvider.scala:453)
	at scala.meta.internal.worksheets.WorksheetProvider$$anon$1.liftedTree1$1(WorksheetProvider.scala:334)
	at scala.meta.internal.worksheets.WorksheetProvider$$anon$1.run(WorksheetProvider.scala:334)

2026.01.17 05:55:02 INFO  time: evaluated worksheet 'example.worksheet.sc' in 1.49s
2026.01.17 05:55:02 INFO  Created report: Optional[file:///D:/SFBU/Spring_semester_2026/CS570/Coursera_course/scala-project/src/main/scala/example/example.worksheet.sc]
2026.01.17 05:55:02 INFO  dotty.tools.dotc.core.UnpicklingError: Could not read definition package object collection in C:\Users\werka\AppData\Local\Coursier\cache\v1\https\repo1.maven.org\maven2\org\scala-lang\scala-library\3.8.0\scala-library-3.8.0.jar(scala/collection/package.tasty). Caused by the following exception:
java.lang.AssertionError: assertion failed: `-Xread-docs` enabled, but no `docCtx` is set.

Run with -Ydebug-unpickling to see full stack trace. (full report at: "D:\SFBU\Spring_semester_2026\CS570\.metals\.reports\metals-full\2026-01-17\r_compiler-error_(CS570_5f87a554ef97)_05-55-02-339.md")
2026.01.17 05:55:02 INFO  time: code lens generation in 3.68s
11 is not a valid choice for -java-output-version
  scalac -help  gives more information
Resolving package/object name conflict in favor of package scala.caps. The object will be inaccessible.
2026.01.17 05:55:02 INFO  Created report: Optional[file:///D:/SFBU/Spring_semester_2026/CS570/Coursera_course/scala-project/src/main/scala/example/example.worksheet.sc]
2026.01.17 05:55:02 INFO  dotty.tools.dotc.ast.Trees$UnAssignedTypeException: type of Number(1,Whole(10)) is not assigned (full report at: "D:\SFBU\Spring_semester_2026\CS570\.metals\.reports\metals-full\2026-01-17\r_compiler-error_(CS570_5f87a554ef97)_05-55-02-446.md")
2026.01.17 05:55:02 WARN  Could not find semantic tokens for: file:///D:/SFBU/Spring_semester_2026/CS570/Coursera_course/scala-project/src/main/scala/example/example.worksheet.sc
11 is not a valid choice for -java-output-version
  scalac -help  gives more information
Resolving package/object name conflict in favor of package scala.caps. The object will be inaccessible.
2026.01.17 05:55:02 INFO  Created report: Optional[file:///D:/SFBU/Spring_semester_2026/CS570/Coursera_course/scala-project/src/main/scala/example/example.worksheet.sc]
2026.01.17 05:55:02 INFO  dotty.tools.dotc.core.UnpicklingError: Could not read definition package object collection in C:\Users\werka\AppData\Local\Coursier\cache\v1\https\repo1.maven.org\maven2\org\scala-lang\scala-library\3.8.0\scala-library-3.8.0.jar(scala/collection/package.tasty). Caused by the following exception:
java.lang.AssertionError: assertion failed: `-Xread-docs` enabled, but no `docCtx` is set.

Run with -Ydebug-unpickling to see full stack trace. (full report at: "D:\SFBU\Spring_semester_2026\CS570\.metals\.reports\metals-full\2026-01-17\r_compiler-error_(CS570_5f87a554ef97)_05-55-02-573.md")
2026.01.17 05:55:02 INFO  time: code lens generation in 3.91s
11 is not a valid choice for -java-output-version
  scalac -help  gives more information
Resolving package/object name conflict in favor of package scala.caps. The object will be inaccessible.
2026.01.17 05:55:02 INFO  Created report: Optional[file:///D:/SFBU/Spring_semester_2026/CS570/Coursera_course/scala-project/src/main/scala/example/example.worksheet.sc]
2026.01.17 05:55:02 INFO  dotty.tools.dotc.core.UnpicklingError: Could not read definition package object collection in C:\Users\werka\AppData\Local\Coursier\cache\v1\https\repo1.maven.org\maven2\org\scala-lang\scala-library\3.8.0\scala-library-3.8.0.jar(scala/collection/package.tasty). Caused by the following exception:
java.lang.AssertionError: assertion failed: `-Xread-docs` enabled, but no `docCtx` is set.

Run with -Ydebug-unpickling to see full stack trace. (full report at: "D:\SFBU\Spring_semester_2026\CS570\.metals\.reports\metals-full\2026-01-17\r_compiler-error_(CS570_5f87a554ef97)_05-55-02-693.md")
2026.01.17 05:55:02 INFO  time: code lens generation in 4.04s
11 is not a valid choice for -java-output-version
  scalac -help  gives more information
Resolving package/object name conflict in favor of package scala.caps. The object will be inaccessible.
2026.01.17 05:55:02 INFO  compiling cs570_87a554ef97 (1 scala source)
2026.01.17 05:55:02 INFO  11 is not a valid choice for -java-output-version (full report at: "D:\SFBU\Spring_semester_2026\CS570\.metals\.reports\bloop\2026-01-17\r_11 is not a valid ch..._05-54-26-314.md")
2026.01.17 05:55:02 INFO  scalac -help  gives more information
2026.01.17 05:55:02 INFO  time: compiled CS570_87a554ef97 in 21ms
2026.01.17 05:55:02 INFO  Created report: Optional[file:///D:/SFBU/Spring_semester_2026/CS570/Coursera_course/scala-project/src/main/scala/example/example.worksheet.sc]
2026.01.17 05:55:02 INFO  dotty.tools.dotc.core.UnpicklingError: Could not read definition package object collection in C:\Users\werka\AppData\Local\Coursier\cache\v1\https\repo1.maven.org\maven2\org\scala-lang\scala-library\3.8.0\scala-library-3.8.0.jar(scala/collection/package.tasty). Caused by the following exception:
java.lang.AssertionError: assertion failed: `-Xread-docs` enabled, but no `docCtx` is set.

Run with -Ydebug-unpickling to see full stack trace. (full report at: "D:\SFBU\Spring_semester_2026\CS570\.metals\.reports\metals-full\2026-01-17\r_compiler-error_(CS570_5f87a554ef97)_05-55-02-798.md")
2026.01.17 05:55:02 INFO  time: code lens generation in 4.14s
11 is not a valid choice for -java-output-version
  scalac -help  gives more information
Resolving package/object name conflict in favor of package scala.caps. The object will be inaccessible.
2026.01.17 05:55:02 INFO  Created report: Optional[file:///D:/SFBU/Spring_semester_2026/CS570/Coursera_course/scala-project/src/main/scala/example/example.worksheet.sc]
2026.01.17 05:55:02 INFO  dotty.tools.dotc.core.UnpicklingError: Could not read definition package object collection in C:\Users\werka\AppData\Local\Coursier\cache\v1\https\repo1.maven.org\maven2\org\scala-lang\scala-library\3.8.0\scala-library-3.8.0.jar(scala/collection/package.tasty). Caused by the following exception:
java.lang.AssertionError: assertion failed: `-Xread-docs` enabled, but no `docCtx` is set.

Run with -Ydebug-unpickling to see full stack trace. (full report at: "D:\SFBU\Spring_semester_2026\CS570\.metals\.reports\metals-full\2026-01-17\r_compiler-error_(CS570_5f87a554ef97)_05-55-02-894.md")
2026.01.17 05:55:02 INFO  time: code lens generation in 4.23s
11 is not a valid choice for -java-output-version
  scalac -help  gives more information
Resolving package/object name conflict in favor of package scala.caps. The object will be inaccessible.
2026.01.17 05:55:02 INFO  Created report: Optional[file:///D:/SFBU/Spring_semester_2026/CS570/Coursera_course/scala-project/src/main/scala/example/example.worksheet.sc]
2026.01.17 05:55:02 INFO  dotty.tools.dotc.core.UnpicklingError: Could not read definition package object collection in C:\Users\werka\AppData\Local\Coursier\cache\v1\https\repo1.maven.org\maven2\org\scala-lang\scala-library\3.8.0\scala-library-3.8.0.jar(scala/collection/package.tasty). Caused by the following exception:
java.lang.AssertionError: assertion failed: `-Xread-docs` enabled, but no `docCtx` is set.

Run with -Ydebug-unpickling to see full stack trace. (full report at: "D:\SFBU\Spring_semester_2026\CS570\.metals\.reports\metals-full\2026-01-17\r_compiler-error_(CS570_5f87a554ef97)_05-55-02-986.md")
2026.01.17 05:55:02 INFO  time: code lens generation in 4.33s
11 is not a valid choice for -java-output-version
  scalac -help  gives more information
Resolving package/object name conflict in favor of package scala.caps. The object will be inaccessible.
2026.01.17 05:55:03 INFO  Created report: Optional[file:///D:/SFBU/Spring_semester_2026/CS570/Coursera_course/scala-project/src/main/scala/example/example.worksheet.sc]
2026.01.17 05:55:03 INFO  dotty.tools.dotc.core.UnpicklingError: Could not read definition package object collection in C:\Users\werka\AppData\Local\Coursier\cache\v1\https\repo1.maven.org\maven2\org\scala-lang\scala-library\3.8.0\scala-library-3.8.0.jar(scala/collection/package.tasty). Caused by the following exception:
java.lang.AssertionError: assertion failed: `-Xread-docs` enabled, but no `docCtx` is set.

Run with -Ydebug-unpickling to see full stack trace. (full report at: "D:\SFBU\Spring_semester_2026\CS570\.metals\.reports\metals-full\2026-01-17\r_compiler-error_(CS570_5f87a554ef97)_05-55-03-131.md")
2026.01.17 05:55:03 INFO  time: code lens generation in 4.47s
11 is not a valid choice for -java-output-version
  scalac -help  gives more information
Resolving package/object name conflict in favor of package scala.caps. The object will be inaccessible.
2026.01.17 05:55:03 INFO  Created report: Optional[file:///D:/SFBU/Spring_semester_2026/CS570/Coursera_course/scala-project/src/main/scala/example/example.worksheet.sc]
2026.01.17 05:55:03 INFO  dotty.tools.dotc.core.UnpicklingError: Could not read definition package object collection in C:\Users\werka\AppData\Local\Coursier\cache\v1\https\repo1.maven.org\maven2\org\scala-lang\scala-library\3.8.0\scala-library-3.8.0.jar(scala/collection/package.tasty). Caused by the following exception:
java.lang.AssertionError: assertion failed: `-Xread-docs` enabled, but no `docCtx` is set.

Run with -Ydebug-unpickling to see full stack trace. (full report at: "D:\SFBU\Spring_semester_2026\CS570\.metals\.reports\metals-full\2026-01-17\r_compiler-error_(CS570_5f87a554ef97)_05-55-03-298.md")
2026.01.17 05:55:03 INFO  time: code lens generation in 4.64s
11 is not a valid choice for -java-output-version
  scalac -help  gives more information
Resolving package/object name conflict in favor of package scala.caps. The object will be inaccessible.
2026.01.17 05:55:03 INFO  Created report: Optional[file:///D:/SFBU/Spring_semester_2026/CS570/Coursera_course/scala-project/src/main/scala/example/example.worksheet.sc]
2026.01.17 05:55:03 INFO  dotty.tools.dotc.core.UnpicklingError: Could not read definition package object collection in C:\Users\werka\AppData\Local\Coursier\cache\v1\https\repo1.maven.org\maven2\org\scala-lang\scala-library\3.8.0\scala-library-3.8.0.jar(scala/collection/package.tasty). Caused by the following exception:
java.lang.AssertionError: assertion failed: `-Xread-docs` enabled, but no `docCtx` is set.

Run with -Ydebug-unpickling to see full stack trace. (full report at: "D:\SFBU\Spring_semester_2026\CS570\.metals\.reports\metals-full\2026-01-17\r_compiler-error_(CS570_5f87a554ef97)_05-55-03-393.md")
2026.01.17 05:55:03 INFO  time: code lens generation in 4.73s
11 is not a valid choice for -java-output-version
  scalac -help  gives more information
Resolving package/object name conflict in favor of package scala.caps. The object will be inaccessible.
2026.01.17 05:55:03 INFO  Created report: Optional[file:///D:/SFBU/Spring_semester_2026/CS570/Coursera_course/scala-project/src/main/scala/example/example.worksheet.sc]
2026.01.17 05:55:03 INFO  dotty.tools.dotc.core.UnpicklingError: Could not read definition package object collection in C:\Users\werka\AppData\Local\Coursier\cache\v1\https\repo1.maven.org\maven2\org\scala-lang\scala-library\3.8.0\scala-library-3.8.0.jar(scala/collection/package.tasty). Caused by the following exception:
java.lang.AssertionError: assertion failed: `-Xread-docs` enabled, but no `docCtx` is set.

Run with -Ydebug-unpickling to see full stack trace. (full report at: "D:\SFBU\Spring_semester_2026\CS570\.metals\.reports\metals-full\2026-01-17\r_compiler-error_(CS570_5f87a554ef97)_05-55-03-484.md")
2026.01.17 05:55:03 INFO  time: code lens generation in 4.83s
11 is not a valid choice for -java-output-version
  scalac -help  gives more information
Resolving package/object name conflict in favor of package scala.caps. The object will be inaccessible.
2026.01.17 05:55:03 INFO  Created report: Optional[file:///D:/SFBU/Spring_semester_2026/CS570/Coursera_course/scala-project/src/main/scala/example/example.worksheet.sc]
2026.01.17 05:55:03 INFO  dotty.tools.dotc.core.UnpicklingError: Could not read definition package object collection in C:\Users\werka\AppData\Local\Coursier\cache\v1\https\repo1.maven.org\maven2\org\scala-lang\scala-library\3.8.0\scala-library-3.8.0.jar(scala/collection/package.tasty). Caused by the following exception:
java.lang.AssertionError: assertion failed: `-Xread-docs` enabled, but no `docCtx` is set.

Run with -Ydebug-unpickling to see full stack trace. (full report at: "D:\SFBU\Spring_semester_2026\CS570\.metals\.reports\metals-full\2026-01-17\r_compiler-error_(CS570_5f87a554ef97)_05-55-03-603.md")
11 is not a valid choice for -java-output-version
  scalac -help  gives more information
Resolving package/object name conflict in favor of package scala.caps. The object will be inaccessible.
2026.01.17 05:55:03 INFO  Created report: Optional[file:///D:/SFBU/Spring_semester_2026/CS570/Coursera_course/scala-project/src/main/scala/example/example.worksheet.sc]
2026.01.17 05:55:03 INFO  dotty.tools.dotc.core.UnpicklingError: Could not read definition package object collection in C:\Users\werka\AppData\Local\Coursier\cache\v1\https\repo1.maven.org\maven2\org\scala-lang\scala-library\3.8.0\scala-library-3.8.0.jar(scala/collection/package.tasty). Caused by the following exception:
java.lang.AssertionError: assertion failed: `-Xread-docs` enabled, but no `docCtx` is set.

Run with -Ydebug-unpickling to see full stack trace. (full report at: "D:\SFBU\Spring_semester_2026\CS570\.metals\.reports\metals-full\2026-01-17\r_compiler-error_(CS570_5f87a554ef97)_05-55-03-698.md")
2026.01.17 05:55:03 INFO  time: code lens generation in 2.62s
2026.01.17 05:55:03 ERROR worksheet: D:\SFBU\Spring_semester_2026\CS570\Coursera_course\scala-project\src\main\scala\example\example.worksheet.sc
java.lang.ClassCastException: class repl.MdocSession$ cannot be cast to class mdoc.internal.document.DocumentBuilder (repl.MdocSession$ is in unnamed module of loader dotty.tools.repl.AbstractFileClassLoader @48cedf1a; mdoc.internal.document.DocumentBuilder is in unnamed module of loader java.net.URLClassLoader @7486e497)
	at mdoc.internal.markdown.MarkdownBuilder$.buildDocument(MarkdownBuilder.scala:44)
	at mdoc.internal.worksheets.WorksheetProvider.evaluateWorksheet(WorksheetProvider.scala:39)
	at mdoc.internal.worksheets.Mdoc.evaluateWorksheet(Mdoc.scala:86)
	at scala.meta.internal.worksheets.WorksheetProvider.scala$meta$internal$worksheets$WorksheetProvider$$evaluateWorksheet(WorksheetProvider.scala:453)
	at scala.meta.internal.worksheets.WorksheetProvider$$anon$1.liftedTree1$1(WorksheetProvider.scala:334)
	at scala.meta.internal.worksheets.WorksheetProvider$$anon$1.run(WorksheetProvider.scala:334)

2026.01.17 05:55:03 INFO  time: evaluated worksheet 'example.worksheet.sc' in 1.13s
11 is not a valid choice for -java-output-version
  scalac -help  gives more information
Resolving package/object name conflict in favor of package scala.caps. The object will be inaccessible.
2026.01.17 05:55:03 INFO  Created report: Optional[file:///D:/SFBU/Spring_semester_2026/CS570/Coursera_course/scala-project/src/main/scala/example/example.worksheet.sc]
2026.01.17 05:55:03 INFO  dotty.tools.dotc.ast.Trees$UnAssignedTypeException: type of Number(1,Whole(10)) is not assigned (full report at: "D:\SFBU\Spring_semester_2026\CS570\.metals\.reports\metals-full\2026-01-17\r_compiler-error_(CS570_5f87a554ef97)_05-55-04-040.md")
2026.01.17 05:55:04 WARN  Could not find semantic tokens for: file:///D:/SFBU/Spring_semester_2026/CS570/Coursera_course/scala-project/src/main/scala/example/example.worksheet.sc
2026.01.17 05:55:05 ERROR worksheet: D:\SFBU\Spring_semester_2026\CS570\Coursera_course\scala-project\src\main\scala\example\example.worksheet.sc
java.lang.ClassCastException: class repl.MdocSession$ cannot be cast to class mdoc.internal.document.DocumentBuilder (repl.MdocSession$ is in unnamed module of loader dotty.tools.repl.AbstractFileClassLoader @6f1d61b3; mdoc.internal.document.DocumentBuilder is in unnamed module of loader java.net.URLClassLoader @7486e497)
	at mdoc.internal.markdown.MarkdownBuilder$.buildDocument(MarkdownBuilder.scala:44)
	at mdoc.internal.worksheets.WorksheetProvider.evaluateWorksheet(WorksheetProvider.scala:39)
	at mdoc.internal.worksheets.Mdoc.evaluateWorksheet(Mdoc.scala:86)
	at scala.meta.internal.worksheets.WorksheetProvider.scala$meta$internal$worksheets$WorksheetProvider$$evaluateWorksheet(WorksheetProvider.scala:453)
	at scala.meta.internal.worksheets.WorksheetProvider$$anon$1.liftedTree1$1(WorksheetProvider.scala:334)
	at scala.meta.internal.worksheets.WorksheetProvider$$anon$1.run(WorksheetProvider.scala:334)

2026.01.17 05:55:05 INFO  time: evaluated worksheet 'example.worksheet.sc' in 1.18s
11 is not a valid choice for -java-output-version
  scalac -help  gives more information
Resolving package/object name conflict in favor of package scala.caps. The object will be inaccessible.
2026.01.17 05:55:05 INFO  Created report: Optional[file:///D:/SFBU/Spring_semester_2026/CS570/Coursera_course/scala-project/src/main/scala/example/example.worksheet.sc]
2026.01.17 05:55:05 INFO  dotty.tools.dotc.ast.Trees$UnAssignedTypeException: type of Number(1,Whole(10)) is not assigned (full report at: "D:\SFBU\Spring_semester_2026\CS570\.metals\.reports\metals-full\2026-01-17\r_compiler-error_(CS570_5f87a554ef97)_05-55-05-201.md")
2026.01.17 05:55:05 WARN  Could not find semantic tokens for: file:///D:/SFBU/Spring_semester_2026/CS570/Coursera_course/scala-project/src/main/scala/example/example.worksheet.sc
2026.01.17 05:55:06 INFO  time: indexed workspace in 7.27s
11 is not a valid choice for -java-output-version
  scalac -help  gives more information
Resolving package/object name conflict in favor of package scala.caps. The object will be inaccessible.
2026.01.17 05:55:06 INFO  Created report: Optional[file:///D:/SFBU/Spring_semester_2026/CS570/Coursera_course/scala-project/src/main/scala/example/example.worksheet.sc]
2026.01.17 05:55:06 INFO  dotty.tools.dotc.core.UnpicklingError: Could not read definition package object collection in C:\Users\werka\AppData\Local\Coursier\cache\v1\https\repo1.maven.org\maven2\org\scala-lang\scala-library\3.8.0\scala-library-3.8.0.jar(scala/collection/package.tasty). Caused by the following exception:
java.lang.AssertionError: assertion failed: `-Xread-docs` enabled, but no `docCtx` is set.

Run with -Ydebug-unpickling to see full stack trace. (full report at: "D:\SFBU\Spring_semester_2026\CS570\.metals\.reports\metals-full\2026-01-17\r_compiler-error_(CS570_5f87a554ef97)_05-55-06-734.md")
2026.01.17 05:55:07 INFO  compiling cs570_87a554ef97 (1 scala source)
2026.01.17 05:55:07 INFO  11 is not a valid choice for -java-output-version (full report at: "D:\SFBU\Spring_semester_2026\CS570\.metals\.reports\bloop\2026-01-17\r_11 is not a valid ch..._05-54-26-314.md")
2026.01.17 05:55:07 INFO  scalac -help  gives more information
2026.01.17 05:55:07 INFO  time: compiled CS570_87a554ef97 in 16ms
11 is not a valid choice for -java-output-version
  scalac -help  gives more information
Resolving package/object name conflict in favor of package scala.caps. The object will be inaccessible.
2026.01.17 05:55:07 INFO  Created report: Optional[file:///D:/SFBU/Spring_semester_2026/CS570/Coursera_course/scala-project/src/main/scala/example/example.worksheet.sc]
2026.01.17 05:55:07 INFO  dotty.tools.dotc.core.UnpicklingError: Could not read definition package object collection in C:\Users\werka\AppData\Local\Coursier\cache\v1\https\repo1.maven.org\maven2\org\scala-lang\scala-library\3.8.0\scala-library-3.8.0.jar(scala/collection/package.tasty). Caused by the following exception:
java.lang.AssertionError: assertion failed: `-Xread-docs` enabled, but no `docCtx` is set.

Run with -Ydebug-unpickling to see full stack trace. (full report at: "D:\SFBU\Spring_semester_2026\CS570\.metals\.reports\metals-full\2026-01-17\r_compiler-error_(CS570_5f87a554ef97)_05-55-07-929.md")
2026.01.17 05:55:08 ERROR worksheet: D:\SFBU\Spring_semester_2026\CS570\Coursera_course\scala-project\src\main\scala\example\example.worksheet.sc
java.lang.ClassCastException: class repl.MdocSession$ cannot be cast to class mdoc.internal.document.DocumentBuilder (repl.MdocSession$ is in unnamed module of loader dotty.tools.repl.AbstractFileClassLoader @43d1402f; mdoc.internal.document.DocumentBuilder is in unnamed module of loader java.net.URLClassLoader @7486e497)
	at mdoc.internal.markdown.MarkdownBuilder$.buildDocument(MarkdownBuilder.scala:44)
	at mdoc.internal.worksheets.WorksheetProvider.evaluateWorksheet(WorksheetProvider.scala:39)
	at mdoc.internal.worksheets.Mdoc.evaluateWorksheet(Mdoc.scala:86)
	at scala.meta.internal.worksheets.WorksheetProvider.scala$meta$internal$worksheets$WorksheetProvider$$evaluateWorksheet(WorksheetProvider.scala:453)
	at scala.meta.internal.worksheets.WorksheetProvider$$anon$1.liftedTree1$1(WorksheetProvider.scala:334)
	at scala.meta.internal.worksheets.WorksheetProvider$$anon$1.run(WorksheetProvider.scala:334)

2026.01.17 05:55:08 INFO  time: evaluated worksheet 'example.worksheet.sc' in 0.9s
11 is not a valid choice for -java-output-version
  scalac -help  gives more information
Resolving package/object name conflict in favor of package scala.caps. The object will be inaccessible.
2026.01.17 05:55:07 INFO  Created report: Optional[file:///D:/SFBU/Spring_semester_2026/CS570/Coursera_course/scala-project/src/main/scala/example/example.worksheet.sc]
2026.01.17 05:55:07 INFO  dotty.tools.dotc.ast.Trees$UnAssignedTypeException: type of Number(1,Whole(10)) is not assigned (full report at: "D:\SFBU\Spring_semester_2026\CS570\.metals\.reports\metals-full\2026-01-17\r_compiler-error_(CS570_5f87a554ef97)_05-55-08-551.md")
2026.01.17 05:55:08 WARN  Could not find semantic tokens for: file:///D:/SFBU/Spring_semester_2026/CS570/Coursera_course/scala-project/src/main/scala/example/example.worksheet.sc
11 is not a valid choice for -java-output-version
  scalac -help  gives more information
Resolving package/object name conflict in favor of package scala.caps. The object will be inaccessible.
2026.01.17 08:15:50 INFO  Created report: Optional[file:///D:/SFBU/Spring_semester_2026/CS570/Coursera_course/scala-project/src/main/scala/example/example.worksheet.sc]
2026.01.17 08:15:50 INFO  dotty.tools.dotc.core.UnpicklingError: Could not read definition package object collection in C:\Users\werka\AppData\Local\Coursier\cache\v1\https\repo1.maven.org\maven2\org\scala-lang\scala-library\3.8.0\scala-library-3.8.0.jar(scala/collection/package.tasty). Caused by the following exception:
java.lang.AssertionError: assertion failed: `-Xread-docs` enabled, but no `docCtx` is set.

Run with -Ydebug-unpickling to see full stack trace. (full report at: "D:\SFBU\Spring_semester_2026\CS570\.metals\.reports\metals-full\2026-01-17\r_compiler-error_(CS570_5f87a554ef97)_08-15-50-191.md")
11 is not a valid choice for -java-output-version
  scalac -help  gives more information
Resolving package/object name conflict in favor of package scala.caps. The object will be inaccessible.
2026.01.17 08:16:53 INFO  Created report: Optional[file:///D:/SFBU/Spring_semester_2026/CS570/Coursera_course/scala-project/src/main/scala/example/example.worksheet.sc]
2026.01.17 08:16:53 INFO  dotty.tools.dotc.core.UnpicklingError: Could not read definition package object collection in C:\Users\werka\AppData\Local\Coursier\cache\v1\https\repo1.maven.org\maven2\org\scala-lang\scala-library\3.8.0\scala-library-3.8.0.jar(scala/collection/package.tasty). Caused by the following exception:
java.lang.AssertionError: assertion failed: `-Xread-docs` enabled, but no `docCtx` is set.

Run with -Ydebug-unpickling to see full stack trace. (full report at: "D:\SFBU\Spring_semester_2026\CS570\.metals\.reports\metals-full\2026-01-17\r_compiler-error_(CS570_5f87a554ef97)_08-16-53-698.md")
11 is not a valid choice for -java-output-version
  scalac -help  gives more information
Resolving package/object name conflict in favor of package scala.caps. The object will be inaccessible.
2026.01.17 08:16:59 INFO  Created report: Optional[file:///D:/SFBU/Spring_semester_2026/CS570/Coursera_course/scala-project/src/main/scala/example/example.worksheet.sc]
2026.01.17 08:16:59 INFO  dotty.tools.dotc.core.UnpicklingError: Could not read definition package object collection in C:\Users\werka\AppData\Local\Coursier\cache\v1\https\repo1.maven.org\maven2\org\scala-lang\scala-library\3.8.0\scala-library-3.8.0.jar(scala/collection/package.tasty). Caused by the following exception:
java.lang.AssertionError: assertion failed: `-Xread-docs` enabled, but no `docCtx` is set.

Run with -Ydebug-unpickling to see full stack trace. (full report at: "D:\SFBU\Spring_semester_2026\CS570\.metals\.reports\metals-full\2026-01-17\r_compiler-error_(CS570_5f87a554ef97)_08-16-59-509.md")
2026.01.17 08:17:01 ERROR worksheet: D:\SFBU\Spring_semester_2026\CS570\Coursera_course\scala-project\src\main\scala\example\example.worksheet.sc
java.lang.ClassCastException: class repl.MdocSession$ cannot be cast to class mdoc.internal.document.DocumentBuilder (repl.MdocSession$ is in unnamed module of loader dotty.tools.repl.AbstractFileClassLoader @229ea719; mdoc.internal.document.DocumentBuilder is in unnamed module of loader java.net.URLClassLoader @7486e497)
	at mdoc.internal.markdown.MarkdownBuilder$.buildDocument(MarkdownBuilder.scala:44)
	at mdoc.internal.worksheets.WorksheetProvider.evaluateWorksheet(WorksheetProvider.scala:39)
	at mdoc.internal.worksheets.Mdoc.evaluateWorksheet(Mdoc.scala:86)
	at scala.meta.internal.worksheets.WorksheetProvider.scala$meta$internal$worksheets$WorksheetProvider$$evaluateWorksheet(WorksheetProvider.scala:453)
	at scala.meta.internal.worksheets.WorksheetProvider$$anon$1.liftedTree1$1(WorksheetProvider.scala:334)
	at scala.meta.internal.worksheets.WorksheetProvider$$anon$1.run(WorksheetProvider.scala:334)

2026.01.17 08:17:01 INFO  time: evaluated worksheet 'example.worksheet.sc' in 2.17s
11 is not a valid choice for -java-output-version
  scalac -help  gives more information
Resolving package/object name conflict in favor of package scala.caps. The object will be inaccessible.
2026.01.17 08:17:01 INFO  Created report: Optional[file:///D:/SFBU/Spring_semester_2026/CS570/Coursera_course/scala-project/src/main/scala/example/example.worksheet.sc]
2026.01.17 08:17:01 INFO  dotty.tools.dotc.ast.Trees$UnAssignedTypeException: type of Number(1,Whole(10)) is not assigned (full report at: "D:\SFBU\Spring_semester_2026\CS570\.metals\.reports\metals-full\2026-01-17\r_compiler-error_(CS570_5f87a554ef97)_08-17-01-166.md")
2026.01.17 08:17:01 WARN  Could not find semantic tokens for: file:///D:/SFBU/Spring_semester_2026/CS570/Coursera_course/scala-project/src/main/scala/example/example.worksheet.sc
11 is not a valid choice for -java-output-version
  scalac -help  gives more information
Resolving package/object name conflict in favor of package scala.caps. The object will be inaccessible.
2026.01.17 08:17:54 INFO  Created report: Optional[file:///D:/SFBU/Spring_semester_2026/CS570/Coursera_course/scala-project/src/main/scala/example/example.worksheet.sc]
2026.01.17 08:17:54 INFO  dotty.tools.dotc.core.UnpicklingError: Could not read definition package object collection in C:\Users\werka\AppData\Local\Coursier\cache\v1\https\repo1.maven.org\maven2\org\scala-lang\scala-library\3.8.0\scala-library-3.8.0.jar(scala/collection/package.tasty). Caused by the following exception:
java.lang.AssertionError: assertion failed: `-Xread-docs` enabled, but no `docCtx` is set.

Run with -Ydebug-unpickling to see full stack trace. (full report at: "D:\SFBU\Spring_semester_2026\CS570\.metals\.reports\metals-full\2026-01-17\r_compiler-error_(CS570_5f87a554ef97)_08-17-54-106.md")
11 is not a valid choice for -java-output-version
  scalac -help  gives more information
Resolving package/object name conflict in favor of package scala.caps. The object will be inaccessible.
2026.01.17 08:17:54 INFO  Created report: Optional[file:///D:/SFBU/Spring_semester_2026/CS570/Coursera_course/scala-project/src/main/scala/example/example.worksheet.sc]
2026.01.17 08:17:54 INFO  dotty.tools.dotc.ast.Trees$UnAssignedTypeException: type of Number(1,Whole(10)) is not assigned (full report at: "D:\SFBU\Spring_semester_2026\CS570\.metals\.reports\metals-full\2026-01-17\r_compiler-error_(CS570_5f87a554ef97)_08-17-54-266.md")
2026.01.17 08:17:54 WARN  Could not find semantic tokens for: file:///D:/SFBU/Spring_semester_2026/CS570/Coursera_course/scala-project/src/main/scala/example/example.worksheet.sc
2026.01.17 08:17:54 ERROR worksheet: D:\SFBU\Spring_semester_2026\CS570\Coursera_course\scala-project\src\main\scala\example\example.worksheet.sc
java.lang.ClassCastException: class repl.MdocSession$ cannot be cast to class mdoc.internal.document.DocumentBuilder (repl.MdocSession$ is in unnamed module of loader dotty.tools.repl.AbstractFileClassLoader @662c5364; mdoc.internal.document.DocumentBuilder is in unnamed module of loader java.net.URLClassLoader @7486e497)
	at mdoc.internal.markdown.MarkdownBuilder$.buildDocument(MarkdownBuilder.scala:44)
	at mdoc.internal.worksheets.WorksheetProvider.evaluateWorksheet(WorksheetProvider.scala:39)
	at mdoc.internal.worksheets.Mdoc.evaluateWorksheet(Mdoc.scala:86)
	at scala.meta.internal.worksheets.WorksheetProvider.scala$meta$internal$worksheets$WorksheetProvider$$evaluateWorksheet(WorksheetProvider.scala:453)
	at scala.meta.internal.worksheets.WorksheetProvider$$anon$1.liftedTree1$1(WorksheetProvider.scala:334)
	at scala.meta.internal.worksheets.WorksheetProvider$$anon$1.run(WorksheetProvider.scala:334)

2026.01.17 08:17:54 INFO  time: evaluated worksheet 'example.worksheet.sc' in 1.17s
11 is not a valid choice for -java-output-version
  scalac -help  gives more information
Resolving package/object name conflict in favor of package scala.caps. The object will be inaccessible.
2026.01.17 08:17:54 INFO  Created report: Optional[file:///D:/SFBU/Spring_semester_2026/CS570/Coursera_course/scala-project/src/main/scala/example/example.worksheet.sc]
2026.01.17 08:17:54 INFO  dotty.tools.dotc.ast.Trees$UnAssignedTypeException: type of Number(1,Whole(10)) is not assigned (full report at: "D:\SFBU\Spring_semester_2026\CS570\.metals\.reports\metals-full\2026-01-17\r_compiler-error_(CS570_5f87a554ef97)_08-17-54-891.md")
2026.01.17 08:17:54 WARN  Could not find semantic tokens for: file:///D:/SFBU/Spring_semester_2026/CS570/Coursera_course/scala-project/src/main/scala/example/example.worksheet.sc
11 is not a valid choice for -java-output-version
  scalac -help  gives more information
Resolving package/object name conflict in favor of package scala.caps. The object will be inaccessible.
2026.01.17 22:56:32 INFO  Created report: Optional[file:///D:/SFBU/Spring_semester_2026/CS570/Coursera_course/scala-project/src/main/scala/example/example.worksheet.sc]
2026.01.17 22:56:32 INFO  dotty.tools.dotc.core.UnpicklingError: Could not read definition package object collection in C:\Users\werka\AppData\Local\Coursier\cache\v1\https\repo1.maven.org\maven2\org\scala-lang\scala-library\3.8.0\scala-library-3.8.0.jar(scala/collection/package.tasty). Caused by the following exception:
java.lang.AssertionError: assertion failed: `-Xread-docs` enabled, but no `docCtx` is set.

Run with -Ydebug-unpickling to see full stack trace. (full report at: "D:\SFBU\Spring_semester_2026\CS570\.metals\.reports\metals-full\2026-01-17\r_compiler-error_(CS570_5f87a554ef97)_22-56-32-378.md")
2026.01.17 22:56:33 ERROR worksheet: D:\SFBU\Spring_semester_2026\CS570\Coursera_course\scala-project\src\main\scala\example\example.worksheet.sc
java.lang.ClassCastException: class repl.MdocSession$ cannot be cast to class mdoc.internal.document.DocumentBuilder (repl.MdocSession$ is in unnamed module of loader dotty.tools.repl.AbstractFileClassLoader @150cbe31; mdoc.internal.document.DocumentBuilder is in unnamed module of loader java.net.URLClassLoader @7486e497)
	at mdoc.internal.markdown.MarkdownBuilder$.buildDocument(MarkdownBuilder.scala:44)
	at mdoc.internal.worksheets.WorksheetProvider.evaluateWorksheet(WorksheetProvider.scala:39)
	at mdoc.internal.worksheets.Mdoc.evaluateWorksheet(Mdoc.scala:86)
	at scala.meta.internal.worksheets.WorksheetProvider.scala$meta$internal$worksheets$WorksheetProvider$$evaluateWorksheet(WorksheetProvider.scala:453)
	at scala.meta.internal.worksheets.WorksheetProvider$$anon$1.liftedTree1$1(WorksheetProvider.scala:334)
	at scala.meta.internal.worksheets.WorksheetProvider$$anon$1.run(WorksheetProvider.scala:334)

2026.01.17 22:56:33 INFO  time: evaluated worksheet 'example.worksheet.sc' in 1.83s
11 is not a valid choice for -java-output-version
  scalac -help  gives more information
Resolving package/object name conflict in favor of package scala.caps. The object will be inaccessible.
2026.01.17 22:56:33 INFO  Created report: Optional[file:///D:/SFBU/Spring_semester_2026/CS570/Coursera_course/scala-project/src/main/scala/example/example.worksheet.sc]
2026.01.17 22:56:33 INFO  dotty.tools.dotc.ast.Trees$UnAssignedTypeException: type of Number(1,Whole(10)) is not assigned (full report at: "D:\SFBU\Spring_semester_2026\CS570\.metals\.reports\metals-full\2026-01-17\r_compiler-error_(CS570_5f87a554ef97)_22-56-33-557.md")
2026.01.17 22:56:33 WARN  Could not find semantic tokens for: file:///D:/SFBU/Spring_semester_2026/CS570/Coursera_course/scala-project/src/main/scala/example/example.worksheet.sc
11 is not a valid choice for -java-output-version
  scalac -help  gives more information
Resolving package/object name conflict in favor of package scala.caps. The object will be inaccessible.
2026.01.17 23:56:54 INFO  Created report: Optional[file:///D:/SFBU/Spring_semester_2026/CS570/Coursera_course/scala-project/src/main/scala/example/example.worksheet.sc]
2026.01.17 23:56:54 INFO  dotty.tools.dotc.core.UnpicklingError: Could not read definition package object collection in C:\Users\werka\AppData\Local\Coursier\cache\v1\https\repo1.maven.org\maven2\org\scala-lang\scala-library\3.8.0\scala-library-3.8.0.jar(scala/collection/package.tasty). Caused by the following exception:
java.lang.AssertionError: assertion failed: `-Xread-docs` enabled, but no `docCtx` is set.

Run with -Ydebug-unpickling to see full stack trace. (full report at: "D:\SFBU\Spring_semester_2026\CS570\.metals\.reports\metals-full\2026-01-17\r_compiler-error_(CS570_5f87a554ef97)_23-56-54-977.md")
2026.01.17 23:56:56 ERROR worksheet: D:\SFBU\Spring_semester_2026\CS570\Coursera_course\scala-project\src\main\scala\example\example.worksheet.sc
java.lang.ClassCastException: class repl.MdocSession$ cannot be cast to class mdoc.internal.document.DocumentBuilder (repl.MdocSession$ is in unnamed module of loader dotty.tools.repl.AbstractFileClassLoader @331cc330; mdoc.internal.document.DocumentBuilder is in unnamed module of loader java.net.URLClassLoader @7486e497)
	at mdoc.internal.markdown.MarkdownBuilder$.buildDocument(MarkdownBuilder.scala:44)
	at mdoc.internal.worksheets.WorksheetProvider.evaluateWorksheet(WorksheetProvider.scala:39)
	at mdoc.internal.worksheets.Mdoc.evaluateWorksheet(Mdoc.scala:86)
	at scala.meta.internal.worksheets.WorksheetProvider.scala$meta$internal$worksheets$WorksheetProvider$$evaluateWorksheet(WorksheetProvider.scala:453)
	at scala.meta.internal.worksheets.WorksheetProvider$$anon$1.liftedTree1$1(WorksheetProvider.scala:334)
	at scala.meta.internal.worksheets.WorksheetProvider$$anon$1.run(WorksheetProvider.scala:334)

2026.01.17 23:56:56 INFO  time: evaluated worksheet 'example.worksheet.sc' in 2.15s
11 is not a valid choice for -java-output-version
  scalac -help  gives more information
Resolving package/object name conflict in favor of package scala.caps. The object will be inaccessible.
2026.01.17 23:56:56 INFO  Created report: Optional[file:///D:/SFBU/Spring_semester_2026/CS570/Coursera_course/scala-project/src/main/scala/example/example.worksheet.sc]
2026.01.17 23:56:56 INFO  dotty.tools.dotc.ast.Trees$UnAssignedTypeException: type of Number(1,Whole(10)) is not assigned (full report at: "D:\SFBU\Spring_semester_2026\CS570\.metals\.reports\metals-full\2026-01-17\r_compiler-error_(CS570_5f87a554ef97)_23-56-56-701.md")
2026.01.17 23:56:56 WARN  Could not find semantic tokens for: file:///D:/SFBU/Spring_semester_2026/CS570/Coursera_course/scala-project/src/main/scala/example/example.worksheet.sc
11 is not a valid choice for -java-output-version
  scalac -help  gives more information
Resolving package/object name conflict in favor of package scala.caps. The object will be inaccessible.
2026.01.17 23:56:56 INFO  Created report: Optional[file:///D:/SFBU/Spring_semester_2026/CS570/Coursera_course/scala-project/src/main/scala/example/example.worksheet.sc]
2026.01.17 23:56:56 INFO  dotty.tools.dotc.ast.Trees$UnAssignedTypeException: type of Number(1,Whole(10)) is not assigned (full report at: "D:\SFBU\Spring_semester_2026\CS570\.metals\.reports\metals-full\2026-01-17\r_compiler-error_(CS570_5f87a554ef97)_23-56-57-662.md")
11 is not a valid choice for -java-output-version
  scalac -help  gives more information
Resolving package/object name conflict in favor of package scala.caps. The object will be inaccessible.
2026.01.17 23:56:57 INFO  Created report: Optional[file:///D:/SFBU/Spring_semester_2026/CS570/Coursera_course/scala-project/src/main/scala/example/example.worksheet.sc]
2026.01.17 23:56:57 INFO  dotty.tools.dotc.ast.Trees$UnAssignedTypeException: type of Number(1,Whole(10)) is not assigned (full report at: "D:\SFBU\Spring_semester_2026\CS570\.metals\.reports\metals-full\2026-01-17\r_compiler-error_(CS570_5f87a554ef97)_23-56-57-937.md")
2026.01.17 23:56:57 WARN  Could not find semantic tokens for: file:///D:/SFBU/Spring_semester_2026/CS570/Coursera_course/scala-project/src/main/scala/example/example.worksheet.sc
11 is not a valid choice for -java-output-version
  scalac -help  gives more information
Resolving package/object name conflict in favor of package scala.caps. The object will be inaccessible.
Jan 17, 2026 11:56:58 PM org.eclipse.lsp4j.jsonrpc.RemoteEndpoint handleCancellation
WARNING: Unmatched cancel notification for request id 133
2026.01.17 23:56:57 INFO  Created report: Optional[file:///D:/SFBU/Spring_semester_2026/CS570/Coursera_course/scala-project/src/main/scala/example/example.worksheet.sc]
2026.01.17 23:56:57 INFO  dotty.tools.dotc.core.UnpicklingError: Could not read definition package object collection in C:\Users\werka\AppData\Local\Coursier\cache\v1\https\repo1.maven.org\maven2\org\scala-lang\scala-library\3.8.0\scala-library-3.8.0.jar(scala/collection/package.tasty). Caused by the following exception:
java.lang.AssertionError: assertion failed: `-Xread-docs` enabled, but no `docCtx` is set.

Run with -Ydebug-unpickling to see full stack trace. (full report at: "D:\SFBU\Spring_semester_2026\CS570\.metals\.reports\metals-full\2026-01-17\r_compiler-error_(CS570_5f87a554ef97)_23-56-58-182.md")
11 is not a valid choice for -java-output-version
  scalac -help  gives more information
Resolving package/object name conflict in favor of package scala.caps. The object will be inaccessible.
2026.01.17 23:56:57 INFO  Created report: Optional[file:///D:/SFBU/Spring_semester_2026/CS570/Coursera_course/scala-project/src/main/scala/example/example.worksheet.sc]
2026.01.17 23:56:57 INFO  dotty.tools.dotc.ast.Trees$UnAssignedTypeException: type of Number(1,Whole(10)) is not assigned (full report at: "D:\SFBU\Spring_semester_2026\CS570\.metals\.reports\metals-full\2026-01-17\r_compiler-error_(CS570_5f87a554ef97)_23-56-58-319.md")
2026.01.17 23:56:58 WARN  Could not find semantic tokens for: file:///D:/SFBU/Spring_semester_2026/CS570/Coursera_course/scala-project/src/main/scala/example/example.worksheet.sc
11 is not a valid choice for -java-output-version
  scalac -help  gives more information
Resolving package/object name conflict in favor of package scala.caps. The object will be inaccessible.
2026.01.17 23:56:57 INFO  Created report: Optional[file:///D:/SFBU/Spring_semester_2026/CS570/Coursera_course/scala-project/src/main/scala/example/example.worksheet.sc]
2026.01.17 23:56:57 INFO  dotty.tools.dotc.ast.Trees$UnAssignedTypeException: type of Number(1,Whole(10)) is not assigned (full report at: "D:\SFBU\Spring_semester_2026\CS570\.metals\.reports\metals-full\2026-01-17\r_compiler-error_(CS570_5f87a554ef97)_23-56-58-473.md")
11 is not a valid choice for -java-output-version
  scalac -help  gives more information
Resolving package/object name conflict in favor of package scala.caps. The object will be inaccessible.
2026.01.17 23:56:57 INFO  Created report: Optional[file:///D:/SFBU/Spring_semester_2026/CS570/Coursera_course/scala-project/src/main/scala/example/example.worksheet.sc]
2026.01.17 23:56:57 INFO  dotty.tools.dotc.ast.Trees$UnAssignedTypeException: type of Number(1,Whole(10)) is not assigned (full report at: "D:\SFBU\Spring_semester_2026\CS570\.metals\.reports\metals-full\2026-01-17\r_compiler-error_(CS570_5f87a554ef97)_23-56-58-628.md")
2026.01.17 23:56:58 WARN  Could not find semantic tokens for: file:///D:/SFBU/Spring_semester_2026/CS570/Coursera_course/scala-project/src/main/scala/example/example.worksheet.sc
11 is not a valid choice for -java-output-version
  scalac -help  gives more information
Resolving package/object name conflict in favor of package scala.caps. The object will be inaccessible.
2026.01.17 23:56:57 INFO  Created report: Optional[file:///D:/SFBU/Spring_semester_2026/CS570/Coursera_course/scala-project/src/main/scala/example/example.worksheet.sc]
2026.01.17 23:56:57 INFO  dotty.tools.dotc.core.UnpicklingError: Could not read definition package object collection in C:\Users\werka\AppData\Local\Coursier\cache\v1\https\repo1.maven.org\maven2\org\scala-lang\scala-library\3.8.0\scala-library-3.8.0.jar(scala/collection/package.tasty). Caused by the following exception:
java.lang.AssertionError: assertion failed: `-Xread-docs` enabled, but no `docCtx` is set.

Run with -Ydebug-unpickling to see full stack trace. (full report at: "D:\SFBU\Spring_semester_2026\CS570\.metals\.reports\metals-full\2026-01-17\r_compiler-error_(CS570_5f87a554ef97)_23-56-58-918.md")
11 is not a valid choice for -java-output-version
  scalac -help  gives more information
Resolving package/object name conflict in favor of package scala.caps. The object will be inaccessible.
2026.01.17 23:56:59 INFO  Created report: Optional[file:///D:/SFBU/Spring_semester_2026/CS570/Coursera_course/scala-project/src/main/scala/example/example.worksheet.sc]
2026.01.17 23:56:59 INFO  dotty.tools.dotc.ast.Trees$UnAssignedTypeException: type of Number(1,Whole(10)) is not assigned (full report at: "D:\SFBU\Spring_semester_2026\CS570\.metals\.reports\metals-full\2026-01-17\r_compiler-error_(CS570_5f87a554ef97)_23-56-59-060.md")
2026.01.17 23:56:59 WARN  Could not find semantic tokens for: file:///D:/SFBU/Spring_semester_2026/CS570/Coursera_course/scala-project/src/main/scala/example/example.worksheet.sc
11 is not a valid choice for -java-output-version
  scalac -help  gives more information
Resolving package/object name conflict in favor of package scala.caps. The object will be inaccessible.
2026.01.17 23:56:59 INFO  Created report: Optional[file:///D:/SFBU/Spring_semester_2026/CS570/Coursera_course/scala-project/src/main/scala/example/example.worksheet.sc]
2026.01.17 23:56:59 INFO  dotty.tools.dotc.ast.Trees$UnAssignedTypeException: type of Number(1,Whole(10)) is not assigned (full report at: "D:\SFBU\Spring_semester_2026\CS570\.metals\.reports\metals-full\2026-01-17\r_compiler-error_(CS570_5f87a554ef97)_23-56-59-604.md")
2026.01.17 23:56:59 WARN  Could not find semantic tokens for: file:///D:/SFBU/Spring_semester_2026/CS570/Coursera_course/scala-project/src/main/scala/example/example.worksheet.sc
11 is not a valid choice for -java-output-version
  scalac -help  gives more information
Resolving package/object name conflict in favor of package scala.caps. The object will be inaccessible.
2026.01.17 23:56:59 INFO  Created report: Optional[file:///D:/SFBU/Spring_semester_2026/CS570/Coursera_course/scala-project/src/main/scala/example/example.worksheet.sc]
2026.01.17 23:56:59 INFO  dotty.tools.dotc.ast.Trees$UnAssignedTypeException: type of Number(1,Whole(10)) is not assigned (full report at: "D:\SFBU\Spring_semester_2026\CS570\.metals\.reports\metals-full\2026-01-17\r_compiler-error_(CS570_5f87a554ef97)_23-56-59-924.md")
2026.01.17 23:56:59 WARN  Could not find semantic tokens for: file:///D:/SFBU/Spring_semester_2026/CS570/Coursera_course/scala-project/src/main/scala/example/example.worksheet.sc
11 is not a valid choice for -java-output-version
  scalac -help  gives more information
Resolving package/object name conflict in favor of package scala.caps. The object will be inaccessible.
2026.01.17 23:57:00 INFO  Created report: Optional[file:///D:/SFBU/Spring_semester_2026/CS570/Coursera_course/scala-project/src/main/scala/example/example.worksheet.sc]
2026.01.17 23:57:00 INFO  dotty.tools.dotc.core.UnpicklingError: Could not read definition package object collection in C:\Users\werka\AppData\Local\Coursier\cache\v1\https\repo1.maven.org\maven2\org\scala-lang\scala-library\3.8.0\scala-library-3.8.0.jar(scala/collection/package.tasty). Caused by the following exception:
java.lang.AssertionError: assertion failed: `-Xread-docs` enabled, but no `docCtx` is set.

Run with -Ydebug-unpickling to see full stack trace. (full report at: "D:\SFBU\Spring_semester_2026\CS570\.metals\.reports\metals-full\2026-01-17\r_compiler-error_(CS570_5f87a554ef97)_23-57-00-406.md")
11 is not a valid choice for -java-output-version
  scalac -help  gives more information
Resolving package/object name conflict in favor of package scala.caps. The object will be inaccessible.
2026.01.17 23:57:00 INFO  Created report: Optional[file:///D:/SFBU/Spring_semester_2026/CS570/Coursera_course/scala-project/src/main/scala/example/example.worksheet.sc]
2026.01.17 23:57:00 INFO  dotty.tools.dotc.core.UnpicklingError: Could not read definition package object collection in C:\Users\werka\AppData\Local\Coursier\cache\v1\https\repo1.maven.org\maven2\org\scala-lang\scala-library\3.8.0\scala-library-3.8.0.jar(scala/collection/package.tasty). Caused by the following exception:
java.lang.AssertionError: assertion failed: `-Xread-docs` enabled, but no `docCtx` is set.

Run with -Ydebug-unpickling to see full stack trace. (full report at: "D:\SFBU\Spring_semester_2026\CS570\.metals\.reports\metals-full\2026-01-17\r_compiler-error_(CS570_5f87a554ef97)_23-57-00-822.md")
2026.01.17 23:57:04 INFO  compiling cs570_87a554ef97 (1 scala source)
2026.01.17 23:57:04 INFO  11 is not a valid choice for -java-output-version (full report at: "D:\SFBU\Spring_semester_2026\CS570\.metals\.reports\bloop\2026-01-17\r_11 is not a valid ch..._05-54-26-314.md")
2026.01.17 23:57:04 INFO  scalac -help  gives more information
2026.01.17 23:57:04 INFO  time: compiled CS570_87a554ef97 in 0.14s
[31merror[39m: Coursera_course\scala-project\src\main\scala\example\example.worksheet.sc:3:9: illegal start of simple expression
val x = 
        ^
11 is not a valid choice for -java-output-version
  scalac -help  gives more information
Resolving package/object name conflict in favor of package scala.caps. The object will be inaccessible.
2026.01.17 23:57:04 INFO  Created report: Optional[file:///D:/SFBU/Spring_semester_2026/CS570/Coursera_course/scala-project/src/main/scala/example/example.worksheet.sc]
2026.01.17 23:57:04 INFO  dotty.tools.dotc.core.UnpicklingError: Could not read definition package object collection in C:\Users\werka\AppData\Local\Coursier\cache\v1\https\repo1.maven.org\maven2\org\scala-lang\scala-library\3.8.0\scala-library-3.8.0.jar(scala/collection/package.tasty). Caused by the following exception:
java.lang.AssertionError: assertion failed: `-Xread-docs` enabled, but no `docCtx` is set.

Run with -Ydebug-unpickling to see full stack trace. (full report at: "D:\SFBU\Spring_semester_2026\CS570\.metals\.reports\metals-full\2026-01-17\r_compiler-error_(CS570_5f87a554ef97)_23-57-04-883.md")
2026.01.17 23:57:05 ERROR worksheet: D:\SFBU\Spring_semester_2026\CS570\Coursera_course\scala-project\src\main\scala\example\example.worksheet.sc
java.lang.ClassCastException: class repl.MdocSession$ cannot be cast to class mdoc.internal.document.DocumentBuilder (repl.MdocSession$ is in unnamed module of loader dotty.tools.repl.AbstractFileClassLoader @4bf38399; mdoc.internal.document.DocumentBuilder is in unnamed module of loader java.net.URLClassLoader @7486e497)
	at mdoc.internal.markdown.MarkdownBuilder$.buildDocument(MarkdownBuilder.scala:44)
	at mdoc.internal.worksheets.WorksheetProvider.evaluateWorksheet(WorksheetProvider.scala:39)
	at mdoc.internal.worksheets.Mdoc.evaluateWorksheet(Mdoc.scala:86)
	at scala.meta.internal.worksheets.WorksheetProvider.scala$meta$internal$worksheets$WorksheetProvider$$evaluateWorksheet(WorksheetProvider.scala:453)
	at scala.meta.internal.worksheets.WorksheetProvider$$anon$1.liftedTree1$1(WorksheetProvider.scala:334)
	at scala.meta.internal.worksheets.WorksheetProvider$$anon$1.run(WorksheetProvider.scala:334)

2026.01.17 23:57:05 INFO  time: evaluated worksheet 'example.worksheet.sc' in 0.66s
11 is not a valid choice for -java-output-version
  scalac -help  gives more information
Resolving package/object name conflict in favor of package scala.caps. The object will be inaccessible.
2026.01.17 23:57:04 INFO  Created report: Optional[file:///D:/SFBU/Spring_semester_2026/CS570/Coursera_course/scala-project/src/main/scala/example/example.worksheet.sc]
2026.01.17 23:57:04 INFO  dotty.tools.dotc.ast.Trees$UnAssignedTypeException: type of Number(1,Whole(10)) is not assigned (full report at: "D:\SFBU\Spring_semester_2026\CS570\.metals\.reports\metals-full\2026-01-17\r_compiler-error_(CS570_5f87a554ef97)_23-57-05-250.md")
2026.01.17 23:57:05 WARN  Could not find semantic tokens for: file:///D:/SFBU/Spring_semester_2026/CS570/Coursera_course/scala-project/src/main/scala/example/example.worksheet.sc
11 is not a valid choice for -java-output-version
  scalac -help  gives more information
Resolving package/object name conflict in favor of package scala.caps. The object will be inaccessible.
2026.01.17 23:57:06 INFO  Created report: Optional[file:///D:/SFBU/Spring_semester_2026/CS570/Coursera_course/scala-project/src/main/scala/example/example.worksheet.sc]
2026.01.17 23:57:06 INFO  dotty.tools.dotc.core.UnpicklingError: Could not read definition package object collection in C:\Users\werka\AppData\Local\Coursier\cache\v1\https\repo1.maven.org\maven2\org\scala-lang\scala-library\3.8.0\scala-library-3.8.0.jar(scala/collection/package.tasty). Caused by the following exception:
java.lang.AssertionError: assertion failed: `-Xread-docs` enabled, but no `docCtx` is set.

Run with -Ydebug-unpickling to see full stack trace. (full report at: "D:\SFBU\Spring_semester_2026\CS570\.metals\.reports\metals-full\2026-01-17\r_compiler-error_(CS570_5f87a554ef97)_23-57-06-030.md")
11 is not a valid choice for -java-output-version
  scalac -help  gives more information
Resolving package/object name conflict in favor of package scala.caps. The object will be inaccessible.
2026.01.17 23:57:06 INFO  Created report: Optional[file:///D:/SFBU/Spring_semester_2026/CS570/Coursera_course/scala-project/src/main/scala/example/example.worksheet.sc]
2026.01.17 23:57:06 INFO  dotty.tools.dotc.ast.Trees$UnAssignedTypeException: type of Number(1,Whole(10)) is not assigned (full report at: "D:\SFBU\Spring_semester_2026\CS570\.metals\.reports\metals-full\2026-01-17\r_compiler-error_(CS570_5f87a554ef97)_23-57-06-098.md")
2026.01.17 23:57:05 WARN  Could not find semantic tokens for: file:///D:/SFBU/Spring_semester_2026/CS570/Coursera_course/scala-project/src/main/scala/example/example.worksheet.sc
11 is not a valid choice for -java-output-version
  scalac -help  gives more information
Resolving package/object name conflict in favor of package scala.caps. The object will be inaccessible.
2026.01.17 23:57:06 INFO  Created report: Optional[file:///D:/SFBU/Spring_semester_2026/CS570/Coursera_course/scala-project/src/main/scala/example/example.worksheet.sc]
2026.01.17 23:57:06 INFO  dotty.tools.dotc.core.UnpicklingError: Could not read definition package object collection in C:\Users\werka\AppData\Local\Coursier\cache\v1\https\repo1.maven.org\maven2\org\scala-lang\scala-library\3.8.0\scala-library-3.8.0.jar(scala/collection/package.tasty). Caused by the following exception:
java.lang.AssertionError: assertion failed: `-Xread-docs` enabled, but no `docCtx` is set.

Run with -Ydebug-unpickling to see full stack trace. (full report at: "D:\SFBU\Spring_semester_2026\CS570\.metals\.reports\metals-full\2026-01-17\r_compiler-error_(CS570_5f87a554ef97)_23-57-06-582.md")
11 is not a valid choice for -java-output-version
  scalac -help  gives more information
Resolving package/object name conflict in favor of package scala.caps. The object will be inaccessible.
2026.01.17 23:57:06 INFO  Created report: Optional[file:///D:/SFBU/Spring_semester_2026/CS570/Coursera_course/scala-project/src/main/scala/example/example.worksheet.sc]
2026.01.17 23:57:06 INFO  dotty.tools.dotc.ast.Trees$UnAssignedTypeException: type of Number(1,Whole(10)) is not assigned (full report at: "D:\SFBU\Spring_semester_2026\CS570\.metals\.reports\metals-full\2026-01-17\r_compiler-error_(CS570_5f87a554ef97)_23-57-06-654.md")
2026.01.17 23:57:06 WARN  Could not find semantic tokens for: file:///D:/SFBU/Spring_semester_2026/CS570/Coursera_course/scala-project/src/main/scala/example/example.worksheet.sc
11 is not a valid choice for -java-output-version
  scalac -help  gives more information
Resolving package/object name conflict in favor of package scala.caps. The object will be inaccessible.
2026.01.17 23:57:07 INFO  Created report: Optional[file:///D:/SFBU/Spring_semester_2026/CS570/Coursera_course/scala-project/src/main/scala/example/example.worksheet.sc]
2026.01.17 23:57:07 INFO  dotty.tools.dotc.core.UnpicklingError: Could not read definition package object collection in C:\Users\werka\AppData\Local\Coursier\cache\v1\https\repo1.maven.org\maven2\org\scala-lang\scala-library\3.8.0\scala-library-3.8.0.jar(scala/collection/package.tasty). Caused by the following exception:
java.lang.AssertionError: assertion failed: `-Xread-docs` enabled, but no `docCtx` is set.

Run with -Ydebug-unpickling to see full stack trace. (full report at: "D:\SFBU\Spring_semester_2026\CS570\.metals\.reports\metals-full\2026-01-17\r_compiler-error_(CS570_5f87a554ef97)_23-57-07-330.md")
11 is not a valid choice for -java-output-version
  scalac -help  gives more information
Resolving package/object name conflict in favor of package scala.caps. The object will be inaccessible.
2026.01.17 23:57:07 INFO  Created report: Optional[file:///D:/SFBU/Spring_semester_2026/CS570/Coursera_course/scala-project/src/main/scala/example/example.worksheet.sc]
2026.01.17 23:57:07 INFO  dotty.tools.dotc.ast.Trees$UnAssignedTypeException: type of Number(1,Whole(10)) is not assigned (full report at: "D:\SFBU\Spring_semester_2026\CS570\.metals\.reports\metals-full\2026-01-17\r_compiler-error_(CS570_5f87a554ef97)_23-57-07-452.md")
2026.01.17 23:57:07 WARN  Could not find semantic tokens for: file:///D:/SFBU/Spring_semester_2026/CS570/Coursera_course/scala-project/src/main/scala/example/example.worksheet.sc
11 is not a valid choice for -java-output-version
  scalac -help  gives more information
Resolving package/object name conflict in favor of package scala.caps. The object will be inaccessible.
2026.01.17 23:57:07 INFO  Created report: Optional[file:///D:/SFBU/Spring_semester_2026/CS570/Coursera_course/scala-project/src/main/scala/example/example.worksheet.sc]
2026.01.17 23:57:07 INFO  dotty.tools.dotc.core.UnpicklingError: Could not read definition package object collection in C:\Users\werka\AppData\Local\Coursier\cache\v1\https\repo1.maven.org\maven2\org\scala-lang\scala-library\3.8.0\scala-library-3.8.0.jar(scala/collection/package.tasty). Caused by the following exception:
java.lang.AssertionError: assertion failed: `-Xread-docs` enabled, but no `docCtx` is set.

Run with -Ydebug-unpickling to see full stack trace. (full report at: "D:\SFBU\Spring_semester_2026\CS570\.metals\.reports\metals-full\2026-01-17\r_compiler-error_(CS570_5f87a554ef97)_23-57-08-117.md")
11 is not a valid choice for -java-output-version
  scalac -help  gives more information
Resolving package/object name conflict in favor of package scala.caps. The object will be inaccessible.
2026.01.17 23:57:07 INFO  Created report: Optional[file:///D:/SFBU/Spring_semester_2026/CS570/Coursera_course/scala-project/src/main/scala/example/example.worksheet.sc]
2026.01.17 23:57:07 INFO  dotty.tools.dotc.ast.Trees$UnAssignedTypeException: type of Number(1,Whole(10)) is not assigned (full report at: "D:\SFBU\Spring_semester_2026\CS570\.metals\.reports\metals-full\2026-01-17\r_compiler-error_(CS570_5f87a554ef97)_23-57-08-195.md")
2026.01.17 23:57:08 WARN  Could not find semantic tokens for: file:///D:/SFBU/Spring_semester_2026/CS570/Coursera_course/scala-project/src/main/scala/example/example.worksheet.sc
11 is not a valid choice for -java-output-version
  scalac -help  gives more information
Resolving package/object name conflict in favor of package scala.caps. The object will be inaccessible.
2026.01.17 23:57:08 INFO  Created report: Optional[file:///D:/SFBU/Spring_semester_2026/CS570/Coursera_course/scala-project/src/main/scala/example/example.worksheet.sc]
2026.01.17 23:57:08 INFO  dotty.tools.dotc.core.UnpicklingError: Could not read definition package object collection in C:\Users\werka\AppData\Local\Coursier\cache\v1\https\repo1.maven.org\maven2\org\scala-lang\scala-library\3.8.0\scala-library-3.8.0.jar(scala/collection/package.tasty). Caused by the following exception:
java.lang.AssertionError: assertion failed: `-Xread-docs` enabled, but no `docCtx` is set.

Run with -Ydebug-unpickling to see full stack trace. (full report at: "D:\SFBU\Spring_semester_2026\CS570\.metals\.reports\metals-full\2026-01-17\r_compiler-error_(CS570_5f87a554ef97)_23-57-08-658.md")
11 is not a valid choice for -java-output-version
  scalac -help  gives more information
Resolving package/object name conflict in favor of package scala.caps. The object will be inaccessible.
2026.01.17 23:57:08 INFO  Created report: Optional[file:///D:/SFBU/Spring_semester_2026/CS570/Coursera_course/scala-project/src/main/scala/example/example.worksheet.sc]
2026.01.17 23:57:08 INFO  dotty.tools.dotc.ast.Trees$UnAssignedTypeException: type of Number(1,Whole(10)) is not assigned (full report at: "D:\SFBU\Spring_semester_2026\CS570\.metals\.reports\metals-full\2026-01-17\r_compiler-error_(CS570_5f87a554ef97)_23-57-08-729.md")
2026.01.17 23:57:08 WARN  Could not find semantic tokens for: file:///D:/SFBU/Spring_semester_2026/CS570/Coursera_course/scala-project/src/main/scala/example/example.worksheet.sc
11 is not a valid choice for -java-output-version
  scalac -help  gives more information
Resolving package/object name conflict in favor of package scala.caps. The object will be inaccessible.
2026.01.17 23:57:08 INFO  Created report: Optional[file:///D:/SFBU/Spring_semester_2026/CS570/Coursera_course/scala-project/src/main/scala/example/example.worksheet.sc]
2026.01.17 23:57:08 INFO  dotty.tools.dotc.core.UnpicklingError: Could not read definition package object collection in C:\Users\werka\AppData\Local\Coursier\cache\v1\https\repo1.maven.org\maven2\org\scala-lang\scala-library\3.8.0\scala-library-3.8.0.jar(scala/collection/package.tasty). Caused by the following exception:
java.lang.AssertionError: assertion failed: `-Xread-docs` enabled, but no `docCtx` is set.

Run with -Ydebug-unpickling to see full stack trace. (full report at: "D:\SFBU\Spring_semester_2026\CS570\.metals\.reports\metals-full\2026-01-17\r_compiler-error_(CS570_5f87a554ef97)_23-57-09-466.md")
11 is not a valid choice for -java-output-version
  scalac -help  gives more information
Resolving package/object name conflict in favor of package scala.caps. The object will be inaccessible.
2026.01.17 23:57:10 INFO  Created report: Optional[file:///D:/SFBU/Spring_semester_2026/CS570/Coursera_course/scala-project/src/main/scala/example/example.worksheet.sc]
2026.01.17 23:57:10 INFO  dotty.tools.dotc.ast.Trees$UnAssignedTypeException: type of Number(1,Whole(10)) is not assigned (full report at: "D:\SFBU\Spring_semester_2026\CS570\.metals\.reports\metals-full\2026-01-17\r_compiler-error_(CS570_5f87a554ef97)_23-57-10-588.md")
2026.01.17 23:57:10 WARN  Could not find semantic tokens for: file:///D:/SFBU/Spring_semester_2026/CS570/Coursera_course/scala-project/src/main/scala/example/example.worksheet.sc
11 is not a valid choice for -java-output-version
  scalac -help  gives more information
Resolving package/object name conflict in favor of package scala.caps. The object will be inaccessible.
2026.01.17 23:57:10 INFO  Created report: Optional[file:///D:/SFBU/Spring_semester_2026/CS570/Coursera_course/scala-project/src/main/scala/example/example.worksheet.sc]
2026.01.17 23:57:10 INFO  dotty.tools.dotc.core.UnpicklingError: Could not read definition package object collection in C:\Users\werka\AppData\Local\Coursier\cache\v1\https\repo1.maven.org\maven2\org\scala-lang\scala-library\3.8.0\scala-library-3.8.0.jar(scala/collection/package.tasty). Caused by the following exception:
java.lang.AssertionError: assertion failed: `-Xread-docs` enabled, but no `docCtx` is set.

Run with -Ydebug-unpickling to see full stack trace. (full report at: "D:\SFBU\Spring_semester_2026\CS570\.metals\.reports\metals-full\2026-01-17\r_compiler-error_(CS570_5f87a554ef97)_23-57-10-786.md")
2026.01.17 23:57:10 INFO  compiling cs570_87a554ef97 (1 scala source)
2026.01.17 23:57:10 INFO  11 is not a valid choice for -java-output-version (full report at: "D:\SFBU\Spring_semester_2026\CS570\.metals\.reports\bloop\2026-01-17\r_11 is not a valid ch..._05-54-26-314.md")
2026.01.17 23:57:10 INFO  scalac -help  gives more information
2026.01.17 23:57:10 INFO  time: compiled CS570_87a554ef97 in 23ms
11 is not a valid choice for -java-output-version
  scalac -help  gives more information
Resolving package/object name conflict in favor of package scala.caps. The object will be inaccessible.
2026.01.17 23:57:10 INFO  Created report: Optional[file:///D:/SFBU/Spring_semester_2026/CS570/Coursera_course/scala-project/src/main/scala/example/example.worksheet.sc]
2026.01.17 23:57:10 INFO  dotty.tools.dotc.core.UnpicklingError: Could not read definition package object collection in C:\Users\werka\AppData\Local\Coursier\cache\v1\https\repo1.maven.org\maven2\org\scala-lang\scala-library\3.8.0\scala-library-3.8.0.jar(scala/collection/package.tasty). Caused by the following exception:
java.lang.AssertionError: assertion failed: `-Xread-docs` enabled, but no `docCtx` is set.

Run with -Ydebug-unpickling to see full stack trace. (full report at: "D:\SFBU\Spring_semester_2026\CS570\.metals\.reports\metals-full\2026-01-17\r_compiler-error_(CS570_5f87a554ef97)_23-57-11-293.md")
11 is not a valid choice for -java-output-version
  scalac -help  gives more information
Resolving package/object name conflict in favor of package scala.caps. The object will be inaccessible.
2026.01.17 23:57:11 INFO  Created report: Optional[file:///D:/SFBU/Spring_semester_2026/CS570/Coursera_course/scala-project/src/main/scala/example/example.worksheet.sc]
2026.01.17 23:57:11 INFO  dotty.tools.dotc.core.UnpicklingError: Could not read definition package object collection in C:\Users\werka\AppData\Local\Coursier\cache\v1\https\repo1.maven.org\maven2\org\scala-lang\scala-library\3.8.0\scala-library-3.8.0.jar(scala/collection/package.tasty). Caused by the following exception:
java.lang.AssertionError: assertion failed: `-Xread-docs` enabled, but no `docCtx` is set.

Run with -Ydebug-unpickling to see full stack trace. (full report at: "D:\SFBU\Spring_semester_2026\CS570\.metals\.reports\metals-full\2026-01-17\r_compiler-error_(CS570_5f87a554ef97)_23-57-11-596.md")
2026.01.17 23:57:11 ERROR worksheet: D:\SFBU\Spring_semester_2026\CS570\Coursera_course\scala-project\src\main\scala\example\example.worksheet.sc
java.lang.ClassCastException: class repl.MdocSession$ cannot be cast to class mdoc.internal.document.DocumentBuilder (repl.MdocSession$ is in unnamed module of loader dotty.tools.repl.AbstractFileClassLoader @7d557bd7; mdoc.internal.document.DocumentBuilder is in unnamed module of loader java.net.URLClassLoader @7486e497)
	at mdoc.internal.markdown.MarkdownBuilder$.buildDocument(MarkdownBuilder.scala:44)
	at mdoc.internal.worksheets.WorksheetProvider.evaluateWorksheet(WorksheetProvider.scala:39)
	at mdoc.internal.worksheets.Mdoc.evaluateWorksheet(Mdoc.scala:86)
	at scala.meta.internal.worksheets.WorksheetProvider.scala$meta$internal$worksheets$WorksheetProvider$$evaluateWorksheet(WorksheetProvider.scala:453)
	at scala.meta.internal.worksheets.WorksheetProvider$$anon$1.liftedTree1$1(WorksheetProvider.scala:334)
	at scala.meta.internal.worksheets.WorksheetProvider$$anon$1.run(WorksheetProvider.scala:334)

2026.01.17 23:57:11 INFO  time: evaluated worksheet 'example.worksheet.sc' in 0.86s
11 is not a valid choice for -java-output-version
  scalac -help  gives more information
Resolving package/object name conflict in favor of package scala.caps. The object will be inaccessible.
2026.01.17 23:57:11 INFO  Created report: Optional[file:///D:/SFBU/Spring_semester_2026/CS570/Coursera_course/scala-project/src/main/scala/example/example.worksheet.sc]
2026.01.17 23:57:11 INFO  dotty.tools.dotc.ast.Trees$UnAssignedTypeException: type of Number(1,Whole(10)) is not assigned (full report at: "D:\SFBU\Spring_semester_2026\CS570\.metals\.reports\metals-full\2026-01-17\r_compiler-error_(CS570_5f87a554ef97)_23-57-11-855.md")
2026.01.17 23:57:11 WARN  Could not find semantic tokens for: file:///D:/SFBU/Spring_semester_2026/CS570/Coursera_course/scala-project/src/main/scala/example/example.worksheet.sc
2026.01.17 23:57:12 INFO  compiling cs570_87a554ef97 (1 scala source)
2026.01.17 23:57:12 INFO  11 is not a valid choice for -java-output-version (full report at: "D:\SFBU\Spring_semester_2026\CS570\.metals\.reports\bloop\2026-01-17\r_11 is not a valid ch..._05-54-26-314.md")
2026.01.17 23:57:12 INFO  scalac -help  gives more information
2026.01.17 23:57:12 INFO  time: compiled CS570_87a554ef97 in 18ms
11 is not a valid choice for -java-output-version
  scalac -help  gives more information
Resolving package/object name conflict in favor of package scala.caps. The object will be inaccessible.
2026.01.17 23:57:13 INFO  Created report: Optional[file:///D:/SFBU/Spring_semester_2026/CS570/Coursera_course/scala-project/src/main/scala/example/example.worksheet.sc]
2026.01.17 23:57:13 INFO  dotty.tools.dotc.core.UnpicklingError: Could not read definition package object collection in C:\Users\werka\AppData\Local\Coursier\cache\v1\https\repo1.maven.org\maven2\org\scala-lang\scala-library\3.8.0\scala-library-3.8.0.jar(scala/collection/package.tasty). Caused by the following exception:
java.lang.AssertionError: assertion failed: `-Xread-docs` enabled, but no `docCtx` is set.

Run with -Ydebug-unpickling to see full stack trace. (full report at: "D:\SFBU\Spring_semester_2026\CS570\.metals\.reports\metals-full\2026-01-17\r_compiler-error_(CS570_5f87a554ef97)_23-57-13-353.md")
2026.01.17 23:57:13 ERROR worksheet: D:\SFBU\Spring_semester_2026\CS570\Coursera_course\scala-project\src\main\scala\example\example.worksheet.sc
java.lang.ClassCastException: class repl.MdocSession$ cannot be cast to class mdoc.internal.document.DocumentBuilder (repl.MdocSession$ is in unnamed module of loader dotty.tools.repl.AbstractFileClassLoader @6ce60c90; mdoc.internal.document.DocumentBuilder is in unnamed module of loader java.net.URLClassLoader @7486e497)
	at mdoc.internal.markdown.MarkdownBuilder$.buildDocument(MarkdownBuilder.scala:44)
	at mdoc.internal.worksheets.WorksheetProvider.evaluateWorksheet(WorksheetProvider.scala:39)
	at mdoc.internal.worksheets.Mdoc.evaluateWorksheet(Mdoc.scala:86)
	at scala.meta.internal.worksheets.WorksheetProvider.scala$meta$internal$worksheets$WorksheetProvider$$evaluateWorksheet(WorksheetProvider.scala:453)
	at scala.meta.internal.worksheets.WorksheetProvider$$anon$1.liftedTree1$1(WorksheetProvider.scala:334)
	at scala.meta.internal.worksheets.WorksheetProvider$$anon$1.run(WorksheetProvider.scala:334)

2026.01.17 23:57:13 INFO  time: evaluated worksheet 'example.worksheet.sc' in 0.57s
11 is not a valid choice for -java-output-version
  scalac -help  gives more information
Resolving package/object name conflict in favor of package scala.caps. The object will be inaccessible.
2026.01.17 23:57:13 INFO  Created report: Optional[file:///D:/SFBU/Spring_semester_2026/CS570/Coursera_course/scala-project/src/main/scala/example/example.worksheet.sc]
2026.01.17 23:57:13 INFO  dotty.tools.dotc.ast.Trees$UnAssignedTypeException: type of Number(1,Whole(10)) is not assigned (full report at: "D:\SFBU\Spring_semester_2026\CS570\.metals\.reports\metals-full\2026-01-17\r_compiler-error_(CS570_5f87a554ef97)_23-57-13-648.md")
2026.01.17 23:57:13 WARN  Could not find semantic tokens for: file:///D:/SFBU/Spring_semester_2026/CS570/Coursera_course/scala-project/src/main/scala/example/example.worksheet.sc
11 is not a valid choice for -java-output-version
  scalac -help  gives more information
Resolving package/object name conflict in favor of package scala.caps. The object will be inaccessible.
2026.01.18 02:14:32 INFO  Created report: Optional[file:///D:/SFBU/Spring_semester_2026/CS570/Coursera_course/scala-project/src/main/scala/example/example.worksheet.sc]
2026.01.18 02:14:32 INFO  dotty.tools.dotc.ast.Trees$UnAssignedTypeException: type of Number(1,Whole(10)) is not assigned (full report at: "D:\SFBU\Spring_semester_2026\CS570\.metals\.reports\metals-full\2026-01-18\r_compiler-error_(CS570_5f87a554ef97)_02-14-32-368.md")
2026.01.18 02:14:32 WARN  Could not find semantic tokens for: file:///D:/SFBU/Spring_semester_2026/CS570/Coursera_course/scala-project/src/main/scala/example/example.worksheet.sc
11 is not a valid choice for -java-output-version
  scalac -help  gives more information
Resolving package/object name conflict in favor of package scala.caps. The object will be inaccessible.
2026.01.18 02:14:32 INFO  Created report: Optional[file:///D:/SFBU/Spring_semester_2026/CS570/Coursera_course/scala-project/src/main/scala/example/example.worksheet.sc]
2026.01.18 02:14:32 INFO  dotty.tools.dotc.core.UnpicklingError: Could not read definition package object collection in C:\Users\werka\AppData\Local\Coursier\cache\v1\https\repo1.maven.org\maven2\org\scala-lang\scala-library\3.8.0\scala-library-3.8.0.jar(scala/collection/package.tasty). Caused by the following exception:
java.lang.AssertionError: assertion failed: `-Xread-docs` enabled, but no `docCtx` is set.

Run with -Ydebug-unpickling to see full stack trace. (full report at: "D:\SFBU\Spring_semester_2026\CS570\.metals\.reports\metals-full\2026-01-18\r_compiler-error_(CS570_5f87a554ef97)_02-14-32-569.md")
2026.01.18 02:14:34 ERROR worksheet: D:\SFBU\Spring_semester_2026\CS570\Coursera_course\scala-project\src\main\scala\example\example.worksheet.sc
java.lang.ClassCastException: class repl.MdocSession$ cannot be cast to class mdoc.internal.document.DocumentBuilder (repl.MdocSession$ is in unnamed module of loader dotty.tools.repl.AbstractFileClassLoader @5ff564bd; mdoc.internal.document.DocumentBuilder is in unnamed module of loader java.net.URLClassLoader @7486e497)
	at mdoc.internal.markdown.MarkdownBuilder$.buildDocument(MarkdownBuilder.scala:44)
	at mdoc.internal.worksheets.WorksheetProvider.evaluateWorksheet(WorksheetProvider.scala:39)
	at mdoc.internal.worksheets.Mdoc.evaluateWorksheet(Mdoc.scala:86)
	at scala.meta.internal.worksheets.WorksheetProvider.scala$meta$internal$worksheets$WorksheetProvider$$evaluateWorksheet(WorksheetProvider.scala:453)
	at scala.meta.internal.worksheets.WorksheetProvider$$anon$1.liftedTree1$1(WorksheetProvider.scala:334)
	at scala.meta.internal.worksheets.WorksheetProvider$$anon$1.run(WorksheetProvider.scala:334)

2026.01.18 02:14:34 INFO  time: evaluated worksheet 'example.worksheet.sc' in 2.37s
11 is not a valid choice for -java-output-version
  scalac -help  gives more information
Resolving package/object name conflict in favor of package scala.caps. The object will be inaccessible.
2026.01.18 02:14:34 INFO  Created report: Optional[file:///D:/SFBU/Spring_semester_2026/CS570/Coursera_course/scala-project/src/main/scala/example/example.worksheet.sc]
2026.01.18 02:14:34 INFO  dotty.tools.dotc.ast.Trees$UnAssignedTypeException: type of Number(1,Whole(10)) is not assigned (full report at: "D:\SFBU\Spring_semester_2026\CS570\.metals\.reports\metals-full\2026-01-18\r_compiler-error_(CS570_5f87a554ef97)_02-14-34-139.md")
2026.01.18 02:14:34 WARN  Could not find semantic tokens for: file:///D:/SFBU/Spring_semester_2026/CS570/Coursera_course/scala-project/src/main/scala/example/example.worksheet.sc
2026.01.18 02:15:57 INFO  no build target found for D:\SFBU\Spring_semester_2026\CS570\Coursera_course\scala-project\src\main\scala\example\scala-practice.sc. Using presentation compiler with project's scala-library version: 3.8.0
2026.01.18 02:15:57 INFO  no build target found for D:\SFBU\Spring_semester_2026\CS570\Coursera_course\scala-project\src\main\scala\example\scala-practice.sc. Using presentation compiler with project's scala-library version: 3.8.0
2026.01.18 02:15:58 WARN  Could not find semantic tokens for: file:///D:/SFBU/Spring_semester_2026/CS570/Coursera_course/scala-project/src/main/scala/example/scala-practice.sc
2026.01.18 02:15:59 INFO  time: Imported build in 0.14s
2026.01.18 02:15:59 INFO  compiling cs570_87a554ef97 (2 scala sources)
2026.01.18 02:15:59 INFO  11 is not a valid choice for -java-output-version (full report at: "D:\SFBU\Spring_semester_2026\CS570\.metals\.reports\bloop\2026-01-17\r_11 is not a valid ch..._05-54-26-314.md")
2026.01.18 02:15:59 INFO  scalac -help  gives more information
2026.01.18 02:15:59 INFO  time: compiled CS570_87a554ef97 in 77ms
2026.01.18 02:15:59 INFO  compiling cs570_87a554ef97 (2 scala sources)
2026.01.18 02:15:59 INFO  11 is not a valid choice for -java-output-version (full report at: "D:\SFBU\Spring_semester_2026\CS570\.metals\.reports\bloop\2026-01-17\r_11 is not a valid ch..._05-54-26-314.md")
2026.01.18 02:15:59 INFO  scalac -help  gives more information
2026.01.18 02:15:59 INFO  time: compiled CS570_87a554ef97 in 25ms
2026.01.18 02:16:02 INFO  time: indexed workspace in 2.62s
2026.01.18 02:16:03 INFO  compiling cs570_87a554ef97 (2 scala sources)
2026.01.18 02:16:03 INFO  11 is not a valid choice for -java-output-version (full report at: "D:\SFBU\Spring_semester_2026\CS570\.metals\.reports\bloop\2026-01-17\r_11 is not a valid ch..._05-54-26-314.md")
2026.01.18 02:16:03 INFO  scalac -help  gives more information
2026.01.18 02:16:03 INFO  time: compiled CS570_87a554ef97 in 27ms
11 is not a valid choice for -java-output-version
  scalac -help  gives more information
2026.01.18 02:16:04 INFO  Created report: Optional[file:///D:/SFBU/Spring_semester_2026/CS570/.scala-build/CS570_87a554ef97/src_generated/main/Coursera_course/scala-project/src/main/scala/example/scala-practice.sc.scala]
2026.01.18 02:16:04 INFO  dotty.tools.dotc.core.UnpicklingError: Could not read definition class LowPriorityImplicits2 in C:\Users\werka\AppData\Local\Coursier\cache\v1\https\repo1.maven.org\maven2\org\scala-lang\scala-library\3.8.0\scala-library-3.8.0.jar(scala/LowPriorityImplicits2.tasty). Caused by the following exception:
java.lang.AssertionError: assertion failed: `-Xread-docs` enabled, but no `docCtx` is set.

Run with -Ydebug-unpickling to see full stack trace. (full report at: "D:\SFBU\Spring_semester_2026\CS570\.metals\.reports\metals-full\2026-01-18\r_compiler-error_02-16-04-545.md")
11 is not a valid choice for -java-output-version
  scalac -help  gives more information
Jan 18, 2026 2:16:04 AM org.eclipse.lsp4j.jsonrpc.RemoteEndpoint handleCancellation
WARNING: Unmatched cancel notification for request id 223
2026.01.18 02:16:04 INFO  Created report: Optional[file:///D:/SFBU/Spring_semester_2026/CS570/.scala-build/CS570_87a554ef97/src_generated/main/Coursera_course/scala-project/src/main/scala/example/scala-practice.sc.scala]
2026.01.18 02:16:04 INFO  dotty.tools.dotc.core.UnpicklingError: Could not read definition object Ensuring in C:\Users\werka\AppData\Local\Coursier\cache\v1\https\repo1.maven.org\maven2\org\scala-lang\scala-library\3.8.0\scala-library-3.8.0.jar(scala/Predef.tasty). Caused by the following exception:
java.lang.AssertionError: assertion failed: `-Xread-docs` enabled, but no `docCtx` is set.

Run with -Ydebug-unpickling to see full stack trace. (full report at: "D:\SFBU\Spring_semester_2026\CS570\.metals\.reports\metals-full\2026-01-18\r_compiler-error_02-16-04-776.md")
11 is not a valid choice for -java-output-version
  scalac -help  gives more information
2026.01.18 02:16:04 INFO  Created report: Optional[file:///D:/SFBU/Spring_semester_2026/CS570/.scala-build/CS570_87a554ef97/src_generated/main/Coursera_course/scala-project/src/main/scala/example/scala-practice.sc.scala]
2026.01.18 02:16:04 INFO  dotty.tools.dotc.core.UnpicklingError: Could not read definition class LowPriorityImplicits in C:\Users\werka\AppData\Local\Coursier\cache\v1\https\repo1.maven.org\maven2\org\scala-lang\scala-library\3.8.0\scala-library-3.8.0.jar(scala/LowPriorityImplicits.tasty). Caused by the following exception:
java.lang.AssertionError: assertion failed: `-Xread-docs` enabled, but no `docCtx` is set.

Run with -Ydebug-unpickling to see full stack trace. (full report at: "D:\SFBU\Spring_semester_2026\CS570\.metals\.reports\metals-full\2026-01-18\r_compiler-error_02-16-04-963.md")
11 is not a valid choice for -java-output-version
  scalac -help  gives more information
2026.01.18 02:16:04 INFO  Created report: Optional[file:///D:/SFBU/Spring_semester_2026/CS570/.scala-build/CS570_87a554ef97/src_generated/main/Coursera_course/scala-project/src/main/scala/example/scala-practice.sc.scala]
2026.01.18 02:16:04 INFO  dotty.tools.dotc.core.UnpicklingError: Could not read definition class LowPriorityImplicits in C:\Users\werka\AppData\Local\Coursier\cache\v1\https\repo1.maven.org\maven2\org\scala-lang\scala-library\3.8.0\scala-library-3.8.0.jar(scala/LowPriorityImplicits.tasty). Caused by the following exception:
java.lang.AssertionError: assertion failed: `-Xread-docs` enabled, but no `docCtx` is set.

Run with -Ydebug-unpickling to see full stack trace. (full report at: "D:\SFBU\Spring_semester_2026\CS570\.metals\.reports\metals-full\2026-01-18\r_compiler-error_02-16-05-091.md")
11 is not a valid choice for -java-output-version
  scalac -help  gives more information
2026.01.18 02:16:07 INFO  compiling cs570_87a554ef97 (2 scala sources)
2026.01.18 02:16:07 INFO  11 is not a valid choice for -java-output-version (full report at: "D:\SFBU\Spring_semester_2026\CS570\.metals\.reports\bloop\2026-01-17\r_11 is not a valid ch..._05-54-26-314.md")
2026.01.18 02:16:07 INFO  scalac -help  gives more information
2026.01.18 02:16:07 INFO  time: compiled CS570_87a554ef97 in 18ms
11 is not a valid choice for -java-output-version
  scalac -help  gives more information
Jan 18, 2026 2:44:29 AM org.eclipse.lsp4j.jsonrpc.RemoteEndpoint handleCancellation
WARNING: Unmatched cancel notification for request id 273
2026.01.18 02:44:33 INFO  compiling cs570_87a554ef97 (2 scala sources)
2026.01.18 02:44:33 INFO  11 is not a valid choice for -java-output-version (full report at: "D:\SFBU\Spring_semester_2026\CS570\.metals\.reports\bloop\2026-01-17\r_11 is not a valid ch..._05-54-26-314.md")
2026.01.18 02:44:33 INFO  scalac -help  gives more information
2026.01.18 02:44:33 INFO  time: compiled CS570_87a554ef97 in 20ms
11 is not a valid choice for -java-output-version
  scalac -help  gives more information
2026.01.18 02:44:35 INFO  Created report: Optional[file:///D:/SFBU/Spring_semester_2026/CS570/.scala-build/CS570_87a554ef97/src_generated/main/Coursera_course/scala-project/src/main/scala/example/scala-practice.sc.scala]
2026.01.18 02:44:35 INFO  dotty.tools.dotc.core.UnpicklingError: Could not read definition class LowPriorityImplicits in C:\Users\werka\AppData\Local\Coursier\cache\v1\https\repo1.maven.org\maven2\org\scala-lang\scala-library\3.8.0\scala-library-3.8.0.jar(scala/LowPriorityImplicits.tasty). Caused by the following exception:
java.lang.AssertionError: assertion failed: `-Xread-docs` enabled, but no `docCtx` is set.

Run with -Ydebug-unpickling to see full stack trace. (full report at: "D:\SFBU\Spring_semester_2026\CS570\.metals\.reports\metals-full\2026-01-18\r_compiler-error_02-44-35-007.md")
11 is not a valid choice for -java-output-version
  scalac -help  gives more information
2026.01.18 02:44:35 INFO  Created report: Optional[file:///D:/SFBU/Spring_semester_2026/CS570/.scala-build/CS570_87a554ef97/src_generated/main/Coursera_course/scala-project/src/main/scala/example/scala-practice.sc.scala]
2026.01.18 02:44:35 INFO  dotty.tools.dotc.core.UnpicklingError: Could not read definition object Predef in C:\Users\werka\AppData\Local\Coursier\cache\v1\https\repo1.maven.org\maven2\org\scala-lang\scala-library\3.8.0\scala-library-3.8.0.jar(scala/Predef.tasty). Caused by the following exception:
java.lang.AssertionError: assertion failed: `-Xread-docs` enabled, but no `docCtx` is set.

Run with -Ydebug-unpickling to see full stack trace. (full report at: "D:\SFBU\Spring_semester_2026\CS570\.metals\.reports\metals-full\2026-01-18\r_compiler-error_02-44-35-266.md")
11 is not a valid choice for -java-output-version
  scalac -help  gives more information
2026.01.18 02:44:35 INFO  Created report: Optional[file:///D:/SFBU/Spring_semester_2026/CS570/.scala-build/CS570_87a554ef97/src_generated/main/Coursera_course/scala-project/src/main/scala/example/scala-practice.sc.scala]
2026.01.18 02:44:35 INFO  dotty.tools.dotc.core.UnpicklingError: Could not read definition object Predef in C:\Users\werka\AppData\Local\Coursier\cache\v1\https\repo1.maven.org\maven2\org\scala-lang\scala-library\3.8.0\scala-library-3.8.0.jar(scala/Predef.tasty). Caused by the following exception:
java.lang.AssertionError: assertion failed: `-Xread-docs` enabled, but no `docCtx` is set.

Run with -Ydebug-unpickling to see full stack trace. (full report at: "D:\SFBU\Spring_semester_2026\CS570\.metals\.reports\metals-full\2026-01-18\r_compiler-error_02-44-35-552.md")
11 is not a valid choice for -java-output-version
  scalac -help  gives more information
2026.01.18 02:44:36 INFO  Created report: Optional[file:///D:/SFBU/Spring_semester_2026/CS570/.scala-build/CS570_87a554ef97/src_generated/main/Coursera_course/scala-project/src/main/scala/example/scala-practice.sc.scala]
2026.01.18 02:44:36 INFO  dotty.tools.dotc.core.UnpicklingError: Could not read definition object Predef in C:\Users\werka\AppData\Local\Coursier\cache\v1\https\repo1.maven.org\maven2\org\scala-lang\scala-library\3.8.0\scala-library-3.8.0.jar(scala/Predef.tasty). Caused by the following exception:
java.lang.AssertionError: assertion failed: `-Xread-docs` enabled, but no `docCtx` is set.

Run with -Ydebug-unpickling to see full stack trace. (full report at: "D:\SFBU\Spring_semester_2026\CS570\.metals\.reports\metals-full\2026-01-18\r_compiler-error_02-44-36-344.md")
11 is not a valid choice for -java-output-version
  scalac -help  gives more information
2026.01.18 02:44:40 INFO  compiling cs570_87a554ef97 (2 scala sources)
2026.01.18 02:44:40 INFO  11 is not a valid choice for -java-output-version (full report at: "D:\SFBU\Spring_semester_2026\CS570\.metals\.reports\bloop\2026-01-17\r_11 is not a valid ch..._05-54-26-314.md")
2026.01.18 02:44:40 INFO  scalac -help  gives more information
2026.01.18 02:44:40 INFO  time: compiled CS570_87a554ef97 in 19ms
11 is not a valid choice for -java-output-version
  scalac -help  gives more information
2026.01.18 02:44:44 INFO  compiling cs570_87a554ef97 (2 scala sources)
2026.01.18 02:44:44 INFO  11 is not a valid choice for -java-output-version (full report at: "D:\SFBU\Spring_semester_2026\CS570\.metals\.reports\bloop\2026-01-17\r_11 is not a valid ch..._05-54-26-314.md")
2026.01.18 02:44:44 INFO  scalac -help  gives more information
2026.01.18 02:44:44 INFO  time: compiled CS570_87a554ef97 in 16ms
11 is not a valid choice for -java-output-version
  scalac -help  gives more information
2026.01.18 02:44:49 INFO  compiling cs570_87a554ef97 (2 scala sources)
2026.01.18 02:44:49 INFO  11 is not a valid choice for -java-output-version (full report at: "D:\SFBU\Spring_semester_2026\CS570\.metals\.reports\bloop\2026-01-17\r_11 is not a valid ch..._05-54-26-314.md")
2026.01.18 02:44:49 INFO  scalac -help  gives more information
2026.01.18 02:44:49 INFO  time: compiled CS570_87a554ef97 in 19ms
11 is not a valid choice for -java-output-version
  scalac -help  gives more information
2026.01.18 02:44:52 INFO  Created report: Optional[file:///D:/SFBU/Spring_semester_2026/CS570/.scala-build/CS570_87a554ef97/src_generated/main/Coursera_course/scala-project/src/main/scala/example/scala-practice.sc.scala]
2026.01.18 02:44:52 INFO  dotty.tools.dotc.core.UnpicklingError: Could not read definition class LowPriorityImplicits in C:\Users\werka\AppData\Local\Coursier\cache\v1\https\repo1.maven.org\maven2\org\scala-lang\scala-library\3.8.0\scala-library-3.8.0.jar(scala/LowPriorityImplicits.tasty). Caused by the following exception:
java.lang.AssertionError: assertion failed: `-Xread-docs` enabled, but no `docCtx` is set.

Run with -Ydebug-unpickling to see full stack trace. (full report at: "D:\SFBU\Spring_semester_2026\CS570\.metals\.reports\metals-full\2026-01-18\r_compiler-error_02-44-52-214.md")
11 is not a valid choice for -java-output-version
  scalac -help  gives more information
2026.01.18 02:44:52 INFO  Created report: Optional[file:///D:/SFBU/Spring_semester_2026/CS570/.scala-build/CS570_87a554ef97/src_generated/main/Coursera_course/scala-project/src/main/scala/example/scala-practice.sc.scala]
2026.01.18 02:44:52 INFO  dotty.tools.dotc.core.UnpicklingError: Could not read definition object Predef in C:\Users\werka\AppData\Local\Coursier\cache\v1\https\repo1.maven.org\maven2\org\scala-lang\scala-library\3.8.0\scala-library-3.8.0.jar(scala/Predef.tasty). Caused by the following exception:
java.lang.AssertionError: assertion failed: `-Xread-docs` enabled, but no `docCtx` is set.

Run with -Ydebug-unpickling to see full stack trace. (full report at: "D:\SFBU\Spring_semester_2026\CS570\.metals\.reports\metals-full\2026-01-18\r_compiler-error_02-44-52-373.md")
11 is not a valid choice for -java-output-version
  scalac -help  gives more information
2026.01.18 02:44:52 INFO  Created report: Optional[file:///D:/SFBU/Spring_semester_2026/CS570/.scala-build/CS570_87a554ef97/src_generated/main/Coursera_course/scala-project/src/main/scala/example/scala-practice.sc.scala]
2026.01.18 02:44:52 INFO  dotty.tools.dotc.core.UnpicklingError: Could not read definition object Predef in C:\Users\werka\AppData\Local\Coursier\cache\v1\https\repo1.maven.org\maven2\org\scala-lang\scala-library\3.8.0\scala-library-3.8.0.jar(scala/Predef.tasty). Caused by the following exception:
java.lang.AssertionError: assertion failed: `-Xread-docs` enabled, but no `docCtx` is set.

Run with -Ydebug-unpickling to see full stack trace. (full report at: "D:\SFBU\Spring_semester_2026\CS570\.metals\.reports\metals-full\2026-01-18\r_compiler-error_02-44-52-613.md")
2026.01.18 02:45:27 INFO  compiling cs570_87a554ef97 (3 scala sources)
2026.01.18 02:45:27 INFO  11 is not a valid choice for -java-output-version (full report at: "D:\SFBU\Spring_semester_2026\CS570\.metals\.reports\bloop\2026-01-17\r_11 is not a valid ch..._05-54-26-314.md")
2026.01.18 02:45:27 INFO  scalac -help  gives more information
2026.01.18 02:45:27 INFO  time: compiled CS570_87a554ef97 in 21ms
2026.01.18 02:45:27 INFO  compiling cs570_87a554ef97 (3 scala sources)
2026.01.18 02:45:27 INFO  11 is not a valid choice for -java-output-version (full report at: "D:\SFBU\Spring_semester_2026\CS570\.metals\.reports\bloop\2026-01-17\r_11 is not a valid ch..._05-54-26-314.md")
2026.01.18 02:45:27 INFO  scalac -help  gives more information
2026.01.18 02:45:27 INFO  time: compiled CS570_87a554ef97 in 26ms
2026.01.18 02:45:29 INFO  time: indexed workspace in 1.95s
2026.01.18 02:45:29 INFO  Cancelling compilation on scala-cli server
2026.01.18 02:45:30 INFO  compiling cs570_87a554ef97 (2 scala sources)
11 is not a valid choice for -java-output-version
  scalac -help  gives more information
2026.01.18 02:45:30 INFO  11 is not a valid choice for -java-output-version (full report at: "D:\SFBU\Spring_semester_2026\CS570\.metals\.reports\bloop\2026-01-17\r_11 is not a valid ch..._05-54-26-314.md")
2026.01.18 02:45:30 INFO  scalac -help  gives more information
2026.01.18 02:45:30 INFO  time: compiled CS570_87a554ef97 in 19ms
2026.01.18 02:45:30 INFO  compiling cs570_87a554ef97 (2 scala sources)
2026.01.18 02:45:30 INFO  11 is not a valid choice for -java-output-version (full report at: "D:\SFBU\Spring_semester_2026\CS570\.metals\.reports\bloop\2026-01-17\r_11 is not a valid ch..._05-54-26-314.md")
2026.01.18 02:45:30 INFO  scalac -help  gives more information
2026.01.18 02:45:30 INFO  time: compiled CS570_87a554ef97 in 15ms
2026.01.18 02:45:30 INFO  compiling cs570_87a554ef97 (2 scala sources)
2026.01.18 02:45:30 INFO  11 is not a valid choice for -java-output-version (full report at: "D:\SFBU\Spring_semester_2026\CS570\.metals\.reports\bloop\2026-01-17\r_11 is not a valid ch..._05-54-26-314.md")
2026.01.18 02:45:30 INFO  scalac -help  gives more information
2026.01.18 02:45:30 INFO  time: compiled CS570_87a554ef97 in 24ms
11 is not a valid choice for -java-output-version
  scalac -help  gives more information
2026.01.18 02:45:32 INFO  time: indexed workspace in 1.52s
2026.01.18 02:45:33 INFO  compiling cs570_87a554ef97 (2 scala sources)
2026.01.18 02:45:33 INFO  11 is not a valid choice for -java-output-version (full report at: "D:\SFBU\Spring_semester_2026\CS570\.metals\.reports\bloop\2026-01-17\r_11 is not a valid ch..._05-54-26-314.md")
2026.01.18 02:45:33 INFO  scalac -help  gives more information
2026.01.18 02:45:33 INFO  time: compiled CS570_87a554ef97 in 14ms
11 is not a valid choice for -java-output-version
  scalac -help  gives more information
2026.01.18 02:45:54 INFO  compiling cs570_87a554ef97 (3 scala sources)
2026.01.18 02:45:54 INFO  11 is not a valid choice for -java-output-version (full report at: "D:\SFBU\Spring_semester_2026\CS570\.metals\.reports\bloop\2026-01-17\r_11 is not a valid ch..._05-54-26-314.md")
2026.01.18 02:45:54 INFO  scalac -help  gives more information
2026.01.18 02:45:54 INFO  time: compiled CS570_87a554ef97 in 17ms
2026.01.18 02:45:54 INFO  compiling cs570_87a554ef97 (3 scala sources)
2026.01.18 02:45:54 INFO  11 is not a valid choice for -java-output-version (full report at: "D:\SFBU\Spring_semester_2026\CS570\.metals\.reports\bloop\2026-01-17\r_11 is not a valid ch..._05-54-26-314.md")
2026.01.18 02:45:54 INFO  scalac -help  gives more information
2026.01.18 02:45:54 INFO  time: compiled CS570_87a554ef97 in 17ms
2026.01.18 02:45:56 INFO  compiling cs570_87a554ef97 (2 scala sources)
2026.01.18 02:45:56 INFO  11 is not a valid choice for -java-output-version (full report at: "D:\SFBU\Spring_semester_2026\CS570\.metals\.reports\bloop\2026-01-17\r_11 is not a valid ch..._05-54-26-314.md")
2026.01.18 02:45:56 INFO  scalac -help  gives more information
2026.01.18 02:45:56 INFO  time: compiled CS570_87a554ef97 in 17ms
2026.01.18 02:45:56 INFO  compiling cs570_87a554ef97 (2 scala sources)
2026.01.18 02:45:56 INFO  11 is not a valid choice for -java-output-version (full report at: "D:\SFBU\Spring_semester_2026\CS570\.metals\.reports\bloop\2026-01-17\r_11 is not a valid ch..._05-54-26-314.md")
2026.01.18 02:45:56 INFO  scalac -help  gives more information
2026.01.18 02:45:56 INFO  time: compiled CS570_87a554ef97 in 16ms
2026.01.18 02:45:56 INFO  time: indexed workspace in 2.63s
2026.01.18 02:45:58 INFO  compiling cs570_87a554ef97 (2 scala sources)
2026.01.18 02:45:58 INFO  11 is not a valid choice for -java-output-version (full report at: "D:\SFBU\Spring_semester_2026\CS570\.metals\.reports\bloop\2026-01-17\r_11 is not a valid ch..._05-54-26-314.md")
2026.01.18 02:45:58 INFO  scalac -help  gives more information
2026.01.18 02:45:58 INFO  time: compiled CS570_87a554ef97 in 13ms
11 is not a valid choice for -java-output-version
  scalac -help  gives more information
2026.01.18 02:45:58 INFO  time: indexed workspace in 2s
2026.01.18 02:46:00 INFO  compiling cs570_87a554ef97 (2 scala sources)
2026.01.18 02:46:00 INFO  11 is not a valid choice for -java-output-version (full report at: "D:\SFBU\Spring_semester_2026\CS570\.metals\.reports\bloop\2026-01-17\r_11 is not a valid ch..._05-54-26-314.md")
2026.01.18 02:46:00 INFO  scalac -help  gives more information
2026.01.18 02:46:00 INFO  time: compiled CS570_87a554ef97 in 14ms
11 is not a valid choice for -java-output-version
  scalac -help  gives more information
2026.01.18 04:07:03 INFO  Shutting down server
2026.01.18 04:07:03 INFO  shutting down Metals
2026.01.18 04:07:03 INFO  Shut down connection with build server.
2026.01.18 04:07:03 INFO  Exiting server
2026.01.18 04:07:04 WARN  Error requesting Scala script import
org.eclipse.lsp4j.jsonrpc.ResponseErrorException: Request window/showMessageRequest failed with message: Canceled
	at org.eclipse.lsp4j.jsonrpc.RemoteEndpoint.handleResponse(RemoteEndpoint.java:220)
	at org.eclipse.lsp4j.jsonrpc.RemoteEndpoint.consume(RemoteEndpoint.java:204)
	at org.eclipse.lsp4j.jsonrpc.json.StreamMessageProducer.handleMessage(StreamMessageProducer.java:185)
	at org.eclipse.lsp4j.jsonrpc.json.StreamMessageProducer.listen(StreamMessageProducer.java:97)
	at org.eclipse.lsp4j.jsonrpc.json.ConcurrentMessageProcessor.run(ConcurrentMessageProcessor.java:114)
	at java.util.concurrent.Executors$RunnableAdapter.call(Executors.java:539)
	at java.util.concurrent.FutureTask.run(FutureTask.java:264)
	at java.util.concurrent.ThreadPoolExecutor.runWorker(ThreadPoolExecutor.java:1136)
	at java.util.concurrent.ThreadPoolExecutor$Worker.run(ThreadPoolExecutor.java:635)
	at java.lang.Thread.run(Thread.java:840)

